; generated by thermal-assess test generator
; slicer = testgen
; filament_type = PLA
; filament_diameter = 1.75
; nozzle_temperature = 210
; hot_plate_temp = 55
; layer_height = 0.2

M82
M104 S210
M140 S55
G28
G92 E0
G1 Z0.2 F600
;LAYER_CHANGE
;Z:0.200
G1 Z0.200 F600
;TYPE:Outer wall
G1 X50.000 Y50.000 F7200
G1 X55.000 Y50.000 E0.17462 F7200
G1 X60.000 Y50.000 E0.34923 F7200
G1 X65.000 Y50.000 E0.52385 F7200
G1 X70.000 Y50.000 E0.69846 F7200
G1 X75.000 Y50.000 E0.87308 F7200
G1 X80.000 Y50.000 E1.04769 F7200
G1 X85.000 Y50.000 E1.22231 F7200
G1 X90.000 Y50.000 E1.39693 F7200
G1 X95.000 Y50.000 E1.57154 F7200
G1 X100.000 Y50.000 E1.74616 F7200
G1 X105.000 Y50.000 E1.92077 F7200
G1 X110.000 Y50.000 E2.09539 F7200
G1 X115.000 Y50.000 E2.27000 F7200
G1 X120.000 Y50.000 E2.44462 F7200
G1 X125.000 Y50.000 E2.61924 F7200
G1 X130.000 Y50.000 E2.79385 F7200
G1 X135.000 Y50.000 E2.96847 F7200
G1 X140.000 Y50.000 E3.14308 F7200
G1 X145.000 Y50.000 E3.31770 F7200
G1 X150.000 Y50.000 E3.49231 F7200
G1 X155.000 Y50.000 E3.66693 F7200
G1 X160.000 Y50.000 E3.84155 F7200
G1 X165.000 Y50.000 E4.01616 F7200
G1 X170.000 Y50.000 E4.19078 F7200
G1 X170.000 Y55.000 E4.36539 F7200
G1 X170.000 Y60.000 E4.54001 F7200
G1 X170.000 Y65.000 E4.71462 F7200
G1 X170.000 Y70.000 E4.88924 F7200
G1 X170.000 Y75.000 E5.06386 F7200
G1 X170.000 Y80.000 E5.23847 F7200
G1 X170.000 Y85.000 E5.41309 F7200
G1 X170.000 Y90.000 E5.58770 F7200
G1 X170.000 Y95.000 E5.76232 F7200
G1 X170.000 Y100.000 E5.93693 F7200
G1 X170.000 Y105.000 E6.11155 F7200
G1 X170.000 Y110.000 E6.28617 F7200
G1 X170.000 Y115.000 E6.46078 F7200
G1 X170.000 Y120.000 E6.63540 F7200
G1 X170.000 Y125.000 E6.81001 F7200
G1 X170.000 Y130.000 E6.98463 F7200
G1 X170.000 Y135.000 E7.15924 F7200
G1 X170.000 Y140.000 E7.33386 F7200
G1 X170.000 Y145.000 E7.50848 F7200
G1 X170.000 Y150.000 E7.68309 F7200
G1 X170.000 Y155.000 E7.85771 F7200
G1 X170.000 Y160.000 E8.03232 F7200
G1 X170.000 Y165.000 E8.20694 F7200
G1 X170.000 Y170.000 E8.38155 F7200
G1 X165.000 Y170.000 E8.55617 F7200
G1 X160.000 Y170.000 E8.73079 F7200
G1 X155.000 Y170.000 E8.90540 F7200
G1 X150.000 Y170.000 E9.08002 F7200
G1 X145.000 Y170.000 E9.25463 F7200
G1 X140.000 Y170.000 E9.42925 F7200
G1 X135.000 Y170.000 E9.60386 F7200
G1 X130.000 Y170.000 E9.77848 F7200
G1 X125.000 Y170.000 E9.95310 F7200
G1 X120.000 Y170.000 E10.12771 F7200
G1 X115.000 Y170.000 E10.30233 F7200
G1 X110.000 Y170.000 E10.47694 F7200
G1 X105.000 Y170.000 E10.65156 F7200
G1 X100.000 Y170.000 E10.82617 F7200
G1 X95.000 Y170.000 E11.00079 F7200
G1 X90.000 Y170.000 E11.17541 F7200
G1 X85.000 Y170.000 E11.35002 F7200
G1 X80.000 Y170.000 E11.52464 F7200
G1 X75.000 Y170.000 E11.69925 F7200
G1 X70.000 Y170.000 E11.87387 F7200
G1 X65.000 Y170.000 E12.04848 F7200
G1 X60.000 Y170.000 E12.22310 F7200
G1 X55.000 Y170.000 E12.39772 F7200
G1 X50.000 Y170.000 E12.57233 F7200
G1 X50.000 Y165.000 E12.74695 F7200
G1 X50.000 Y160.000 E12.92156 F7200
G1 X50.000 Y155.000 E13.09618 F7200
G1 X50.000 Y150.000 E13.27079 F7200
G1 X50.000 Y145.000 E13.44541 F7200
G1 X50.000 Y140.000 E13.62003 F7200
G1 X50.000 Y135.000 E13.79464 F7200
G1 X50.000 Y130.000 E13.96926 F7200
G1 X50.000 Y125.000 E14.14387 F7200
G1 X50.000 Y120.000 E14.31849 F7200
G1 X50.000 Y115.000 E14.49310 F7200
G1 X50.000 Y110.000 E14.66772 F7200
G1 X50.000 Y105.000 E14.84234 F7200
G1 X50.000 Y100.000 E15.01695 F7200
G1 X50.000 Y95.000 E15.19157 F7200
G1 X50.000 Y90.000 E15.36618 F7200
G1 X50.000 Y85.000 E15.54080 F7200
G1 X50.000 Y80.000 E15.71541 F7200
G1 X50.000 Y75.000 E15.89003 F7200
G1 X50.000 Y70.000 E16.06465 F7200
G1 X50.000 Y65.000 E16.23926 F7200
G1 X50.000 Y60.000 E16.41388 F7200
G1 X50.000 Y55.000 E16.58849 F7200
G1 X50.000 Y50.000 E16.76311 F7200
;TYPE:Sparse infill
G1 X51.000 Y51.000 F12000
G1 X169.000 Y51.000 E20.88404 F15000
G1 X169.000 Y56.000 F12000
G1 X51.000 Y56.000 E25.00497 F15000
G1 X51.000 Y61.000 F12000
G1 X169.000 Y61.000 E29.12590 F15000
G1 X169.000 Y66.000 F12000
G1 X51.000 Y66.000 E33.24683 F15000
G1 X51.000 Y71.000 F12000
G1 X169.000 Y71.000 E37.36776 F15000
G1 X169.000 Y76.000 F12000
G1 X51.000 Y76.000 E41.48869 F15000
G1 X51.000 Y81.000 F12000
G1 X169.000 Y81.000 E45.60962 F15000
G1 X169.000 Y86.000 F12000
G1 X51.000 Y86.000 E49.73055 F15000
G1 X51.000 Y91.000 F12000
G1 X169.000 Y91.000 E53.85148 F15000
G1 X169.000 Y96.000 F12000
G1 X51.000 Y96.000 E57.97242 F15000
G1 X51.000 Y101.000 F12000
G1 X169.000 Y101.000 E62.09335 F15000
G1 X169.000 Y106.000 F12000
G1 X51.000 Y106.000 E66.21428 F15000
G1 X51.000 Y111.000 F12000
G1 X169.000 Y111.000 E70.33521 F15000
G1 X169.000 Y116.000 F12000
G1 X51.000 Y116.000 E74.45614 F15000
G1 X51.000 Y121.000 F12000
G1 X169.000 Y121.000 E78.57707 F15000
G1 X169.000 Y126.000 F12000
G1 X51.000 Y126.000 E82.69800 F15000
G1 X51.000 Y131.000 F12000
G1 X169.000 Y131.000 E86.81893 F15000
G1 X169.000 Y136.000 F12000
G1 X51.000 Y136.000 E90.93986 F15000
G1 X51.000 Y141.000 F12000
G1 X169.000 Y141.000 E95.06079 F15000
G1 X169.000 Y146.000 F12000
G1 X51.000 Y146.000 E99.18172 F15000
G1 X51.000 Y151.000 F12000
G1 X169.000 Y151.000 E103.30265 F15000
G1 X169.000 Y156.000 F12000
G1 X51.000 Y156.000 E107.42358 F15000
G1 X51.000 Y161.000 F12000
G1 X169.000 Y161.000 E111.54451 F15000
G1 X169.000 Y166.000 F12000
G1 X51.000 Y166.000 E115.66545 F15000
;LAYER_CHANGE
;Z:0.400
G1 Z0.400 F600
;TYPE:Outer wall
G1 X50.000 Y50.000 F7200
G1 X55.000 Y50.000 E115.84006 F7200
G1 X60.000 Y50.000 E116.01468 F7200
G1 X65.000 Y50.000 E116.18929 F7200
G1 X70.000 Y50.000 E116.36391 F7200
G1 X75.000 Y50.000 E116.53852 F7200
G1 X80.000 Y50.000 E116.71314 F7200
G1 X85.000 Y50.000 E116.88776 F7200
G1 X90.000 Y50.000 E117.06237 F7200
G1 X95.000 Y50.000 E117.23699 F7200
G1 X100.000 Y50.000 E117.41160 F7200
G1 X105.000 Y50.000 E117.58622 F7200
G1 X110.000 Y50.000 E117.76083 F7200
G1 X115.000 Y50.000 E117.93545 F7200
G1 X120.000 Y50.000 E118.11007 F7200
G1 X125.000 Y50.000 E118.28468 F7200
G1 X130.000 Y50.000 E118.45930 F7200
G1 X135.000 Y50.000 E118.63391 F7200
G1 X140.000 Y50.000 E118.80853 F7200
G1 X145.000 Y50.000 E118.98314 F7200
G1 X150.000 Y50.000 E119.15776 F7200
G1 X155.000 Y50.000 E119.33238 F7200
G1 X160.000 Y50.000 E119.50699 F7200
G1 X165.000 Y50.000 E119.68161 F7200
G1 X170.000 Y50.000 E119.85622 F7200
G1 X170.000 Y55.000 E120.03084 F7200
G1 X170.000 Y60.000 E120.20545 F7200
G1 X170.000 Y65.000 E120.38007 F7200
G1 X170.000 Y70.000 E120.55469 F7200
G1 X170.000 Y75.000 E120.72930 F7200
G1 X170.000 Y80.000 E120.90392 F7200
G1 X170.000 Y85.000 E121.07853 F7200
G1 X170.000 Y90.000 E121.25315 F7200
G1 X170.000 Y95.000 E121.42776 F7200
G1 X170.000 Y100.000 E121.60238 F7200
G1 X170.000 Y105.000 E121.77700 F7200
G1 X170.000 Y110.000 E121.95161 F7200
G1 X170.000 Y115.000 E122.12623 F7200
G1 X170.000 Y120.000 E122.30084 F7200
G1 X170.000 Y125.000 E122.47546 F7200
G1 X170.000 Y130.000 E122.65007 F7200
G1 X170.000 Y135.000 E122.82469 F7200
G1 X170.000 Y140.000 E122.99931 F7200
G1 X170.000 Y145.000 E123.17392 F7200
G1 X170.000 Y150.000 E123.34854 F7200
G1 X170.000 Y155.000 E123.52315 F7200
G1 X170.000 Y160.000 E123.69777 F7200
G1 X170.000 Y165.000 E123.87238 F7200
G1 X170.000 Y170.000 E124.04700 F7200
G1 X165.000 Y170.000 E124.22162 F7200
G1 X160.000 Y170.000 E124.39623 F7200
G1 X155.000 Y170.000 E124.57085 F7200
G1 X150.000 Y170.000 E124.74546 F7200
G1 X145.000 Y170.000 E124.92008 F7200
G1 X140.000 Y170.000 E125.09469 F7200
G1 X135.000 Y170.000 E125.26931 F7200
G1 X130.000 Y170.000 E125.44393 F7200
G1 X125.000 Y170.000 E125.61854 F7200
G1 X120.000 Y170.000 E125.79316 F7200
G1 X115.000 Y170.000 E125.96777 F7200
G1 X110.000 Y170.000 E126.14239 F7200
G1 X105.000 Y170.000 E126.31700 F7200
G1 X100.000 Y170.000 E126.49162 F7200
G1 X95.000 Y170.000 E126.66624 F7200
G1 X90.000 Y170.000 E126.84085 F7200
G1 X85.000 Y170.000 E127.01547 F7200
G1 X80.000 Y170.000 E127.19008 F7200
G1 X75.000 Y170.000 E127.36470 F7200
G1 X70.000 Y170.000 E127.53931 F7200
G1 X65.000 Y170.000 E127.71393 F7200
G1 X60.000 Y170.000 E127.88855 F7200
G1 X55.000 Y170.000 E128.06316 F7200
G1 X50.000 Y170.000 E128.23778 F7200
G1 X50.000 Y165.000 E128.41239 F7200
G1 X50.000 Y160.000 E128.58701 F7200
G1 X50.000 Y155.000 E128.76162 F7200
G1 X50.000 Y150.000 E128.93624 F7200
G1 X50.000 Y145.000 E129.11086 F7200
G1 X50.000 Y140.000 E129.28547 F7200
G1 X50.000 Y135.000 E129.46009 F7200
G1 X50.000 Y130.000 E129.63470 F7200
G1 X50.000 Y125.000 E129.80932 F7200
G1 X50.000 Y120.000 E129.98393 F7200
G1 X50.000 Y115.000 E130.15855 F7200
G1 X50.000 Y110.000 E130.33317 F7200
G1 X50.000 Y105.000 E130.50778 F7200
G1 X50.000 Y100.000 E130.68240 F7200
G1 X50.000 Y95.000 E130.85701 F7200
G1 X50.000 Y90.000 E131.03163 F7200
G1 X50.000 Y85.000 E131.20624 F7200
G1 X50.000 Y80.000 E131.38086 F7200
G1 X50.000 Y75.000 E131.55548 F7200
G1 X50.000 Y70.000 E131.73009 F7200
G1 X50.000 Y65.000 E131.90471 F7200
G1 X50.000 Y60.000 E132.07932 F7200
G1 X50.000 Y55.000 E132.25394 F7200
G1 X50.000 Y50.000 E132.42855 F7200
;TYPE:Sparse infill
G1 X51.000 Y51.000 F12000
G1 X169.000 Y51.000 E136.54948 F15000
G1 X169.000 Y56.000 F12000
G1 X51.000 Y56.000 E140.67042 F15000
G1 X51.000 Y61.000 F12000
G1 X169.000 Y61.000 E144.79135 F15000
G1 X169.000 Y66.000 F12000
G1 X51.000 Y66.000 E148.91228 F15000
G1 X51.000 Y71.000 F12000
G1 X169.000 Y71.000 E153.03321 F15000
G1 X169.000 Y76.000 F12000
G1 X51.000 Y76.000 E157.15414 F15000
G1 X51.000 Y81.000 F12000
G1 X169.000 Y81.000 E161.27507 F15000
G1 X169.000 Y86.000 F12000
G1 X51.000 Y86.000 E165.39600 F15000
G1 X51.000 Y91.000 F12000
G1 X169.000 Y91.000 E169.51693 F15000
G1 X169.000 Y96.000 F12000
G1 X51.000 Y96.000 E173.63786 F15000
G1 X51.000 Y101.000 F12000
G1 X169.000 Y101.000 E177.75879 F15000
G1 X169.000 Y106.000 F12000
G1 X51.000 Y106.000 E181.87972 F15000
G1 X51.000 Y111.000 F12000
G1 X169.000 Y111.000 E186.00065 F15000
G1 X169.000 Y116.000 F12000
G1 X51.000 Y116.000 E190.12158 F15000
G1 X51.000 Y121.000 F12000
G1 X169.000 Y121.000 E194.24251 F15000
G1 X169.000 Y126.000 F12000
G1 X51.000 Y126.000 E198.36345 F15000
G1 X51.000 Y131.000 F12000
G1 X169.000 Y131.000 E202.48438 F15000
G1 X169.000 Y136.000 F12000
G1 X51.000 Y136.000 E206.60531 F15000
G1 X51.000 Y141.000 F12000
G1 X169.000 Y141.000 E210.72624 F15000
G1 X169.000 Y146.000 F12000
G1 X51.000 Y146.000 E214.84717 F15000
G1 X51.000 Y151.000 F12000
G1 X169.000 Y151.000 E218.96810 F15000
G1 X169.000 Y156.000 F12000
G1 X51.000 Y156.000 E223.08903 F15000
G1 X51.000 Y161.000 F12000
G1 X169.000 Y161.000 E227.20996 F15000
G1 X169.000 Y166.000 F12000
G1 X51.000 Y166.000 E231.33089 F15000
;LAYER_CHANGE
;Z:0.600
G1 Z0.600 F600
;TYPE:Outer wall
G1 X50.000 Y50.000 F7200
G1 X55.000 Y50.000 E231.50551 F7200
G1 X60.000 Y50.000 E231.68012 F7200
G1 X65.000 Y50.000 E231.85474 F7200
G1 X70.000 Y50.000 E232.02935 F7200
G1 X75.000 Y50.000 E232.20397 F7200
G1 X80.000 Y50.000 E232.37859 F7200
G1 X85.000 Y50.000 E232.55320 F7200
G1 X90.000 Y50.000 E232.72782 F7200
G1 X95.000 Y50.000 E232.90243 F7200
G1 X100.000 Y50.000 E233.07705 F7200
G1 X105.000 Y50.000 E233.25166 F7200
G1 X110.000 Y50.000 E233.42628 F7200
G1 X115.000 Y50.000 E233.60090 F7200
G1 X120.000 Y50.000 E233.77551 F7200
G1 X125.000 Y50.000 E233.95013 F7200
G1 X130.000 Y50.000 E234.12474 F7200
G1 X135.000 Y50.000 E234.29936 F7200
G1 X140.000 Y50.000 E234.47397 F7200
G1 X145.000 Y50.000 E234.64859 F7200
G1 X150.000 Y50.000 E234.82321 F7200
G1 X155.000 Y50.000 E234.99782 F7200
G1 X160.000 Y50.000 E235.17244 F7200
G1 X165.000 Y50.000 E235.34705 F7200
G1 X170.000 Y50.000 E235.52167 F7200
G1 X170.000 Y55.000 E235.69628 F7200
G1 X170.000 Y60.000 E235.87090 F7200
G1 X170.000 Y65.000 E236.04552 F7200
G1 X170.000 Y70.000 E236.22013 F7200
G1 X170.000 Y75.000 E236.39475 F7200
G1 X170.000 Y80.000 E236.56936 F7200
G1 X170.000 Y85.000 E236.74398 F7200
G1 X170.000 Y90.000 E236.91859 F7200
G1 X170.000 Y95.000 E237.09321 F7200
G1 X170.000 Y100.000 E237.26783 F7200
G1 X170.000 Y105.000 E237.44244 F7200
G1 X170.000 Y110.000 E237.61706 F7200
G1 X170.000 Y115.000 E237.79167 F7200
G1 X170.000 Y120.000 E237.96629 F7200
G1 X170.000 Y125.000 E238.14090 F7200
G1 X170.000 Y130.000 E238.31552 F7200
G1 X170.000 Y135.000 E238.49014 F7200
G1 X170.000 Y140.000 E238.66475 F7200
G1 X170.000 Y145.000 E238.83937 F7200
G1 X170.000 Y150.000 E239.01398 F7200
G1 X170.000 Y155.000 E239.18860 F7200
G1 X170.000 Y160.000 E239.36321 F7200
G1 X170.000 Y165.000 E239.53783 F7200
G1 X170.000 Y170.000 E239.71245 F7200
G1 X165.000 Y170.000 E239.88706 F7200
G1 X160.000 Y170.000 E240.06168 F7200
G1 X155.000 Y170.000 E240.23629 F7200
G1 X150.000 Y170.000 E240.41091 F7200
G1 X145.000 Y170.000 E240.58552 F7200
G1 X140.000 Y170.000 E240.76014 F7200
G1 X135.000 Y170.000 E240.93476 F7200
G1 X130.000 Y170.000 E241.10937 F7200
G1 X125.000 Y170.000 E241.28399 F7200
G1 X120.000 Y170.000 E241.45860 F7200
G1 X115.000 Y170.000 E241.63322 F7200
G1 X110.000 Y170.000 E241.80783 F7200
G1 X105.000 Y170.000 E241.98245 F7200
G1 X100.000 Y170.000 E242.15707 F7200
G1 X95.000 Y170.000 E242.33168 F7200
G1 X90.000 Y170.000 E242.50630 F7200
G1 X85.000 Y170.000 E242.68091 F7200
G1 X80.000 Y170.000 E242.85553 F7200
G1 X75.000 Y170.000 E243.03014 F7200
G1 X70.000 Y170.000 E243.20476 F7200
G1 X65.000 Y170.000 E243.37938 F7200
G1 X60.000 Y170.000 E243.55399 F7200
G1 X55.000 Y170.000 E243.72861 F7200
G1 X50.000 Y170.000 E243.90322 F7200
G1 X50.000 Y165.000 E244.07784 F7200
G1 X50.000 Y160.000 E244.25245 F7200
G1 X50.000 Y155.000 E244.42707 F7200
G1 X50.000 Y150.000 E244.60169 F7200
G1 X50.000 Y145.000 E244.77630 F7200
G1 X50.000 Y140.000 E244.95092 F7200
G1 X50.000 Y135.000 E245.12553 F7200
G1 X50.000 Y130.000 E245.30015 F7200
G1 X50.000 Y125.000 E245.47476 F7200
G1 X50.000 Y120.000 E245.64938 F7200
G1 X50.000 Y115.000 E245.82400 F7200
G1 X50.000 Y110.000 E245.99861 F7200
G1 X50.000 Y105.000 E246.17323 F7200
G1 X50.000 Y100.000 E246.34784 F7200
G1 X50.000 Y95.000 E246.52246 F7200
G1 X50.000 Y90.000 E246.69707 F7200
G1 X50.000 Y85.000 E246.87169 F7200
G1 X50.000 Y80.000 E247.04631 F7200
G1 X50.000 Y75.000 E247.22092 F7200
G1 X50.000 Y70.000 E247.39554 F7200
G1 X50.000 Y65.000 E247.57015 F7200
G1 X50.000 Y60.000 E247.74477 F7200
G1 X50.000 Y55.000 E247.91938 F7200
G1 X50.000 Y50.000 E248.09400 F7200
;TYPE:Sparse infill
G1 X51.000 Y51.000 F12000
G1 X169.000 Y51.000 E252.21493 F15000
G1 X169.000 Y56.000 F12000
G1 X51.000 Y56.000 E256.33586 F15000
G1 X51.000 Y61.000 F12000
G1 X169.000 Y61.000 E260.45679 F15000
G1 X169.000 Y66.000 F12000
G1 X51.000 Y66.000 E264.57772 F15000
G1 X51.000 Y71.000 F12000
G1 X169.000 Y71.000 E268.69865 F15000
G1 X169.000 Y76.000 F12000
G1 X51.000 Y76.000 E272.81958 F15000
G1 X51.000 Y81.000 F12000
G1 X169.000 Y81.000 E276.94051 F15000
G1 X169.000 Y86.000 F12000
G1 X51.000 Y86.000 E281.06145 F15000
G1 X51.000 Y91.000 F12000
G1 X169.000 Y91.000 E285.18238 F15000
G1 X169.000 Y96.000 F12000
G1 X51.000 Y96.000 E289.30331 F15000
G1 X51.000 Y101.000 F12000
G1 X169.000 Y101.000 E293.42424 F15000
G1 X169.000 Y106.000 F12000
G1 X51.000 Y106.000 E297.54517 F15000
G1 X51.000 Y111.000 F12000
G1 X169.000 Y111.000 E301.66610 F15000
G1 X169.000 Y116.000 F12000
G1 X51.000 Y116.000 E305.78703 F15000
G1 X51.000 Y121.000 F12000
G1 X169.000 Y121.000 E309.90796 F15000
G1 X169.000 Y126.000 F12000
G1 X51.000 Y126.000 E314.02889 F15000
G1 X51.000 Y131.000 F12000
G1 X169.000 Y131.000 E318.14982 F15000
G1 X169.000 Y136.000 F12000
G1 X51.000 Y136.000 E322.27075 F15000
G1 X51.000 Y141.000 F12000
G1 X169.000 Y141.000 E326.39168 F15000
G1 X169.000 Y146.000 F12000
G1 X51.000 Y146.000 E330.51261 F15000
G1 X51.000 Y151.000 F12000
G1 X169.000 Y151.000 E334.63354 F15000
G1 X169.000 Y156.000 F12000
G1 X51.000 Y156.000 E338.75448 F15000
G1 X51.000 Y161.000 F12000
G1 X169.000 Y161.000 E342.87541 F15000
G1 X169.000 Y166.000 F12000
G1 X51.000 Y166.000 E346.99634 F15000
;LAYER_CHANGE
;Z:0.800
G1 Z0.800 F600
;TYPE:Outer wall
G1 X50.000 Y50.000 F7200
G1 X55.000 Y50.000 E347.17095 F7200
G1 X60.000 Y50.000 E347.34557 F7200
G1 X65.000 Y50.000 E347.52018 F7200
G1 X70.000 Y50.000 E347.69480 F7200
G1 X75.000 Y50.000 E347.86942 F7200
G1 X80.000 Y50.000 E348.04403 F7200
G1 X85.000 Y50.000 E348.21865 F7200
G1 X90.000 Y50.000 E348.39326 F7200
G1 X95.000 Y50.000 E348.56788 F7200
G1 X100.000 Y50.000 E348.74249 F7200
G1 X105.000 Y50.000 E348.91711 F7200
G1 X110.000 Y50.000 E349.09173 F7200
G1 X115.000 Y50.000 E349.26634 F7200
G1 X120.000 Y50.000 E349.44096 F7200
G1 X125.000 Y50.000 E349.61557 F7200
G1 X130.000 Y50.000 E349.79019 F7200
G1 X135.000 Y50.000 E349.96480 F7200
G1 X140.000 Y50.000 E350.13942 F7200
G1 X145.000 Y50.000 E350.31404 F7200
G1 X150.000 Y50.000 E350.48865 F7200
G1 X155.000 Y50.000 E350.66327 F7200
G1 X160.000 Y50.000 E350.83788 F7200
G1 X165.000 Y50.000 E351.01250 F7200
G1 X170.000 Y50.000 E351.18711 F7200
G1 X170.000 Y55.000 E351.36173 F7200
G1 X170.000 Y60.000 E351.53635 F7200
G1 X170.000 Y65.000 E351.71096 F7200
G1 X170.000 Y70.000 E351.88558 F7200
G1 X170.000 Y75.000 E352.06019 F7200
G1 X170.000 Y80.000 E352.23481 F7200
G1 X170.000 Y85.000 E352.40942 F7200
G1 X170.000 Y90.000 E352.58404 F7200
G1 X170.000 Y95.000 E352.75866 F7200
G1 X170.000 Y100.000 E352.93327 F7200
G1 X170.000 Y105.000 E353.10789 F7200
G1 X170.000 Y110.000 E353.28250 F7200
G1 X170.000 Y115.000 E353.45712 F7200
G1 X170.000 Y120.000 E353.63173 F7200
G1 X170.000 Y125.000 E353.80635 F7200
G1 X170.000 Y130.000 E353.98097 F7200
G1 X170.000 Y135.000 E354.15558 F7200
G1 X170.000 Y140.000 E354.33020 F7200
G1 X170.000 Y145.000 E354.50481 F7200
G1 X170.000 Y150.000 E354.67943 F7200
G1 X170.000 Y155.000 E354.85404 F7200
G1 X170.000 Y160.000 E355.02866 F7200
G1 X170.000 Y165.000 E355.20328 F7200
G1 X170.000 Y170.000 E355.37789 F7200
G1 X165.000 Y170.000 E355.55251 F7200
G1 X160.000 Y170.000 E355.72712 F7200
G1 X155.000 Y170.000 E355.90174 F7200
G1 X150.000 Y170.000 E356.07635 F7200
G1 X145.000 Y170.000 E356.25097 F7200
G1 X140.000 Y170.000 E356.42559 F7200
G1 X135.000 Y170.000 E356.60020 F7200
G1 X130.000 Y170.000 E356.77482 F7200
G1 X125.000 Y170.000 E356.94943 F7200
G1 X120.000 Y170.000 E357.12405 F7200
G1 X115.000 Y170.000 E357.29866 F7200
G1 X110.000 Y170.000 E357.47328 F7200
G1 X105.000 Y170.000 E357.64790 F7200
G1 X100.000 Y170.000 E357.82251 F7200
G1 X95.000 Y170.000 E357.99713 F7200
G1 X90.000 Y170.000 E358.17174 F7200
G1 X85.000 Y170.000 E358.34636 F7200
G1 X80.000 Y170.000 E358.52097 F7200
G1 X75.000 Y170.000 E358.69559 F7200
G1 X70.000 Y170.000 E358.87021 F7200
G1 X65.000 Y170.000 E359.04482 F7200
G1 X60.000 Y170.000 E359.21944 F7200
G1 X55.000 Y170.000 E359.39405 F7200
G1 X50.000 Y170.000 E359.56867 F7200
G1 X50.000 Y165.000 E359.74328 F7200
G1 X50.000 Y160.000 E359.91790 F7200
G1 X50.000 Y155.000 E360.09252 F7200
G1 X50.000 Y150.000 E360.26713 F7200
G1 X50.000 Y145.000 E360.44175 F7200
G1 X50.000 Y140.000 E360.61636 F7200
G1 X50.000 Y135.000 E360.79098 F7200
G1 X50.000 Y130.000 E360.96559 F7200
G1 X50.000 Y125.000 E361.14021 F7200
G1 X50.000 Y120.000 E361.31483 F7200
G1 X50.000 Y115.000 E361.48944 F7200
G1 X50.000 Y110.000 E361.66406 F7200
G1 X50.000 Y105.000 E361.83867 F7200
G1 X50.000 Y100.000 E362.01329 F7200
G1 X50.000 Y95.000 E362.18790 F7200
G1 X50.000 Y90.000 E362.36252 F7200
G1 X50.000 Y85.000 E362.53714 F7200
G1 X50.000 Y80.000 E362.71175 F7200
G1 X50.000 Y75.000 E362.88637 F7200
G1 X50.000 Y70.000 E363.06098 F7200
G1 X50.000 Y65.000 E363.23560 F7200
G1 X50.000 Y60.000 E363.41021 F7200
G1 X50.000 Y55.000 E363.58483 F7200
G1 X50.000 Y50.000 E363.75944 F7200
;TYPE:Sparse infill
G1 X51.000 Y51.000 F12000
G1 X169.000 Y51.000 E367.88038 F15000
G1 X169.000 Y56.000 F12000
G1 X51.000 Y56.000 E372.00131 F15000
G1 X51.000 Y61.000 F12000
G1 X169.000 Y61.000 E376.12224 F15000
G1 X169.000 Y66.000 F12000
G1 X51.000 Y66.000 E380.24317 F15000
G1 X51.000 Y71.000 F12000
G1 X169.000 Y71.000 E384.36410 F15000
G1 X169.000 Y76.000 F12000
G1 X51.000 Y76.000 E388.48503 F15000
G1 X51.000 Y81.000 F12000
G1 X169.000 Y81.000 E392.60596 F15000
G1 X169.000 Y86.000 F12000
G1 X51.000 Y86.000 E396.72689 F15000
G1 X51.000 Y91.000 F12000
G1 X169.000 Y91.000 E400.84782 F15000
G1 X169.000 Y96.000 F12000
G1 X51.000 Y96.000 E404.96875 F15000
G1 X51.000 Y101.000 F12000
G1 X169.000 Y101.000 E409.08968 F15000
G1 X169.000 Y106.000 F12000
G1 X51.000 Y106.000 E413.21061 F15000
G1 X51.000 Y111.000 F12000
G1 X169.000 Y111.000 E417.33154 F15000
G1 X169.000 Y116.000 F12000
G1 X51.000 Y116.000 E421.45248 F15000
G1 X51.000 Y121.000 F12000
G1 X169.000 Y121.000 E425.57341 F15000
G1 X169.000 Y126.000 F12000
G1 X51.000 Y126.000 E429.69434 F15000
G1 X51.000 Y131.000 F12000
G1 X169.000 Y131.000 E433.81527 F15000
G1 X169.000 Y136.000 F12000
G1 X51.000 Y136.000 E437.93620 F15000
G1 X51.000 Y141.000 F12000
G1 X169.000 Y141.000 E442.05713 F15000
G1 X169.000 Y146.000 F12000
G1 X51.000 Y146.000 E446.17806 F15000
G1 X51.000 Y151.000 F12000
G1 X169.000 Y151.000 E450.29899 F15000
G1 X169.000 Y156.000 F12000
G1 X51.000 Y156.000 E454.41992 F15000
G1 X51.000 Y161.000 F12000
G1 X169.000 Y161.000 E458.54085 F15000
G1 X169.000 Y166.000 F12000
G1 X51.000 Y166.000 E462.66178 F15000
;LAYER_CHANGE
;Z:1.000
G1 Z1.000 F600
;TYPE:Outer wall
G1 X50.000 Y50.000 F7200
G1 X55.000 Y50.000 E462.83640 F7200
G1 X60.000 Y50.000 E463.01101 F7200
G1 X65.000 Y50.000 E463.18563 F7200
G1 X70.000 Y50.000 E463.36025 F7200
G1 X75.000 Y50.000 E463.53486 F7200
G1 X80.000 Y50.000 E463.70948 F7200
G1 X85.000 Y50.000 E463.88409 F7200
G1 X90.000 Y50.000 E464.05871 F7200
G1 X95.000 Y50.000 E464.23332 F7200
G1 X100.000 Y50.000 E464.40794 F7200
G1 X105.000 Y50.000 E464.58256 F7200
G1 X110.000 Y50.000 E464.75717 F7200
G1 X115.000 Y50.000 E464.93179 F7200
G1 X120.000 Y50.000 E465.10640 F7200
G1 X125.000 Y50.000 E465.28102 F7200
G1 X130.000 Y50.000 E465.45563 F7200
G1 X135.000 Y50.000 E465.63025 F7200
G1 X140.000 Y50.000 E465.80487 F7200
G1 X145.000 Y50.000 E465.97948 F7200
G1 X150.000 Y50.000 E466.15410 F7200
G1 X155.000 Y50.000 E466.32871 F7200
G1 X160.000 Y50.000 E466.50333 F7200
G1 X165.000 Y50.000 E466.67794 F7200
G1 X170.000 Y50.000 E466.85256 F7200
G1 X170.000 Y55.000 E467.02718 F7200
G1 X170.000 Y60.000 E467.20179 F7200
G1 X170.000 Y65.000 E467.37641 F7200
G1 X170.000 Y70.000 E467.55102 F7200
G1 X170.000 Y75.000 E467.72564 F7200
G1 X170.000 Y80.000 E467.90025 F7200
G1 X170.000 Y85.000 E468.07487 F7200
G1 X170.000 Y90.000 E468.24949 F7200
G1 X170.000 Y95.000 E468.42410 F7200
G1 X170.000 Y100.000 E468.59872 F7200
G1 X170.000 Y105.000 E468.77333 F7200
G1 X170.000 Y110.000 E468.94795 F7200
G1 X170.000 Y115.000 E469.12256 F7200
G1 X170.000 Y120.000 E469.29718 F7200
G1 X170.000 Y125.000 E469.47180 F7200
G1 X170.000 Y130.000 E469.64641 F7200
G1 X170.000 Y135.000 E469.82103 F7200
G1 X170.000 Y140.000 E469.99564 F7200
G1 X170.000 Y145.000 E470.17026 F7200
G1 X170.000 Y150.000 E470.34487 F7200
G1 X170.000 Y155.000 E470.51949 F7200
G1 X170.000 Y160.000 E470.69411 F7200
G1 X170.000 Y165.000 E470.86872 F7200
G1 X170.000 Y170.000 E471.04334 F7200
G1 X165.000 Y170.000 E471.21795 F7200
G1 X160.000 Y170.000 E471.39257 F7200
G1 X155.000 Y170.000 E471.56718 F7200
G1 X150.000 Y170.000 E471.74180 F7200
G1 X145.000 Y170.000 E471.91642 F7200
G1 X140.000 Y170.000 E472.09103 F7200
G1 X135.000 Y170.000 E472.26565 F7200
G1 X130.000 Y170.000 E472.44026 F7200
G1 X125.000 Y170.000 E472.61488 F7200
G1 X120.000 Y170.000 E472.78949 F7200
G1 X115.000 Y170.000 E472.96411 F7200
G1 X110.000 Y170.000 E473.13873 F7200
G1 X105.000 Y170.000 E473.31334 F7200
G1 X100.000 Y170.000 E473.48796 F7200
G1 X95.000 Y170.000 E473.66257 F7200
G1 X90.000 Y170.000 E473.83719 F7200
G1 X85.000 Y170.000 E474.01180 F7200
G1 X80.000 Y170.000 E474.18642 F7200
G1 X75.000 Y170.000 E474.36104 F7200
G1 X70.000 Y170.000 E474.53565 F7200
G1 X65.000 Y170.000 E474.71027 F7200
G1 X60.000 Y170.000 E474.88488 F7200
G1 X55.000 Y170.000 E475.05950 F7200
G1 X50.000 Y170.000 E475.23411 F7200
G1 X50.000 Y165.000 E475.40873 F7200
G1 X50.000 Y160.000 E475.58335 F7200
G1 X50.000 Y155.000 E475.75796 F7200
G1 X50.000 Y150.000 E475.93258 F7200
G1 X50.000 Y145.000 E476.10719 F7200
G1 X50.000 Y140.000 E476.28181 F7200
G1 X50.000 Y135.000 E476.45642 F7200
G1 X50.000 Y130.000 E476.63104 F7200
G1 X50.000 Y125.000 E476.80565 F7200
G1 X50.000 Y120.000 E476.98027 F7200
G1 X50.000 Y115.000 E477.15489 F7200
G1 X50.000 Y110.000 E477.32950 F7200
G1 X50.000 Y105.000 E477.50412 F7200
G1 X50.000 Y100.000 E477.67873 F7200
G1 X50.000 Y95.000 E477.85335 F7200
G1 X50.000 Y90.000 E478.02796 F7200
G1 X50.000 Y85.000 E478.20258 F7200
G1 X50.000 Y80.000 E478.37720 F7200
G1 X50.000 Y75.000 E478.55181 F7200
G1 X50.000 Y70.000 E478.72643 F7200
G1 X50.000 Y65.000 E478.90104 F7200
G1 X50.000 Y60.000 E479.07566 F7200
G1 X50.000 Y55.000 E479.25027 F7200
G1 X50.000 Y50.000 E479.42489 F7200
;TYPE:Sparse infill
G1 X51.000 Y51.000 F12000
G1 X169.000 Y51.000 E483.54582 F15000
G1 X169.000 Y56.000 F12000
G1 X51.000 Y56.000 E487.66675 F15000
G1 X51.000 Y61.000 F12000
G1 X169.000 Y61.000 E491.78768 F15000
G1 X169.000 Y66.000 F12000
G1 X51.000 Y66.000 E495.90861 F15000
G1 X51.000 Y71.000 F12000
G1 X169.000 Y71.000 E500.02954 F15000
G1 X169.000 Y76.000 F12000
G1 X51.000 Y76.000 E504.15048 F15000
G1 X51.000 Y81.000 F12000
G1 X169.000 Y81.000 E508.27141 F15000
G1 X169.000 Y86.000 F12000
G1 X51.000 Y86.000 E512.39234 F15000
G1 X51.000 Y91.000 F12000
G1 X169.000 Y91.000 E516.51327 F15000
G1 X169.000 Y96.000 F12000
G1 X51.000 Y96.000 E520.63420 F15000
G1 X51.000 Y101.000 F12000
G1 X169.000 Y101.000 E524.75513 F15000
G1 X169.000 Y106.000 F12000
G1 X51.000 Y106.000 E528.87606 F15000
G1 X51.000 Y111.000 F12000
G1 X169.000 Y111.000 E532.99699 F15000
G1 X169.000 Y116.000 F12000
G1 X51.000 Y116.000 E537.11792 F15000
G1 X51.000 Y121.000 F12000
G1 X169.000 Y121.000 E541.23885 F15000
G1 X169.000 Y126.000 F12000
G1 X51.000 Y126.000 E545.35978 F15000
G1 X51.000 Y131.000 F12000
G1 X169.000 Y131.000 E549.48071 F15000
G1 X169.000 Y136.000 F12000
G1 X51.000 Y136.000 E553.60164 F15000
G1 X51.000 Y141.000 F12000
G1 X169.000 Y141.000 E557.72257 F15000
G1 X169.000 Y146.000 F12000
G1 X51.000 Y146.000 E561.84351 F15000
G1 X51.000 Y151.000 F12000
G1 X169.000 Y151.000 E565.96444 F15000
G1 X169.000 Y156.000 F12000
G1 X51.000 Y156.000 E570.08537 F15000
G1 X51.000 Y161.000 F12000
G1 X169.000 Y161.000 E574.20630 F15000
G1 X169.000 Y166.000 F12000
G1 X51.000 Y166.000 E578.32723 F15000
;LAYER_CHANGE
;Z:1.200
G1 Z1.200 F600
;TYPE:Outer wall
G1 X50.000 Y50.000 F7200
G1 X55.000 Y50.000 E578.50184 F7200
G1 X60.000 Y50.000 E578.67646 F7200
G1 X65.000 Y50.000 E578.85108 F7200
G1 X70.000 Y50.000 E579.02569 F7200
G1 X75.000 Y50.000 E579.20031 F7200
G1 X80.000 Y50.000 E579.37492 F7200
G1 X85.000 Y50.000 E579.54954 F7200
G1 X90.000 Y50.000 E579.72415 F7200
G1 X95.000 Y50.000 E579.89877 F7200
G1 X100.000 Y50.000 E580.07339 F7200
G1 X105.000 Y50.000 E580.24800 F7200
G1 X110.000 Y50.000 E580.42262 F7200
G1 X115.000 Y50.000 E580.59723 F7200
G1 X120.000 Y50.000 E580.77185 F7200
G1 X125.000 Y50.000 E580.94646 F7200
G1 X130.000 Y50.000 E581.12108 F7200
G1 X135.000 Y50.000 E581.29570 F7200
G1 X140.000 Y50.000 E581.47031 F7200
G1 X145.000 Y50.000 E581.64493 F7200
G1 X150.000 Y50.000 E581.81954 F7200
G1 X155.000 Y50.000 E581.99416 F7200
G1 X160.000 Y50.000 E582.16877 F7200
G1 X165.000 Y50.000 E582.34339 F7200
G1 X170.000 Y50.000 E582.51801 F7200
G1 X170.000 Y55.000 E582.69262 F7200
G1 X170.000 Y60.000 E582.86724 F7200
G1 X170.000 Y65.000 E583.04185 F7200
G1 X170.000 Y70.000 E583.21647 F7200
G1 X170.000 Y75.000 E583.39108 F7200
G1 X170.000 Y80.000 E583.56570 F7200
G1 X170.000 Y85.000 E583.74032 F7200
G1 X170.000 Y90.000 E583.91493 F7200
G1 X170.000 Y95.000 E584.08955 F7200
G1 X170.000 Y100.000 E584.26416 F7200
G1 X170.000 Y105.000 E584.43878 F7200
G1 X170.000 Y110.000 E584.61339 F7200
G1 X170.000 Y115.000 E584.78801 F7200
G1 X170.000 Y120.000 E584.96263 F7200
G1 X170.000 Y125.000 E585.13724 F7200
G1 X170.000 Y130.000 E585.31186 F7200
G1 X170.000 Y135.000 E585.48647 F7200
G1 X170.000 Y140.000 E585.66109 F7200
G1 X170.000 Y145.000 E585.83570 F7200
G1 X170.000 Y150.000 E586.01032 F7200
G1 X170.000 Y155.000 E586.18494 F7200
G1 X170.000 Y160.000 E586.35955 F7200
G1 X170.000 Y165.000 E586.53417 F7200
G1 X170.000 Y170.000 E586.70878 F7200
G1 X165.000 Y170.000 E586.88340 F7200
G1 X160.000 Y170.000 E587.05801 F7200
G1 X155.000 Y170.000 E587.23263 F7200
G1 X150.000 Y170.000 E587.40725 F7200
G1 X145.000 Y170.000 E587.58186 F7200
G1 X140.000 Y170.000 E587.75648 F7200
G1 X135.000 Y170.000 E587.93109 F7200
G1 X130.000 Y170.000 E588.10571 F7200
G1 X125.000 Y170.000 E588.28032 F7200
G1 X120.000 Y170.000 E588.45494 F7200
G1 X115.000 Y170.000 E588.62956 F7200
G1 X110.000 Y170.000 E588.80417 F7200
G1 X105.000 Y170.000 E588.97879 F7200
G1 X100.000 Y170.000 E589.15340 F7200
G1 X95.000 Y170.000 E589.32802 F7200
G1 X90.000 Y170.000 E589.50263 F7200
G1 X85.000 Y170.000 E589.67725 F7200
G1 X80.000 Y170.000 E589.85186 F7200
G1 X75.000 Y170.000 E590.02648 F7200
G1 X70.000 Y170.000 E590.20110 F7200
G1 X65.000 Y170.000 E590.37571 F7200
G1 X60.000 Y170.000 E590.55033 F7200
G1 X55.000 Y170.000 E590.72494 F7200
G1 X50.000 Y170.000 E590.89956 F7200
G1 X50.000 Y165.000 E591.07417 F7200
G1 X50.000 Y160.000 E591.24879 F7200
G1 X50.000 Y155.000 E591.42341 F7200
G1 X50.000 Y150.000 E591.59802 F7200
G1 X50.000 Y145.000 E591.77264 F7200
G1 X50.000 Y140.000 E591.94725 F7200
G1 X50.000 Y135.000 E592.12187 F7200
G1 X50.000 Y130.000 E592.29648 F7200
G1 X50.000 Y125.000 E592.47110 F7200
G1 X50.000 Y120.000 E592.64572 F7200
G1 X50.000 Y115.000 E592.82033 F7200
G1 X50.000 Y110.000 E592.99495 F7200
G1 X50.000 Y105.000 E593.16956 F7200
G1 X50.000 Y100.000 E593.34418 F7200
G1 X50.000 Y95.000 E593.51879 F7200
G1 X50.000 Y90.000 E593.69341 F7200
G1 X50.000 Y85.000 E593.86803 F7200
G1 X50.000 Y80.000 E594.04264 F7200
G1 X50.000 Y75.000 E594.21726 F7200
G1 X50.000 Y70.000 E594.39187 F7200
G1 X50.000 Y65.000 E594.56649 F7200
G1 X50.000 Y60.000 E594.74110 F7200
G1 X50.000 Y55.000 E594.91572 F7200
G1 X50.000 Y50.000 E595.09034 F7200
;TYPE:Sparse infill
G1 X51.000 Y51.000 F12000
G1 X169.000 Y51.000 E599.21127 F15000
G1 X169.000 Y56.000 F12000
G1 X51.000 Y56.000 E603.33220 F15000
G1 X51.000 Y61.000 F12000
G1 X169.000 Y61.000 E607.45313 F15000
G1 X169.000 Y66.000 F12000
G1 X51.000 Y66.000 E611.57406 F15000
G1 X51.000 Y71.000 F12000
G1 X169.000 Y71.000 E615.69499 F15000
G1 X169.000 Y76.000 F12000
G1 X51.000 Y76.000 E619.81592 F15000
G1 X51.000 Y81.000 F12000
G1 X169.000 Y81.000 E623.93685 F15000
G1 X169.000 Y86.000 F12000
G1 X51.000 Y86.000 E628.05778 F15000
G1 X51.000 Y91.000 F12000
G1 X169.000 Y91.000 E632.17871 F15000
G1 X169.000 Y96.000 F12000
G1 X51.000 Y96.000 E636.29964 F15000
G1 X51.000 Y101.000 F12000
G1 X169.000 Y101.000 E640.42057 F15000
G1 X169.000 Y106.000 F12000
G1 X51.000 Y106.000 E644.54151 F15000
G1 X51.000 Y111.000 F12000
G1 X169.000 Y111.000 E648.66244 F15000
G1 X169.000 Y116.000 F12000
G1 X51.000 Y116.000 E652.78337 F15000
G1 X51.000 Y121.000 F12000
G1 X169.000 Y121.000 E656.90430 F15000
G1 X169.000 Y126.000 F12000
G1 X51.000 Y126.000 E661.02523 F15000
G1 X51.000 Y131.000 F12000
G1 X169.000 Y131.000 E665.14616 F15000
G1 X169.000 Y136.000 F12000
G1 X51.000 Y136.000 E669.26709 F15000
G1 X51.000 Y141.000 F12000
G1 X169.000 Y141.000 E673.38802 F15000
G1 X169.000 Y146.000 F12000
G1 X51.000 Y146.000 E677.50895 F15000
G1 X51.000 Y151.000 F12000
G1 X169.000 Y151.000 E681.62988 F15000
G1 X169.000 Y156.000 F12000
G1 X51.000 Y156.000 E685.75081 F15000
G1 X51.000 Y161.000 F12000
G1 X169.000 Y161.000 E689.87174 F15000
G1 X169.000 Y166.000 F12000
G1 X51.000 Y166.000 E693.99267 F15000
;LAYER_CHANGE
;Z:1.400
G1 Z1.400 F600
;TYPE:Outer wall
G1 X50.000 Y50.000 F7200
G1 X55.000 Y50.000 E694.16729 F7200
G1 X60.000 Y50.000 E694.34191 F7200
G1 X65.000 Y50.000 E694.51652 F7200
G1 X70.000 Y50.000 E694.69114 F7200
G1 X75.000 Y50.000 E694.86575 F7200
G1 X80.000 Y50.000 E695.04037 F7200
G1 X85.000 Y50.000 E695.21498 F7200
G1 X90.000 Y50.000 E695.38960 F7200
G1 X95.000 Y50.000 E695.56422 F7200
G1 X100.000 Y50.000 E695.73883 F7200
G1 X105.000 Y50.000 E695.91345 F7200
G1 X110.000 Y50.000 E696.08806 F7200
G1 X115.000 Y50.000 E696.26268 F7200
G1 X120.000 Y50.000 E696.43729 F7200
G1 X125.000 Y50.000 E696.61191 F7200
G1 X130.000 Y50.000 E696.78653 F7200
G1 X135.000 Y50.000 E696.96114 F7200
G1 X140.000 Y50.000 E697.13576 F7200
G1 X145.000 Y50.000 E697.31037 F7200
G1 X150.000 Y50.000 E697.48499 F7200
G1 X155.000 Y50.000 E697.65960 F7200
G1 X160.000 Y50.000 E697.83422 F7200
G1 X165.000 Y50.000 E698.00884 F7200
G1 X170.000 Y50.000 E698.18345 F7200
G1 X170.000 Y55.000 E698.35807 F7200
G1 X170.000 Y60.000 E698.53268 F7200
G1 X170.000 Y65.000 E698.70730 F7200
G1 X170.000 Y70.000 E698.88191 F7200
G1 X170.000 Y75.000 E699.05653 F7200
G1 X170.000 Y80.000 E699.23115 F7200
G1 X170.000 Y85.000 E699.40576 F7200
G1 X170.000 Y90.000 E699.58038 F7200
G1 X170.000 Y95.000 E699.75499 F7200
G1 X170.000 Y100.000 E699.92961 F7200
G1 X170.000 Y105.000 E700.10422 F7200
G1 X170.000 Y110.000 E700.27884 F7200
G1 X170.000 Y115.000 E700.45346 F7200
G1 X170.000 Y120.000 E700.62807 F7200
G1 X170.000 Y125.000 E700.80269 F7200
G1 X170.000 Y130.000 E700.97730 F7200
G1 X170.000 Y135.000 E701.15192 F7200
G1 X170.000 Y140.000 E701.32653 F7200
G1 X170.000 Y145.000 E701.50115 F7200
G1 X170.000 Y150.000 E701.67577 F7200
G1 X170.000 Y155.000 E701.85038 F7200
G1 X170.000 Y160.000 E702.02500 F7200
G1 X170.000 Y165.000 E702.19961 F7200
G1 X170.000 Y170.000 E702.37423 F7200
G1 X165.000 Y170.000 E702.54884 F7200
G1 X160.000 Y170.000 E702.72346 F7200
G1 X155.000 Y170.000 E702.89807 F7200
G1 X150.000 Y170.000 E703.07269 F7200
G1 X145.000 Y170.000 E703.24731 F7200
G1 X140.000 Y170.000 E703.42192 F7200
G1 X135.000 Y170.000 E703.59654 F7200
G1 X130.000 Y170.000 E703.77115 F7200
G1 X125.000 Y170.000 E703.94577 F7200
G1 X120.000 Y170.000 E704.12038 F7200
G1 X115.000 Y170.000 E704.29500 F7200
G1 X110.000 Y170.000 E704.46962 F7200
G1 X105.000 Y170.000 E704.64423 F7200
G1 X100.000 Y170.000 E704.81885 F7200
G1 X95.000 Y170.000 E704.99346 F7200
G1 X90.000 Y170.000 E705.16808 F7200
G1 X85.000 Y170.000 E705.34269 F7200
G1 X80.000 Y170.000 E705.51731 F7200
G1 X75.000 Y170.000 E705.69193 F7200
G1 X70.000 Y170.000 E705.86654 F7200
G1 X65.000 Y170.000 E706.04116 F7200
G1 X60.000 Y170.000 E706.21577 F7200
G1 X55.000 Y170.000 E706.39039 F7200
G1 X50.000 Y170.000 E706.56500 F7200
G1 X50.000 Y165.000 E706.73962 F7200
G1 X50.000 Y160.000 E706.91424 F7200
G1 X50.000 Y155.000 E707.08885 F7200
G1 X50.000 Y150.000 E707.26347 F7200
G1 X50.000 Y145.000 E707.43808 F7200
G1 X50.000 Y140.000 E707.61270 F7200
G1 X50.000 Y135.000 E707.78731 F7200
G1 X50.000 Y130.000 E707.96193 F7200
G1 X50.000 Y125.000 E708.13655 F7200
G1 X50.000 Y120.000 E708.31116 F7200
G1 X50.000 Y115.000 E708.48578 F7200
G1 X50.000 Y110.000 E708.66039 F7200
G1 X50.000 Y105.000 E708.83501 F7200
G1 X50.000 Y100.000 E709.00962 F7200
G1 X50.000 Y95.000 E709.18424 F7200
G1 X50.000 Y90.000 E709.35886 F7200
G1 X50.000 Y85.000 E709.53347 F7200
G1 X50.000 Y80.000 E709.70809 F7200
G1 X50.000 Y75.000 E709.88270 F7200
G1 X50.000 Y70.000 E710.05732 F7200
G1 X50.000 Y65.000 E710.23193 F7200
G1 X50.000 Y60.000 E710.40655 F7200
G1 X50.000 Y55.000 E710.58117 F7200
G1 X50.000 Y50.000 E710.75578 F7200
;TYPE:Sparse infill
G1 X51.000 Y51.000 F12000
G1 X169.000 Y51.000 E714.87671 F15000
G1 X169.000 Y56.000 F12000
G1 X51.000 Y56.000 E718.99764 F15000
G1 X51.000 Y61.000 F12000
G1 X169.000 Y61.000 E723.11857 F15000
G1 X169.000 Y66.000 F12000
G1 X51.000 Y66.000 E727.23950 F15000
G1 X51.000 Y71.000 F12000
G1 X169.000 Y71.000 E731.36044 F15000
G1 X169.000 Y76.000 F12000
G1 X51.000 Y76.000 E735.48137 F15000
G1 X51.000 Y81.000 F12000
G1 X169.000 Y81.000 E739.60230 F15000
G1 X169.000 Y86.000 F12000
G1 X51.000 Y86.000 E743.72323 F15000
G1 X51.000 Y91.000 F12000
G1 X169.000 Y91.000 E747.84416 F15000
G1 X169.000 Y96.000 F12000
G1 X51.000 Y96.000 E751.96509 F15000
G1 X51.000 Y101.000 F12000
G1 X169.000 Y101.000 E756.08602 F15000
G1 X169.000 Y106.000 F12000
G1 X51.000 Y106.000 E760.20695 F15000
G1 X51.000 Y111.000 F12000
G1 X169.000 Y111.000 E764.32788 F15000
G1 X169.000 Y116.000 F12000
G1 X51.000 Y116.000 E768.44881 F15000
G1 X51.000 Y121.000 F12000
G1 X169.000 Y121.000 E772.56974 F15000
G1 X169.000 Y126.000 F12000
G1 X51.000 Y126.000 E776.69067 F15000
G1 X51.000 Y131.000 F12000
G1 X169.000 Y131.000 E780.81160 F15000
G1 X169.000 Y136.000 F12000
G1 X51.000 Y136.000 E784.93254 F15000
G1 X51.000 Y141.000 F12000
G1 X169.000 Y141.000 E789.05347 F15000
G1 X169.000 Y146.000 F12000
G1 X51.000 Y146.000 E793.17440 F15000
G1 X51.000 Y151.000 F12000
G1 X169.000 Y151.000 E797.29533 F15000
G1 X169.000 Y156.000 F12000
G1 X51.000 Y156.000 E801.41626 F15000
G1 X51.000 Y161.000 F12000
G1 X169.000 Y161.000 E805.53719 F15000
G1 X169.000 Y166.000 F12000
G1 X51.000 Y166.000 E809.65812 F15000
;LAYER_CHANGE
;Z:1.600
G1 Z1.600 F600
;TYPE:Outer wall
G1 X50.000 Y50.000 F7200
G1 X55.000 Y50.000 E809.83274 F7200
G1 X60.000 Y50.000 E810.00735 F7200
G1 X65.000 Y50.000 E810.18197 F7200
G1 X70.000 Y50.000 E810.35658 F7200
G1 X75.000 Y50.000 E810.53120 F7200
G1 X80.000 Y50.000 E810.70581 F7200
G1 X85.000 Y50.000 E810.88043 F7200
G1 X90.000 Y50.000 E811.05505 F7200
G1 X95.000 Y50.000 E811.22966 F7200
G1 X100.000 Y50.000 E811.40428 F7200
G1 X105.000 Y50.000 E811.57889 F7200
G1 X110.000 Y50.000 E811.75351 F7200
G1 X115.000 Y50.000 E811.92812 F7200
G1 X120.000 Y50.000 E812.10274 F7200
G1 X125.000 Y50.000 E812.27736 F7200
G1 X130.000 Y50.000 E812.45197 F7200
G1 X135.000 Y50.000 E812.62659 F7200
G1 X140.000 Y50.000 E812.80120 F7200
G1 X145.000 Y50.000 E812.97582 F7200
G1 X150.000 Y50.000 E813.15043 F7200
G1 X155.000 Y50.000 E813.32505 F7200
G1 X160.000 Y50.000 E813.49967 F7200
G1 X165.000 Y50.000 E813.67428 F7200
G1 X170.000 Y50.000 E813.84890 F7200
G1 X170.000 Y55.000 E814.02351 F7200
G1 X170.000 Y60.000 E814.19813 F7200
G1 X170.000 Y65.000 E814.37274 F7200
G1 X170.000 Y70.000 E814.54736 F7200
G1 X170.000 Y75.000 E814.72198 F7200
G1 X170.000 Y80.000 E814.89659 F7200
G1 X170.000 Y85.000 E815.07121 F7200
G1 X170.000 Y90.000 E815.24582 F7200
G1 X170.000 Y95.000 E815.42044 F7200
G1 X170.000 Y100.000 E815.59505 F7200
G1 X170.000 Y105.000 E815.76967 F7200
G1 X170.000 Y110.000 E815.94428 F7200
G1 X170.000 Y115.000 E816.11890 F7200
G1 X170.000 Y120.000 E816.29352 F7200
G1 X170.000 Y125.000 E816.46813 F7200
G1 X170.000 Y130.000 E816.64275 F7200
G1 X170.000 Y135.000 E816.81736 F7200
G1 X170.000 Y140.000 E816.99198 F7200
G1 X170.000 Y145.000 E817.16659 F7200
G1 X170.000 Y150.000 E817.34121 F7200
G1 X170.000 Y155.000 E817.51583 F7200
G1 X170.000 Y160.000 E817.69044 F7200
G1 X170.000 Y165.000 E817.86506 F7200
G1 X170.000 Y170.000 E818.03967 F7200
G1 X165.000 Y170.000 E818.21429 F7200
G1 X160.000 Y170.000 E818.38890 F7200
G1 X155.000 Y170.000 E818.56352 F7200
G1 X150.000 Y170.000 E818.73814 F7200
G1 X145.000 Y170.000 E818.91275 F7200
G1 X140.000 Y170.000 E819.08737 F7200
G1 X135.000 Y170.000 E819.26198 F7200
G1 X130.000 Y170.000 E819.43660 F7200
G1 X125.000 Y170.000 E819.61121 F7200
G1 X120.000 Y170.000 E819.78583 F7200
G1 X115.000 Y170.000 E819.96045 F7200
G1 X110.000 Y170.000 E820.13506 F7200
G1 X105.000 Y170.000 E820.30968 F7200
G1 X100.000 Y170.000 E820.48429 F7200
G1 X95.000 Y170.000 E820.65891 F7200
G1 X90.000 Y170.000 E820.83352 F7200
G1 X85.000 Y170.000 E821.00814 F7200
G1 X80.000 Y170.000 E821.18276 F7200
G1 X75.000 Y170.000 E821.35737 F7200
G1 X70.000 Y170.000 E821.53199 F7200
G1 X65.000 Y170.000 E821.70660 F7200
G1 X60.000 Y170.000 E821.88122 F7200
G1 X55.000 Y170.000 E822.05583 F7200
G1 X50.000 Y170.000 E822.23045 F7200
G1 X50.000 Y165.000 E822.40507 F7200
G1 X50.000 Y160.000 E822.57968 F7200
G1 X50.000 Y155.000 E822.75430 F7200
G1 X50.000 Y150.000 E822.92891 F7200
G1 X50.000 Y145.000 E823.10353 F7200
G1 X50.000 Y140.000 E823.27814 F7200
G1 X50.000 Y135.000 E823.45276 F7200
G1 X50.000 Y130.000 E823.62738 F7200
G1 X50.000 Y125.000 E823.80199 F7200
G1 X50.000 Y120.000 E823.97661 F7200
G1 X50.000 Y115.000 E824.15122 F7200
G1 X50.000 Y110.000 E824.32584 F7200
G1 X50.000 Y105.000 E824.50045 F7200
G1 X50.000 Y100.000 E824.67507 F7200
G1 X50.000 Y95.000 E824.84969 F7200
G1 X50.000 Y90.000 E825.02430 F7200
G1 X50.000 Y85.000 E825.19892 F7200
G1 X50.000 Y80.000 E825.37353 F7200
G1 X50.000 Y75.000 E825.54815 F7200
G1 X50.000 Y70.000 E825.72276 F7200
G1 X50.000 Y65.000 E825.89738 F7200
G1 X50.000 Y60.000 E826.07200 F7200
G1 X50.000 Y55.000 E826.24661 F7200
G1 X50.000 Y50.000 E826.42123 F7200
;TYPE:Sparse infill
G1 X51.000 Y51.000 F12000
G1 X169.000 Y51.000 E830.54216 F15000
G1 X169.000 Y56.000 F12000
G1 X51.000 Y56.000 E834.66309 F15000
G1 X51.000 Y61.000 F12000
G1 X169.000 Y61.000 E838.78402 F15000
G1 X169.000 Y66.000 F12000
G1 X51.000 Y66.000 E842.90495 F15000
G1 X51.000 Y71.000 F12000
G1 X169.000 Y71.000 E847.02588 F15000
G1 X169.000 Y76.000 F12000
G1 X51.000 Y76.000 E851.14681 F15000
G1 X51.000 Y81.000 F12000
G1 X169.000 Y81.000 E855.26774 F15000
G1 X169.000 Y86.000 F12000
G1 X51.000 Y86.000 E859.38867 F15000
G1 X51.000 Y91.000 F12000
G1 X169.000 Y91.000 E863.50960 F15000
G1 X169.000 Y96.000 F12000
G1 X51.000 Y96.000 E867.63053 F15000
G1 X51.000 Y101.000 F12000
G1 X169.000 Y101.000 E871.75147 F15000
G1 X169.000 Y106.000 F12000
G1 X51.000 Y106.000 E875.87240 F15000
G1 X51.000 Y111.000 F12000
G1 X169.000 Y111.000 E879.99333 F15000
G1 X169.000 Y116.000 F12000
G1 X51.000 Y116.000 E884.11426 F15000
G1 X51.000 Y121.000 F12000
G1 X169.000 Y121.000 E888.23519 F15000
G1 X169.000 Y126.000 F12000
G1 X51.000 Y126.000 E892.35612 F15000
G1 X51.000 Y131.000 F12000
G1 X169.000 Y131.000 E896.47705 F15000
G1 X169.000 Y136.000 F12000
G1 X51.000 Y136.000 E900.59798 F15000
G1 X51.000 Y141.000 F12000
G1 X169.000 Y141.000 E904.71891 F15000
G1 X169.000 Y146.000 F12000
G1 X51.000 Y146.000 E908.83984 F15000
G1 X51.000 Y151.000 F12000
G1 X169.000 Y151.000 E912.96077 F15000
G1 X169.000 Y156.000 F12000
G1 X51.000 Y156.000 E917.08170 F15000
G1 X51.000 Y161.000 F12000
G1 X169.000 Y161.000 E921.20263 F15000
G1 X169.000 Y166.000 F12000
G1 X51.000 Y166.000 E925.32357 F15000
;LAYER_CHANGE
;Z:1.800
G1 Z1.800 F600
;TYPE:Outer wall
G1 X50.000 Y50.000 F7200
G1 X55.000 Y50.000 E925.49818 F7200
G1 X60.000 Y50.000 E925.67280 F7200
G1 X65.000 Y50.000 E925.84741 F7200
G1 X70.000 Y50.000 E926.02203 F7200
G1 X75.000 Y50.000 E926.19664 F7200
G1 X80.000 Y50.000 E926.37126 F7200
G1 X85.000 Y50.000 E926.54588 F7200
G1 X90.000 Y50.000 E926.72049 F7200
G1 X95.000 Y50.000 E926.89511 F7200
G1 X100.000 Y50.000 E927.06972 F7200
G1 X105.000 Y50.000 E927.24434 F7200
G1 X110.000 Y50.000 E927.41895 F7200
G1 X115.000 Y50.000 E927.59357 F7200
G1 X120.000 Y50.000 E927.76819 F7200
G1 X125.000 Y50.000 E927.94280 F7200
G1 X130.000 Y50.000 E928.11742 F7200
G1 X135.000 Y50.000 E928.29203 F7200
G1 X140.000 Y50.000 E928.46665 F7200
G1 X145.000 Y50.000 E928.64126 F7200
G1 X150.000 Y50.000 E928.81588 F7200
G1 X155.000 Y50.000 E928.99049 F7200
G1 X160.000 Y50.000 E929.16511 F7200
G1 X165.000 Y50.000 E929.33973 F7200
G1 X170.000 Y50.000 E929.51434 F7200
G1 X170.000 Y55.000 E929.68896 F7200
G1 X170.000 Y60.000 E929.86357 F7200
G1 X170.000 Y65.000 E930.03819 F7200
G1 X170.000 Y70.000 E930.21280 F7200
G1 X170.000 Y75.000 E930.38742 F7200
G1 X170.000 Y80.000 E930.56204 F7200
G1 X170.000 Y85.000 E930.73665 F7200
G1 X170.000 Y90.000 E930.91127 F7200
G1 X170.000 Y95.000 E931.08588 F7200
G1 X170.000 Y100.000 E931.26050 F7200
G1 X170.000 Y105.000 E931.43511 F7200
G1 X170.000 Y110.000 E931.60973 F7200
G1 X170.000 Y115.000 E931.78435 F7200
G1 X170.000 Y120.000 E931.95896 F7200
G1 X170.000 Y125.000 E932.13358 F7200
G1 X170.000 Y130.000 E932.30819 F7200
G1 X170.000 Y135.000 E932.48281 F7200
G1 X170.000 Y140.000 E932.65742 F7200
G1 X170.000 Y145.000 E932.83204 F7200
G1 X170.000 Y150.000 E933.00666 F7200
G1 X170.000 Y155.000 E933.18127 F7200
G1 X170.000 Y160.000 E933.35589 F7200
G1 X170.000 Y165.000 E933.53050 F7200
G1 X170.000 Y170.000 E933.70512 F7200
G1 X165.000 Y170.000 E933.87973 F7200
G1 X160.000 Y170.000 E934.05435 F7200
G1 X155.000 Y170.000 E934.22897 F7200
G1 X150.000 Y170.000 E934.40358 F7200
G1 X145.000 Y170.000 E934.57820 F7200
G1 X140.000 Y170.000 E934.75281 F7200
G1 X135.000 Y170.000 E934.92743 F7200
G1 X130.000 Y170.000 E935.10204 F7200
G1 X125.000 Y170.000 E935.27666 F7200
G1 X120.000 Y170.000 E935.45128 F7200
G1 X115.000 Y170.000 E935.62589 F7200
G1 X110.000 Y170.000 E935.80051 F7200
G1 X105.000 Y170.000 E935.97512 F7200
G1 X100.000 Y170.000 E936.14974 F7200
G1 X95.000 Y170.000 E936.32435 F7200
G1 X90.000 Y170.000 E936.49897 F7200
G1 X85.000 Y170.000 E936.67359 F7200
G1 X80.000 Y170.000 E936.84820 F7200
G1 X75.000 Y170.000 E937.02282 F7200
G1 X70.000 Y170.000 E937.19743 F7200
G1 X65.000 Y170.000 E937.37205 F7200
G1 X60.000 Y170.000 E937.54666 F7200
G1 X55.000 Y170.000 E937.72128 F7200
G1 X50.000 Y170.000 E937.89590 F7200
G1 X50.000 Y165.000 E938.07051 F7200
G1 X50.000 Y160.000 E938.24513 F7200
G1 X50.000 Y155.000 E938.41974 F7200
G1 X50.000 Y150.000 E938.59436 F7200
G1 X50.000 Y145.000 E938.76897 F7200
G1 X50.000 Y140.000 E938.94359 F7200
G1 X50.000 Y135.000 E939.11821 F7200
G1 X50.000 Y130.000 E939.29282 F7200
G1 X50.000 Y125.000 E939.46744 F7200
G1 X50.000 Y120.000 E939.64205 F7200
G1 X50.000 Y115.000 E939.81667 F7200
G1 X50.000 Y110.000 E939.99128 F7200
G1 X50.000 Y105.000 E940.16590 F7200
G1 X50.000 Y100.000 E940.34052 F7200
G1 X50.000 Y95.000 E940.51513 F7200
G1 X50.000 Y90.000 E940.68975 F7200
G1 X50.000 Y85.000 E940.86436 F7200
G1 X50.000 Y80.000 E941.03898 F7200
G1 X50.000 Y75.000 E941.21359 F7200
G1 X50.000 Y70.000 E941.38821 F7200
G1 X50.000 Y65.000 E941.56283 F7200
G1 X50.000 Y60.000 E941.73744 F7200
G1 X50.000 Y55.000 E941.91206 F7200
G1 X50.000 Y50.000 E942.08667 F7200
;TYPE:Sparse infill
G1 X51.000 Y51.000 F12000
G1 X169.000 Y51.000 E946.20760 F15000
G1 X169.000 Y56.000 F12000
G1 X51.000 Y56.000 E950.32853 F15000
G1 X51.000 Y61.000 F12000
G1 X169.000 Y61.000 E954.44947 F15000
G1 X169.000 Y66.000 F12000
G1 X51.000 Y66.000 E958.57040 F15000
G1 X51.000 Y71.000 F12000
G1 X169.000 Y71.000 E962.69133 F15000
G1 X169.000 Y76.000 F12000
G1 X51.000 Y76.000 E966.81226 F15000
G1 X51.000 Y81.000 F12000
G1 X169.000 Y81.000 E970.93319 F15000
G1 X169.000 Y86.000 F12000
G1 X51.000 Y86.000 E975.05412 F15000
G1 X51.000 Y91.000 F12000
G1 X169.000 Y91.000 E979.17505 F15000
G1 X169.000 Y96.000 F12000
G1 X51.000 Y96.000 E983.29598 F15000
G1 X51.000 Y101.000 F12000
G1 X169.000 Y101.000 E987.41691 F15000
G1 X169.000 Y106.000 F12000
G1 X51.000 Y106.000 E991.53784 F15000
G1 X51.000 Y111.000 F12000
G1 X169.000 Y111.000 E995.65877 F15000
G1 X169.000 Y116.000 F12000
G1 X51.000 Y116.000 E999.77970 F15000
G1 X51.000 Y121.000 F12000
G1 X169.000 Y121.000 E1003.90063 F15000
G1 X169.000 Y126.000 F12000
G1 X51.000 Y126.000 E1008.02156 F15000
G1 X51.000 Y131.000 F12000
G1 X169.000 Y131.000 E1012.14250 F15000
G1 X169.000 Y136.000 F12000
G1 X51.000 Y136.000 E1016.26343 F15000
G1 X51.000 Y141.000 F12000
G1 X169.000 Y141.000 E1020.38436 F15000
G1 X169.000 Y146.000 F12000
G1 X51.000 Y146.000 E1024.50529 F15000
G1 X51.000 Y151.000 F12000
G1 X169.000 Y151.000 E1028.62622 F15000
G1 X169.000 Y156.000 F12000
G1 X51.000 Y156.000 E1032.74715 F15000
G1 X51.000 Y161.000 F12000
G1 X169.000 Y161.000 E1036.86808 F15000
G1 X169.000 Y166.000 F12000
G1 X51.000 Y166.000 E1040.98901 F15000
;LAYER_CHANGE
;Z:2.000
G1 Z2.000 F600
;TYPE:Outer wall
G1 X50.000 Y50.000 F7200
G1 X55.000 Y50.000 E1041.16363 F7200
G1 X60.000 Y50.000 E1041.33824 F7200
G1 X65.000 Y50.000 E1041.51286 F7200
G1 X70.000 Y50.000 E1041.68747 F7200
G1 X75.000 Y50.000 E1041.86209 F7200
G1 X80.000 Y50.000 E1042.03670 F7200
G1 X85.000 Y50.000 E1042.21132 F7200
G1 X90.000 Y50.000 E1042.38594 F7200
G1 X95.000 Y50.000 E1042.56055 F7200
G1 X100.000 Y50.000 E1042.73517 F7200
G1 X105.000 Y50.000 E1042.90978 F7200
G1 X110.000 Y50.000 E1043.08440 F7200
G1 X115.000 Y50.000 E1043.25901 F7200
G1 X120.000 Y50.000 E1043.43363 F7200
G1 X125.000 Y50.000 E1043.60825 F7200
G1 X130.000 Y50.000 E1043.78286 F7200
G1 X135.000 Y50.000 E1043.95748 F7200
G1 X140.000 Y50.000 E1044.13209 F7200
G1 X145.000 Y50.000 E1044.30671 F7200
G1 X150.000 Y50.000 E1044.48132 F7200
G1 X155.000 Y50.000 E1044.65594 F7200
G1 X160.000 Y50.000 E1044.83056 F7200
G1 X165.000 Y50.000 E1045.00517 F7200
G1 X170.000 Y50.000 E1045.17979 F7200
G1 X170.000 Y55.000 E1045.35440 F7200
G1 X170.000 Y60.000 E1045.52902 F7200
G1 X170.000 Y65.000 E1045.70363 F7200
G1 X170.000 Y70.000 E1045.87825 F7200
G1 X170.000 Y75.000 E1046.05287 F7200
G1 X170.000 Y80.000 E1046.22748 F7200
G1 X170.000 Y85.000 E1046.40210 F7200
G1 X170.000 Y90.000 E1046.57671 F7200
G1 X170.000 Y95.000 E1046.75133 F7200
G1 X170.000 Y100.000 E1046.92594 F7200
G1 X170.000 Y105.000 E1047.10056 F7200
G1 X170.000 Y110.000 E1047.27518 F7200
G1 X170.000 Y115.000 E1047.44979 F7200
G1 X170.000 Y120.000 E1047.62441 F7200
G1 X170.000 Y125.000 E1047.79902 F7200
G1 X170.000 Y130.000 E1047.97364 F7200
G1 X170.000 Y135.000 E1048.14825 F7200
G1 X170.000 Y140.000 E1048.32287 F7200
G1 X170.000 Y145.000 E1048.49749 F7200
G1 X170.000 Y150.000 E1048.67210 F7200
G1 X170.000 Y155.000 E1048.84672 F7200
G1 X170.000 Y160.000 E1049.02133 F7200
G1 X170.000 Y165.000 E1049.19595 F7200
G1 X170.000 Y170.000 E1049.37056 F7200
G1 X165.000 Y170.000 E1049.54518 F7200
G1 X160.000 Y170.000 E1049.71980 F7200
G1 X155.000 Y170.000 E1049.89441 F7200
G1 X150.000 Y170.000 E1050.06903 F7200
G1 X145.000 Y170.000 E1050.24364 F7200
G1 X140.000 Y170.000 E1050.41826 F7200
G1 X135.000 Y170.000 E1050.59287 F7200
G1 X130.000 Y170.000 E1050.76749 F7200
G1 X125.000 Y170.000 E1050.94211 F7200
G1 X120.000 Y170.000 E1051.11672 F7200
G1 X115.000 Y170.000 E1051.29134 F7200
G1 X110.000 Y170.000 E1051.46595 F7200
G1 X105.000 Y170.000 E1051.64057 F7200
G1 X100.000 Y170.000 E1051.81518 F7200
G1 X95.000 Y170.000 E1051.98980 F7200
G1 X90.000 Y170.000 E1052.16442 F7200
G1 X85.000 Y170.000 E1052.33903 F7200
G1 X80.000 Y170.000 E1052.51365 F7200
G1 X75.000 Y170.000 E1052.68826 F7200
G1 X70.000 Y170.000 E1052.86288 F7200
G1 X65.000 Y170.000 E1053.03749 F7200
G1 X60.000 Y170.000 E1053.21211 F7200
G1 X55.000 Y170.000 E1053.38673 F7200
G1 X50.000 Y170.000 E1053.56134 F7200
G1 X50.000 Y165.000 E1053.73596 F7200
G1 X50.000 Y160.000 E1053.91057 F7200
G1 X50.000 Y155.000 E1054.08519 F7200
G1 X50.000 Y150.000 E1054.25980 F7200
G1 X50.000 Y145.000 E1054.43442 F7200
G1 X50.000 Y140.000 E1054.60904 F7200
G1 X50.000 Y135.000 E1054.78365 F7200
G1 X50.000 Y130.000 E1054.95827 F7200
G1 X50.000 Y125.000 E1055.13288 F7200
G1 X50.000 Y120.000 E1055.30750 F7200
G1 X50.000 Y115.000 E1055.48211 F7200
G1 X50.000 Y110.000 E1055.65673 F7200
G1 X50.000 Y105.000 E1055.83135 F7200
G1 X50.000 Y100.000 E1056.00596 F7200
G1 X50.000 Y95.000 E1056.18058 F7200
G1 X50.000 Y90.000 E1056.35519 F7200
G1 X50.000 Y85.000 E1056.52981 F7200
G1 X50.000 Y80.000 E1056.70442 F7200
G1 X50.000 Y75.000 E1056.87904 F7200
G1 X50.000 Y70.000 E1057.05366 F7200
G1 X50.000 Y65.000 E1057.22827 F7200
G1 X50.000 Y60.000 E1057.40289 F7200
G1 X50.000 Y55.000 E1057.57750 F7200
G1 X50.000 Y50.000 E1057.75212 F7200
;TYPE:Sparse infill
G1 X51.000 Y51.000 F12000
G1 X169.000 Y51.000 E1061.87305 F15000
G1 X169.000 Y56.000 F12000
G1 X51.000 Y56.000 E1065.99398 F15000
G1 X51.000 Y61.000 F12000
G1 X169.000 Y61.000 E1070.11491 F15000
G1 X169.000 Y66.000 F12000
G1 X51.000 Y66.000 E1074.23584 F15000
G1 X51.000 Y71.000 F12000
G1 X169.000 Y71.000 E1078.35677 F15000
G1 X169.000 Y76.000 F12000
G1 X51.000 Y76.000 E1082.47770 F15000
G1 X51.000 Y81.000 F12000
G1 X169.000 Y81.000 E1086.59863 F15000
G1 X169.000 Y86.000 F12000
G1 X51.000 Y86.000 E1090.71956 F15000
G1 X51.000 Y91.000 F12000
G1 X169.000 Y91.000 E1094.84050 F15000
G1 X169.000 Y96.000 F12000
G1 X51.000 Y96.000 E1098.96143 F15000
G1 X51.000 Y101.000 F12000
G1 X169.000 Y101.000 E1103.08236 F15000
G1 X169.000 Y106.000 F12000
G1 X51.000 Y106.000 E1107.20329 F15000
G1 X51.000 Y111.000 F12000
G1 X169.000 Y111.000 E1111.32422 F15000
G1 X169.000 Y116.000 F12000
G1 X51.000 Y116.000 E1115.44515 F15000
G1 X51.000 Y121.000 F12000
G1 X169.000 Y121.000 E1119.56608 F15000
G1 X169.000 Y126.000 F12000
G1 X51.000 Y126.000 E1123.68701 F15000
G1 X51.000 Y131.000 F12000
G1 X169.000 Y131.000 E1127.80794 F15000
G1 X169.000 Y136.000 F12000
G1 X51.000 Y136.000 E1131.92887 F15000
G1 X51.000 Y141.000 F12000
G1 X169.000 Y141.000 E1136.04980 F15000
G1 X169.000 Y146.000 F12000
G1 X51.000 Y146.000 E1140.17073 F15000
G1 X51.000 Y151.000 F12000
G1 X169.000 Y151.000 E1144.29166 F15000
G1 X169.000 Y156.000 F12000
G1 X51.000 Y156.000 E1148.41259 F15000
G1 X51.000 Y161.000 F12000
G1 X169.000 Y161.000 E1152.53353 F15000
G1 X169.000 Y166.000 F12000
G1 X51.000 Y166.000 E1156.65446 F15000
;LAYER_CHANGE
;Z:2.200
G1 Z2.200 F600
;TYPE:Outer wall
G1 X50.000 Y50.000 F7200
G1 X55.000 Y50.000 E1156.82907 F7200
G1 X60.000 Y50.000 E1157.00369 F7200
G1 X65.000 Y50.000 E1157.17830 F7200
G1 X70.000 Y50.000 E1157.35292 F7200
G1 X75.000 Y50.000 E1157.52753 F7200
G1 X80.000 Y50.000 E1157.70215 F7200
G1 X85.000 Y50.000 E1157.87677 F7200
G1 X90.000 Y50.000 E1158.05138 F7200
G1 X95.000 Y50.000 E1158.22600 F7200
G1 X100.000 Y50.000 E1158.40061 F7200
G1 X105.000 Y50.000 E1158.57523 F7200
G1 X110.000 Y50.000 E1158.74984 F7200
G1 X115.000 Y50.000 E1158.92446 F7200
G1 X120.000 Y50.000 E1159.09908 F7200
G1 X125.000 Y50.000 E1159.27369 F7200
G1 X130.000 Y50.000 E1159.44831 F7200
G1 X135.000 Y50.000 E1159.62292 F7200
G1 X140.000 Y50.000 E1159.79754 F7200
G1 X145.000 Y50.000 E1159.97215 F7200
G1 X150.000 Y50.000 E1160.14677 F7200
G1 X155.000 Y50.000 E1160.32139 F7200
G1 X160.000 Y50.000 E1160.49600 F7200
G1 X165.000 Y50.000 E1160.67062 F7200
G1 X170.000 Y50.000 E1160.84523 F7200
G1 X170.000 Y55.000 E1161.01985 F7200
G1 X170.000 Y60.000 E1161.19446 F7200
G1 X170.000 Y65.000 E1161.36908 F7200
G1 X170.000 Y70.000 E1161.54370 F7200
G1 X170.000 Y75.000 E1161.71831 F7200
G1 X170.000 Y80.000 E1161.89293 F7200
G1 X170.000 Y85.000 E1162.06754 F7200
G1 X170.000 Y90.000 E1162.24216 F7200
G1 X170.000 Y95.000 E1162.41677 F7200
G1 X170.000 Y100.000 E1162.59139 F7200
G1 X170.000 Y105.000 E1162.76601 F7200
G1 X170.000 Y110.000 E1162.94062 F7200
G1 X170.000 Y115.000 E1163.11524 F7200
G1 X170.000 Y120.000 E1163.28985 F7200
G1 X170.000 Y125.000 E1163.46447 F7200
G1 X170.000 Y130.000 E1163.63908 F7200
G1 X170.000 Y135.000 E1163.81370 F7200
G1 X170.000 Y140.000 E1163.98832 F7200
G1 X170.000 Y145.000 E1164.16293 F7200
G1 X170.000 Y150.000 E1164.33755 F7200
G1 X170.000 Y155.000 E1164.51216 F7200
G1 X170.000 Y160.000 E1164.68678 F7200
G1 X170.000 Y165.000 E1164.86139 F7200
G1 X170.000 Y170.000 E1165.03601 F7200
G1 X165.000 Y170.000 E1165.21063 F7200
G1 X160.000 Y170.000 E1165.38524 F7200
G1 X155.000 Y170.000 E1165.55986 F7200
G1 X150.000 Y170.000 E1165.73447 F7200
G1 X145.000 Y170.000 E1165.90909 F7200
G1 X140.000 Y170.000 E1166.08370 F7200
G1 X135.000 Y170.000 E1166.25832 F7200
G1 X130.000 Y170.000 E1166.43294 F7200
G1 X125.000 Y170.000 E1166.60755 F7200
G1 X120.000 Y170.000 E1166.78217 F7200
G1 X115.000 Y170.000 E1166.95678 F7200
G1 X110.000 Y170.000 E1167.13140 F7200
G1 X105.000 Y170.000 E1167.30601 F7200
G1 X100.000 Y170.000 E1167.48063 F7200
G1 X95.000 Y170.000 E1167.65525 F7200
G1 X90.000 Y170.000 E1167.82986 F7200
G1 X85.000 Y170.000 E1168.00448 F7200
G1 X80.000 Y170.000 E1168.17909 F7200
G1 X75.000 Y170.000 E1168.35371 F7200
G1 X70.000 Y170.000 E1168.52832 F7200
G1 X65.000 Y170.000 E1168.70294 F7200
G1 X60.000 Y170.000 E1168.87756 F7200
G1 X55.000 Y170.000 E1169.05217 F7200
G1 X50.000 Y170.000 E1169.22679 F7200
G1 X50.000 Y165.000 E1169.40140 F7200
G1 X50.000 Y160.000 E1169.57602 F7200
G1 X50.000 Y155.000 E1169.75063 F7200
G1 X50.000 Y150.000 E1169.92525 F7200
G1 X50.000 Y145.000 E1170.09987 F7200
G1 X50.000 Y140.000 E1170.27448 F7200
G1 X50.000 Y135.000 E1170.44910 F7200
G1 X50.000 Y130.000 E1170.62371 F7200
G1 X50.000 Y125.000 E1170.79833 F7200
G1 X50.000 Y120.000 E1170.97294 F7200
G1 X50.000 Y115.000 E1171.14756 F7200
G1 X50.000 Y110.000 E1171.32218 F7200
G1 X50.000 Y105.000 E1171.49679 F7200
G1 X50.000 Y100.000 E1171.67141 F7200
G1 X50.000 Y95.000 E1171.84602 F7200
G1 X50.000 Y90.000 E1172.02064 F7200
G1 X50.000 Y85.000 E1172.19525 F7200
G1 X50.000 Y80.000 E1172.36987 F7200
G1 X50.000 Y75.000 E1172.54449 F7200
G1 X50.000 Y70.000 E1172.71910 F7200
G1 X50.000 Y65.000 E1172.89372 F7200
G1 X50.000 Y60.000 E1173.06833 F7200
G1 X50.000 Y55.000 E1173.24295 F7200
G1 X50.000 Y50.000 E1173.41756 F7200
;TYPE:Sparse infill
G1 X51.000 Y51.000 F12000
G1 X169.000 Y51.000 E1177.53850 F15000
G1 X169.000 Y56.000 F12000
G1 X51.000 Y56.000 E1181.65943 F15000
G1 X51.000 Y61.000 F12000
G1 X169.000 Y61.000 E1185.78036 F15000
G1 X169.000 Y66.000 F12000
G1 X51.000 Y66.000 E1189.90129 F15000
G1 X51.000 Y71.000 F12000
G1 X169.000 Y71.000 E1194.02222 F15000
G1 X169.000 Y76.000 F12000
G1 X51.000 Y76.000 E1198.14315 F15000
G1 X51.000 Y81.000 F12000
G1 X169.000 Y81.000 E1202.26408 F15000
G1 X169.000 Y86.000 F12000
G1 X51.000 Y86.000 E1206.38501 F15000
G1 X51.000 Y91.000 F12000
G1 X169.000 Y91.000 E1210.50594 F15000
G1 X169.000 Y96.000 F12000
G1 X51.000 Y96.000 E1214.62687 F15000
G1 X51.000 Y101.000 F12000
G1 X169.000 Y101.000 E1218.74780 F15000
G1 X169.000 Y106.000 F12000
G1 X51.000 Y106.000 E1222.86873 F15000
G1 X51.000 Y111.000 F12000
G1 X169.000 Y111.000 E1226.98966 F15000
G1 X169.000 Y116.000 F12000
G1 X51.000 Y116.000 E1231.11059 F15000
G1 X51.000 Y121.000 F12000
G1 X169.000 Y121.000 E1235.23153 F15000
G1 X169.000 Y126.000 F12000
G1 X51.000 Y126.000 E1239.35246 F15000
G1 X51.000 Y131.000 F12000
G1 X169.000 Y131.000 E1243.47339 F15000
G1 X169.000 Y136.000 F12000
G1 X51.000 Y136.000 E1247.59432 F15000
G1 X51.000 Y141.000 F12000
G1 X169.000 Y141.000 E1251.71525 F15000
G1 X169.000 Y146.000 F12000
G1 X51.000 Y146.000 E1255.83618 F15000
G1 X51.000 Y151.000 F12000
G1 X169.000 Y151.000 E1259.95711 F15000
G1 X169.000 Y156.000 F12000
G1 X51.000 Y156.000 E1264.07804 F15000
G1 X51.000 Y161.000 F12000
G1 X169.000 Y161.000 E1268.19897 F15000
G1 X169.000 Y166.000 F12000
G1 X51.000 Y166.000 E1272.31990 F15000
;LAYER_CHANGE
;Z:2.400
G1 Z2.400 F600
;TYPE:Outer wall
G1 X50.000 Y50.000 F7200
G1 X55.000 Y50.000 E1272.49452 F7200
G1 X60.000 Y50.000 E1272.66913 F7200
G1 X65.000 Y50.000 E1272.84375 F7200
G1 X70.000 Y50.000 E1273.01836 F7200
G1 X75.000 Y50.000 E1273.19298 F7200
G1 X80.000 Y50.000 E1273.36760 F7200
G1 X85.000 Y50.000 E1273.54221 F7200
G1 X90.000 Y50.000 E1273.71683 F7200
G1 X95.000 Y50.000 E1273.89144 F7200
G1 X100.000 Y50.000 E1274.06606 F7200
G1 X105.000 Y50.000 E1274.24067 F7200
G1 X110.000 Y50.000 E1274.41529 F7200
G1 X115.000 Y50.000 E1274.58991 F7200
G1 X120.000 Y50.000 E1274.76452 F7200
G1 X125.000 Y50.000 E1274.93914 F7200
G1 X130.000 Y50.000 E1275.11375 F7200
G1 X135.000 Y50.000 E1275.28837 F7200
G1 X140.000 Y50.000 E1275.46298 F7200
G1 X145.000 Y50.000 E1275.63760 F7200
G1 X150.000 Y50.000 E1275.81222 F7200
G1 X155.000 Y50.000 E1275.98683 F7200
G1 X160.000 Y50.000 E1276.16145 F7200
G1 X165.000 Y50.000 E1276.33606 F7200
G1 X170.000 Y50.000 E1276.51068 F7200
G1 X170.000 Y55.000 E1276.68529 F7200
G1 X170.000 Y60.000 E1276.85991 F7200
G1 X170.000 Y65.000 E1277.03453 F7200
G1 X170.000 Y70.000 E1277.20914 F7200
G1 X170.000 Y75.000 E1277.38376 F7200
G1 X170.000 Y80.000 E1277.55837 F7200
G1 X170.000 Y85.000 E1277.73299 F7200
G1 X170.000 Y90.000 E1277.90760 F7200
G1 X170.000 Y95.000 E1278.08222 F7200
G1 X170.000 Y100.000 E1278.25684 F7200
G1 X170.000 Y105.000 E1278.43145 F7200
G1 X170.000 Y110.000 E1278.60607 F7200
G1 X170.000 Y115.000 E1278.78068 F7200
G1 X170.000 Y120.000 E1278.95530 F7200
G1 X170.000 Y125.000 E1279.12991 F7200
G1 X170.000 Y130.000 E1279.30453 F7200
G1 X170.000 Y135.000 E1279.47915 F7200
G1 X170.000 Y140.000 E1279.65376 F7200
G1 X170.000 Y145.000 E1279.82838 F7200
G1 X170.000 Y150.000 E1280.00299 F7200
G1 X170.000 Y155.000 E1280.17761 F7200
G1 X170.000 Y160.000 E1280.35222 F7200
G1 X170.000 Y165.000 E1280.52684 F7200
G1 X170.000 Y170.000 E1280.70146 F7200
G1 X165.000 Y170.000 E1280.87607 F7200
G1 X160.000 Y170.000 E1281.05069 F7200
G1 X155.000 Y170.000 E1281.22530 F7200
G1 X150.000 Y170.000 E1281.39992 F7200
G1 X145.000 Y170.000 E1281.57453 F7200
G1 X140.000 Y170.000 E1281.74915 F7200
G1 X135.000 Y170.000 E1281.92377 F7200
G1 X130.000 Y170.000 E1282.09838 F7200
G1 X125.000 Y170.000 E1282.27300 F7200
G1 X120.000 Y170.000 E1282.44761 F7200
G1 X115.000 Y170.000 E1282.62223 F7200
G1 X110.000 Y170.000 E1282.79684 F7200
G1 X105.000 Y170.000 E1282.97146 F7200
G1 X100.000 Y170.000 E1283.14608 F7200
G1 X95.000 Y170.000 E1283.32069 F7200
G1 X90.000 Y170.000 E1283.49531 F7200
G1 X85.000 Y170.000 E1283.66992 F7200
G1 X80.000 Y170.000 E1283.84454 F7200
G1 X75.000 Y170.000 E1284.01915 F7200
G1 X70.000 Y170.000 E1284.19377 F7200
G1 X65.000 Y170.000 E1284.36839 F7200
G1 X60.000 Y170.000 E1284.54300 F7200
G1 X55.000 Y170.000 E1284.71762 F7200
G1 X50.000 Y170.000 E1284.89223 F7200
G1 X50.000 Y165.000 E1285.06685 F7200
G1 X50.000 Y160.000 E1285.24146 F7200
G1 X50.000 Y155.000 E1285.41608 F7200
G1 X50.000 Y150.000 E1285.59070 F7200
G1 X50.000 Y145.000 E1285.76531 F7200
G1 X50.000 Y140.000 E1285.93993 F7200
G1 X50.000 Y135.000 E1286.11454 F7200
G1 X50.000 Y130.000 E1286.28916 F7200
G1 X50.000 Y125.000 E1286.46377 F7200
G1 X50.000 Y120.000 E1286.63839 F7200
G1 X50.000 Y115.000 E1286.81301 F7200
G1 X50.000 Y110.000 E1286.98762 F7200
G1 X50.000 Y105.000 E1287.16224 F7200
G1 X50.000 Y100.000 E1287.33685 F7200
G1 X50.000 Y95.000 E1287.51147 F7200
G1 X50.000 Y90.000 E1287.68608 F7200
G1 X50.000 Y85.000 E1287.86070 F7200
G1 X50.000 Y80.000 E1288.03532 F7200
G1 X50.000 Y75.000 E1288.20993 F7200
G1 X50.000 Y70.000 E1288.38455 F7200
G1 X50.000 Y65.000 E1288.55916 F7200
G1 X50.000 Y60.000 E1288.73378 F7200
G1 X50.000 Y55.000 E1288.90839 F7200
G1 X50.000 Y50.000 E1289.08301 F7200
;TYPE:Sparse infill
G1 X51.000 Y51.000 F12000
G1 X169.000 Y51.000 E1293.20394 F15000
G1 X169.000 Y56.000 F12000
G1 X51.000 Y56.000 E1297.32487 F15000
G1 X51.000 Y61.000 F12000
G1 X169.000 Y61.000 E1301.44580 F15000
G1 X169.000 Y66.000 F12000
G1 X51.000 Y66.000 E1305.56673 F15000
G1 X51.000 Y71.000 F12000
G1 X169.000 Y71.000 E1309.68766 F15000
G1 X169.000 Y76.000 F12000
G1 X51.000 Y76.000 E1313.80859 F15000
G1 X51.000 Y81.000 F12000
G1 X169.000 Y81.000 E1317.92953 F15000
G1 X169.000 Y86.000 F12000
G1 X51.000 Y86.000 E1322.05046 F15000
G1 X51.000 Y91.000 F12000
G1 X169.000 Y91.000 E1326.17139 F15000
G1 X169.000 Y96.000 F12000
G1 X51.000 Y96.000 E1330.29232 F15000
G1 X51.000 Y101.000 F12000
G1 X169.000 Y101.000 E1334.41325 F15000
G1 X169.000 Y106.000 F12000
G1 X51.000 Y106.000 E1338.53418 F15000
G1 X51.000 Y111.000 F12000
G1 X169.000 Y111.000 E1342.65511 F15000
G1 X169.000 Y116.000 F12000
G1 X51.000 Y116.000 E1346.77604 F15000
G1 X51.000 Y121.000 F12000
G1 X169.000 Y121.000 E1350.89697 F15000
G1 X169.000 Y126.000 F12000
G1 X51.000 Y126.000 E1355.01790 F15000
G1 X51.000 Y131.000 F12000
G1 X169.000 Y131.000 E1359.13883 F15000
G1 X169.000 Y136.000 F12000
G1 X51.000 Y136.000 E1363.25976 F15000
G1 X51.000 Y141.000 F12000
G1 X169.000 Y141.000 E1367.38069 F15000
G1 X169.000 Y146.000 F12000
G1 X51.000 Y146.000 E1371.50162 F15000
G1 X51.000 Y151.000 F12000
G1 X169.000 Y151.000 E1375.62256 F15000
G1 X169.000 Y156.000 F12000
G1 X51.000 Y156.000 E1379.74349 F15000
G1 X51.000 Y161.000 F12000
G1 X169.000 Y161.000 E1383.86442 F15000
G1 X169.000 Y166.000 F12000
G1 X51.000 Y166.000 E1387.98535 F15000
;LAYER_CHANGE
;Z:2.600
G1 Z2.600 F600
;TYPE:Outer wall
G1 X50.000 Y50.000 F7200
G1 X55.000 Y50.000 E1388.15996 F7200
G1 X60.000 Y50.000 E1388.33458 F7200
G1 X65.000 Y50.000 E1388.50919 F7200
G1 X70.000 Y50.000 E1388.68381 F7200
G1 X75.000 Y50.000 E1388.85843 F7200
G1 X80.000 Y50.000 E1389.03304 F7200
G1 X85.000 Y50.000 E1389.20766 F7200
G1 X90.000 Y50.000 E1389.38227 F7200
G1 X95.000 Y50.000 E1389.55689 F7200
G1 X100.000 Y50.000 E1389.73150 F7200
G1 X105.000 Y50.000 E1389.90612 F7200
G1 X110.000 Y50.000 E1390.08074 F7200
G1 X115.000 Y50.000 E1390.25535 F7200
G1 X120.000 Y50.000 E1390.42997 F7200
G1 X125.000 Y50.000 E1390.60458 F7200
G1 X130.000 Y50.000 E1390.77920 F7200
G1 X135.000 Y50.000 E1390.95381 F7200
G1 X140.000 Y50.000 E1391.12843 F7200
G1 X145.000 Y50.000 E1391.30305 F7200
G1 X150.000 Y50.000 E1391.47766 F7200
G1 X155.000 Y50.000 E1391.65228 F7200
G1 X160.000 Y50.000 E1391.82689 F7200
G1 X165.000 Y50.000 E1392.00151 F7200
G1 X170.000 Y50.000 E1392.17612 F7200
G1 X170.000 Y55.000 E1392.35074 F7200
G1 X170.000 Y60.000 E1392.52536 F7200
G1 X170.000 Y65.000 E1392.69997 F7200
G1 X170.000 Y70.000 E1392.87459 F7200
G1 X170.000 Y75.000 E1393.04920 F7200
G1 X170.000 Y80.000 E1393.22382 F7200
G1 X170.000 Y85.000 E1393.39843 F7200
G1 X170.000 Y90.000 E1393.57305 F7200
G1 X170.000 Y95.000 E1393.74767 F7200
G1 X170.000 Y100.000 E1393.92228 F7200
G1 X170.000 Y105.000 E1394.09690 F7200
G1 X170.000 Y110.000 E1394.27151 F7200
G1 X170.000 Y115.000 E1394.44613 F7200
G1 X170.000 Y120.000 E1394.62074 F7200
G1 X170.000 Y125.000 E1394.79536 F7200
G1 X170.000 Y130.000 E1394.96998 F7200
G1 X170.000 Y135.000 E1395.14459 F7200
G1 X170.000 Y140.000 E1395.31921 F7200
G1 X170.000 Y145.000 E1395.49382 F7200
G1 X170.000 Y150.000 E1395.66844 F7200
G1 X170.000 Y155.000 E1395.84305 F7200
G1 X170.000 Y160.000 E1396.01767 F7200
G1 X170.000 Y165.000 E1396.19229 F7200
G1 X170.000 Y170.000 E1396.36690 F7200
G1 X165.000 Y170.000 E1396.54152 F7200
G1 X160.000 Y170.000 E1396.71613 F7200
G1 X155.000 Y170.000 E1396.89075 F7200
G1 X150.000 Y170.000 E1397.06536 F7200
G1 X145.000 Y170.000 E1397.23998 F7200
G1 X140.000 Y170.000 E1397.41460 F7200
G1 X135.000 Y170.000 E1397.58921 F7200
G1 X130.000 Y170.000 E1397.76383 F7200
G1 X125.000 Y170.000 E1397.93844 F7200
G1 X120.000 Y170.000 E1398.11306 F7200
G1 X115.000 Y170.000 E1398.28767 F7200
G1 X110.000 Y170.000 E1398.46229 F7200
G1 X105.000 Y170.000 E1398.63691 F7200
G1 X100.000 Y170.000 E1398.81152 F7200
G1 X95.000 Y170.000 E1398.98614 F7200
G1 X90.000 Y170.000 E1399.16075 F7200
G1 X85.000 Y170.000 E1399.33537 F7200
G1 X80.000 Y170.000 E1399.50998 F7200
G1 X75.000 Y170.000 E1399.68460 F7200
G1 X70.000 Y170.000 E1399.85922 F7200
G1 X65.000 Y170.000 E1400.03383 F7200
G1 X60.000 Y170.000 E1400.20845 F7200
G1 X55.000 Y170.000 E1400.38306 F7200
G1 X50.000 Y170.000 E1400.55768 F7200
G1 X50.000 Y165.000 E1400.73229 F7200
G1 X50.000 Y160.000 E1400.90691 F7200
G1 X50.000 Y155.000 E1401.08153 F7200
G1 X50.000 Y150.000 E1401.25614 F7200
G1 X50.000 Y145.000 E1401.43076 F7200
G1 X50.000 Y140.000 E1401.60537 F7200
G1 X50.000 Y135.000 E1401.77999 F7200
G1 X50.000 Y130.000 E1401.95460 F7200
G1 X50.000 Y125.000 E1402.12922 F7200
G1 X50.000 Y120.000 E1402.30384 F7200
G1 X50.000 Y115.000 E1402.47845 F7200
G1 X50.000 Y110.000 E1402.65307 F7200
G1 X50.000 Y105.000 E1402.82768 F7200
G1 X50.000 Y100.000 E1403.00230 F7200
G1 X50.000 Y95.000 E1403.17691 F7200
G1 X50.000 Y90.000 E1403.35153 F7200
G1 X50.000 Y85.000 E1403.52615 F7200
G1 X50.000 Y80.000 E1403.70076 F7200
G1 X50.000 Y75.000 E1403.87538 F7200
G1 X50.000 Y70.000 E1404.04999 F7200
G1 X50.000 Y65.000 E1404.22461 F7200
G1 X50.000 Y60.000 E1404.39922 F7200
G1 X50.000 Y55.000 E1404.57384 F7200
G1 X50.000 Y50.000 E1404.74846 F7200
;TYPE:Sparse infill
G1 X51.000 Y51.000 F12000
G1 X169.000 Y51.000 E1408.86939 F15000
G1 X169.000 Y56.000 F12000
G1 X51.000 Y56.000 E1412.99032 F15000
G1 X51.000 Y61.000 F12000
G1 X169.000 Y61.000 E1417.11125 F15000
G1 X169.000 Y66.000 F12000
G1 X51.000 Y66.000 E1421.23218 F15000
G1 X51.000 Y71.000 F12000
G1 X169.000 Y71.000 E1425.35311 F15000
G1 X169.000 Y76.000 F12000
G1 X51.000 Y76.000 E1429.47404 F15000
G1 X51.000 Y81.000 F12000
G1 X169.000 Y81.000 E1433.59497 F15000
G1 X169.000 Y86.000 F12000
G1 X51.000 Y86.000 E1437.71590 F15000
G1 X51.000 Y91.000 F12000
G1 X169.000 Y91.000 E1441.83683 F15000
G1 X169.000 Y96.000 F12000
G1 X51.000 Y96.000 E1445.95776 F15000
G1 X51.000 Y101.000 F12000
G1 X169.000 Y101.000 E1450.07869 F15000
G1 X169.000 Y106.000 F12000
G1 X51.000 Y106.000 E1454.19962 F15000
G1 X51.000 Y111.000 F12000
G1 X169.000 Y111.000 E1458.32056 F15000
G1 X169.000 Y116.000 F12000
G1 X51.000 Y116.000 E1462.44149 F15000
G1 X51.000 Y121.000 F12000
G1 X169.000 Y121.000 E1466.56242 F15000
G1 X169.000 Y126.000 F12000
G1 X51.000 Y126.000 E1470.68335 F15000
G1 X51.000 Y131.000 F12000
G1 X169.000 Y131.000 E1474.80428 F15000
G1 X169.000 Y136.000 F12000
G1 X51.000 Y136.000 E1478.92521 F15000
G1 X51.000 Y141.000 F12000
G1 X169.000 Y141.000 E1483.04614 F15000
G1 X169.000 Y146.000 F12000
G1 X51.000 Y146.000 E1487.16707 F15000
G1 X51.000 Y151.000 F12000
G1 X169.000 Y151.000 E1491.28800 F15000
G1 X169.000 Y156.000 F12000
G1 X51.000 Y156.000 E1495.40893 F15000
G1 X51.000 Y161.000 F12000
G1 X169.000 Y161.000 E1499.52986 F15000
G1 X169.000 Y166.000 F12000
G1 X51.000 Y166.000 E1503.65079 F15000
;LAYER_CHANGE
;Z:2.800
G1 Z2.800 F600
;TYPE:Outer wall
G1 X50.000 Y50.000 F7200
G1 X55.000 Y50.000 E1503.82541 F7200
G1 X60.000 Y50.000 E1504.00002 F7200
G1 X65.000 Y50.000 E1504.17464 F7200
G1 X70.000 Y50.000 E1504.34926 F7200
G1 X75.000 Y50.000 E1504.52387 F7200
G1 X80.000 Y50.000 E1504.69849 F7200
G1 X85.000 Y50.000 E1504.87310 F7200
G1 X90.000 Y50.000 E1505.04772 F7200
G1 X95.000 Y50.000 E1505.22233 F7200
G1 X100.000 Y50.000 E1505.39695 F7200
G1 X105.000 Y50.000 E1505.57157 F7200
G1 X110.000 Y50.000 E1505.74618 F7200
G1 X115.000 Y50.000 E1505.92080 F7200
G1 X120.000 Y50.000 E1506.09541 F7200
G1 X125.000 Y50.000 E1506.27003 F7200
G1 X130.000 Y50.000 E1506.44464 F7200
G1 X135.000 Y50.000 E1506.61926 F7200
G1 X140.000 Y50.000 E1506.79388 F7200
G1 X145.000 Y50.000 E1506.96849 F7200
G1 X150.000 Y50.000 E1507.14311 F7200
G1 X155.000 Y50.000 E1507.31772 F7200
G1 X160.000 Y50.000 E1507.49234 F7200
G1 X165.000 Y50.000 E1507.66695 F7200
G1 X170.000 Y50.000 E1507.84157 F7200
G1 X170.000 Y55.000 E1508.01619 F7200
G1 X170.000 Y60.000 E1508.19080 F7200
G1 X170.000 Y65.000 E1508.36542 F7200
G1 X170.000 Y70.000 E1508.54003 F7200
G1 X170.000 Y75.000 E1508.71465 F7200
G1 X170.000 Y80.000 E1508.88926 F7200
G1 X170.000 Y85.000 E1509.06388 F7200
G1 X170.000 Y90.000 E1509.23850 F7200
G1 X170.000 Y95.000 E1509.41311 F7200
G1 X170.000 Y100.000 E1509.58773 F7200
G1 X170.000 Y105.000 E1509.76234 F7200
G1 X170.000 Y110.000 E1509.93696 F7200
G1 X170.000 Y115.000 E1510.11157 F7200
G1 X170.000 Y120.000 E1510.28619 F7200
G1 X170.000 Y125.000 E1510.46081 F7200
G1 X170.000 Y130.000 E1510.63542 F7200
G1 X170.000 Y135.000 E1510.81004 F7200
G1 X170.000 Y140.000 E1510.98465 F7200
G1 X170.000 Y145.000 E1511.15927 F7200
G1 X170.000 Y150.000 E1511.33388 F7200
G1 X170.000 Y155.000 E1511.50850 F7200
G1 X170.000 Y160.000 E1511.68312 F7200
G1 X170.000 Y165.000 E1511.85773 F7200
G1 X170.000 Y170.000 E1512.03235 F7200
G1 X165.000 Y170.000 E1512.20696 F7200
G1 X160.000 Y170.000 E1512.38158 F7200
G1 X155.000 Y170.000 E1512.55619 F7200
G1 X150.000 Y170.000 E1512.73081 F7200
G1 X145.000 Y170.000 E1512.90543 F7200
G1 X140.000 Y170.000 E1513.08004 F7200
G1 X135.000 Y170.000 E1513.25466 F7200
G1 X130.000 Y170.000 E1513.42927 F7200
G1 X125.000 Y170.000 E1513.60389 F7200
G1 X120.000 Y170.000 E1513.77850 F7200
G1 X115.000 Y170.000 E1513.95312 F7200
G1 X110.000 Y170.000 E1514.12774 F7200
G1 X105.000 Y170.000 E1514.30235 F7200
G1 X100.000 Y170.000 E1514.47697 F7200
G1 X95.000 Y170.000 E1514.65158 F7200
G1 X90.000 Y170.000 E1514.82620 F7200
G1 X85.000 Y170.000 E1515.00081 F7200
G1 X80.000 Y170.000 E1515.17543 F7200
G1 X75.000 Y170.000 E1515.35005 F7200
G1 X70.000 Y170.000 E1515.52466 F7200
G1 X65.000 Y170.000 E1515.69928 F7200
G1 X60.000 Y170.000 E1515.87389 F7200
G1 X55.000 Y170.000 E1516.04851 F7200
G1 X50.000 Y170.000 E1516.22312 F7200
G1 X50.000 Y165.000 E1516.39774 F7200
G1 X50.000 Y160.000 E1516.57236 F7200
G1 X50.000 Y155.000 E1516.74697 F7200
G1 X50.000 Y150.000 E1516.92159 F7200
G1 X50.000 Y145.000 E1517.09620 F7200
G1 X50.000 Y140.000 E1517.27082 F7200
G1 X50.000 Y135.000 E1517.44543 F7200
G1 X50.000 Y130.000 E1517.62005 F7200
G1 X50.000 Y125.000 E1517.79467 F7200
G1 X50.000 Y120.000 E1517.96928 F7200
G1 X50.000 Y115.000 E1518.14390 F7200
G1 X50.000 Y110.000 E1518.31851 F7200
G1 X50.000 Y105.000 E1518.49313 F7200
G1 X50.000 Y100.000 E1518.66774 F7200
G1 X50.000 Y95.000 E1518.84236 F7200
G1 X50.000 Y90.000 E1519.01698 F7200
G1 X50.000 Y85.000 E1519.19159 F7200
G1 X50.000 Y80.000 E1519.36621 F7200
G1 X50.000 Y75.000 E1519.54082 F7200
G1 X50.000 Y70.000 E1519.71544 F7200
G1 X50.000 Y65.000 E1519.89005 F7200
G1 X50.000 Y60.000 E1520.06467 F7200
G1 X50.000 Y55.000 E1520.23929 F7200
G1 X50.000 Y50.000 E1520.41390 F7200
;TYPE:Sparse infill
G1 X51.000 Y51.000 F12000
G1 X169.000 Y51.000 E1524.53483 F15000
G1 X169.000 Y56.000 F12000
G1 X51.000 Y56.000 E1528.65576 F15000
G1 X51.000 Y61.000 F12000
G1 X169.000 Y61.000 E1532.77669 F15000
G1 X169.000 Y66.000 F12000
G1 X51.000 Y66.000 E1536.89762 F15000
G1 X51.000 Y71.000 F12000
G1 X169.000 Y71.000 E1541.01855 F15000
G1 X169.000 Y76.000 F12000
G1 X51.000 Y76.000 E1545.13949 F15000
G1 X51.000 Y81.000 F12000
G1 X169.000 Y81.000 E1549.26042 F15000
G1 X169.000 Y86.000 F12000
G1 X51.000 Y86.000 E1553.38135 F15000
G1 X51.000 Y91.000 F12000
G1 X169.000 Y91.000 E1557.50228 F15000
G1 X169.000 Y96.000 F12000
G1 X51.000 Y96.000 E1561.62321 F15000
G1 X51.000 Y101.000 F12000
G1 X169.000 Y101.000 E1565.74414 F15000
G1 X169.000 Y106.000 F12000
G1 X51.000 Y106.000 E1569.86507 F15000
G1 X51.000 Y111.000 F12000
G1 X169.000 Y111.000 E1573.98600 F15000
G1 X169.000 Y116.000 F12000
G1 X51.000 Y116.000 E1578.10693 F15000
G1 X51.000 Y121.000 F12000
G1 X169.000 Y121.000 E1582.22786 F15000
G1 X169.000 Y126.000 F12000
G1 X51.000 Y126.000 E1586.34879 F15000
G1 X51.000 Y131.000 F12000
G1 X169.000 Y131.000 E1590.46972 F15000
G1 X169.000 Y136.000 F12000
G1 X51.000 Y136.000 E1594.59065 F15000
G1 X51.000 Y141.000 F12000
G1 X169.000 Y141.000 E1598.71159 F15000
G1 X169.000 Y146.000 F12000
G1 X51.000 Y146.000 E1602.83252 F15000
G1 X51.000 Y151.000 F12000
G1 X169.000 Y151.000 E1606.95345 F15000
G1 X169.000 Y156.000 F12000
G1 X51.000 Y156.000 E1611.07438 F15000
G1 X51.000 Y161.000 F12000
G1 X169.000 Y161.000 E1615.19531 F15000
G1 X169.000 Y166.000 F12000
G1 X51.000 Y166.000 E1619.31624 F15000
;LAYER_CHANGE
;Z:3.000
G1 Z3.000 F600
;TYPE:Outer wall
G1 X50.000 Y50.000 F7200
G1 X55.000 Y50.000 E1619.49085 F7200
G1 X60.000 Y50.000 E1619.66547 F7200
G1 X65.000 Y50.000 E1619.84009 F7200
G1 X70.000 Y50.000 E1620.01470 F7200
G1 X75.000 Y50.000 E1620.18932 F7200
G1 X80.000 Y50.000 E1620.36393 F7200
G1 X85.000 Y50.000 E1620.53855 F7200
G1 X90.000 Y50.000 E1620.71316 F7200
G1 X95.000 Y50.000 E1620.88778 F7200
G1 X100.000 Y50.000 E1621.06240 F7200
G1 X105.000 Y50.000 E1621.23701 F7200
G1 X110.000 Y50.000 E1621.41163 F7200
G1 X115.000 Y50.000 E1621.58624 F7200
G1 X120.000 Y50.000 E1621.76086 F7200
G1 X125.000 Y50.000 E1621.93547 F7200
G1 X130.000 Y50.000 E1622.11009 F7200
G1 X135.000 Y50.000 E1622.28471 F7200
G1 X140.000 Y50.000 E1622.45932 F7200
G1 X145.000 Y50.000 E1622.63394 F7200
G1 X150.000 Y50.000 E1622.80855 F7200
G1 X155.000 Y50.000 E1622.98317 F7200
G1 X160.000 Y50.000 E1623.15778 F7200
G1 X165.000 Y50.000 E1623.33240 F7200
G1 X170.000 Y50.000 E1623.50702 F7200
G1 X170.000 Y55.000 E1623.68163 F7200
G1 X170.000 Y60.000 E1623.85625 F7200
G1 X170.000 Y65.000 E1624.03086 F7200
G1 X170.000 Y70.000 E1624.20548 F7200
G1 X170.000 Y75.000 E1624.38009 F7200
G1 X170.000 Y80.000 E1624.55471 F7200
G1 X170.000 Y85.000 E1624.72933 F7200
G1 X170.000 Y90.000 E1624.90394 F7200
G1 X170.000 Y95.000 E1625.07856 F7200
G1 X170.000 Y100.000 E1625.25317 F7200
G1 X170.000 Y105.000 E1625.42779 F7200
G1 X170.000 Y110.000 E1625.60240 F7200
G1 X170.000 Y115.000 E1625.77702 F7200
G1 X170.000 Y120.000 E1625.95164 F7200
G1 X170.000 Y125.000 E1626.12625 F7200
G1 X170.000 Y130.000 E1626.30087 F7200
G1 X170.000 Y135.000 E1626.47548 F7200
G1 X170.000 Y140.000 E1626.65010 F7200
G1 X170.000 Y145.000 E1626.82471 F7200
G1 X170.000 Y150.000 E1626.99933 F7200
G1 X170.000 Y155.000 E1627.17395 F7200
G1 X170.000 Y160.000 E1627.34856 F7200
G1 X170.000 Y165.000 E1627.52318 F7200
G1 X170.000 Y170.000 E1627.69779 F7200
G1 X165.000 Y170.000 E1627.87241 F7200
G1 X160.000 Y170.000 E1628.04702 F7200
G1 X155.000 Y170.000 E1628.22164 F7200
G1 X150.000 Y170.000 E1628.39626 F7200
G1 X145.000 Y170.000 E1628.57087 F7200
G1 X140.000 Y170.000 E1628.74549 F7200
G1 X135.000 Y170.000 E1628.92010 F7200
G1 X130.000 Y170.000 E1629.09472 F7200
G1 X125.000 Y170.000 E1629.26933 F7200
G1 X120.000 Y170.000 E1629.44395 F7200
G1 X115.000 Y170.000 E1629.61857 F7200
G1 X110.000 Y170.000 E1629.79318 F7200
G1 X105.000 Y170.000 E1629.96780 F7200
G1 X100.000 Y170.000 E1630.14241 F7200
G1 X95.000 Y170.000 E1630.31703 F7200
G1 X90.000 Y170.000 E1630.49164 F7200
G1 X85.000 Y170.000 E1630.66626 F7200
G1 X80.000 Y170.000 E1630.84088 F7200
G1 X75.000 Y170.000 E1631.01549 F7200
G1 X70.000 Y170.000 E1631.19011 F7200
G1 X65.000 Y170.000 E1631.36472 F7200
G1 X60.000 Y170.000 E1631.53934 F7200
G1 X55.000 Y170.000 E1631.71395 F7200
G1 X50.000 Y170.000 E1631.88857 F7200
G1 X50.000 Y165.000 E1632.06319 F7200
G1 X50.000 Y160.000 E1632.23780 F7200
G1 X50.000 Y155.000 E1632.41242 F7200
G1 X50.000 Y150.000 E1632.58703 F7200
G1 X50.000 Y145.000 E1632.76165 F7200
G1 X50.000 Y140.000 E1632.93626 F7200
G1 X50.000 Y135.000 E1633.11088 F7200
G1 X50.000 Y130.000 E1633.28550 F7200
G1 X50.000 Y125.000 E1633.46011 F7200
G1 X50.000 Y120.000 E1633.63473 F7200
G1 X50.000 Y115.000 E1633.80934 F7200
G1 X50.000 Y110.000 E1633.98396 F7200
G1 X50.000 Y105.000 E1634.15857 F7200
G1 X50.000 Y100.000 E1634.33319 F7200
G1 X50.000 Y95.000 E1634.50781 F7200
G1 X50.000 Y90.000 E1634.68242 F7200
G1 X50.000 Y85.000 E1634.85704 F7200
G1 X50.000 Y80.000 E1635.03165 F7200
G1 X50.000 Y75.000 E1635.20627 F7200
G1 X50.000 Y70.000 E1635.38088 F7200
G1 X50.000 Y65.000 E1635.55550 F7200
G1 X50.000 Y60.000 E1635.73012 F7200
G1 X50.000 Y55.000 E1635.90473 F7200
G1 X50.000 Y50.000 E1636.07935 F7200
;TYPE:Sparse infill
G1 X51.000 Y51.000 F12000
G1 X169.000 Y51.000 E1640.20028 F15000
G1 X169.000 Y56.000 F12000
G1 X51.000 Y56.000 E1644.32121 F15000
G1 X51.000 Y61.000 F12000
G1 X169.000 Y61.000 E1648.44214 F15000
G1 X169.000 Y66.000 F12000
G1 X51.000 Y66.000 E1652.56307 F15000
G1 X51.000 Y71.000 F12000
G1 X169.000 Y71.000 E1656.68400 F15000
G1 X169.000 Y76.000 F12000
G1 X51.000 Y76.000 E1660.80493 F15000
G1 X51.000 Y81.000 F12000
G1 X169.000 Y81.000 E1664.92586 F15000
G1 X169.000 Y86.000 F12000
G1 X51.000 Y86.000 E1669.04679 F15000
G1 X51.000 Y91.000 F12000
G1 X169.000 Y91.000 E1673.16772 F15000
G1 X169.000 Y96.000 F12000
G1 X51.000 Y96.000 E1677.28865 F15000
G1 X51.000 Y101.000 F12000
G1 X169.000 Y101.000 E1681.40959 F15000
G1 X169.000 Y106.000 F12000
G1 X51.000 Y106.000 E1685.53052 F15000
G1 X51.000 Y111.000 F12000
G1 X169.000 Y111.000 E1689.65145 F15000
G1 X169.000 Y116.000 F12000
G1 X51.000 Y116.000 E1693.77238 F15000
G1 X51.000 Y121.000 F12000
G1 X169.000 Y121.000 E1697.89331 F15000
G1 X169.000 Y126.000 F12000
G1 X51.000 Y126.000 E1702.01424 F15000
G1 X51.000 Y131.000 F12000
G1 X169.000 Y131.000 E1706.13517 F15000
G1 X169.000 Y136.000 F12000
G1 X51.000 Y136.000 E1710.25610 F15000
G1 X51.000 Y141.000 F12000
G1 X169.000 Y141.000 E1714.37703 F15000
G1 X169.000 Y146.000 F12000
G1 X51.000 Y146.000 E1718.49796 F15000
G1 X51.000 Y151.000 F12000
G1 X169.000 Y151.000 E1722.61889 F15000
G1 X169.000 Y156.000 F12000
G1 X51.000 Y156.000 E1726.73982 F15000
G1 X51.000 Y161.000 F12000
G1 X169.000 Y161.000 E1730.86075 F15000
G1 X169.000 Y166.000 F12000
G1 X51.000 Y166.000 E1734.98168 F15000
;LAYER_CHANGE
;Z:3.200
G1 Z3.200 F600
;TYPE:Outer wall
G1 X50.000 Y50.000 F7200
G1 X55.000 Y50.000 E1735.15630 F7200
G1 X60.000 Y50.000 E1735.33092 F7200
G1 X65.000 Y50.000 E1735.50553 F7200
G1 X70.000 Y50.000 E1735.68015 F7200
G1 X75.000 Y50.000 E1735.85476 F7200
G1 X80.000 Y50.000 E1736.02938 F7200
G1 X85.000 Y50.000 E1736.20399 F7200
G1 X90.000 Y50.000 E1736.37861 F7200
G1 X95.000 Y50.000 E1736.55323 F7200
G1 X100.000 Y50.000 E1736.72784 F7200
G1 X105.000 Y50.000 E1736.90246 F7200
G1 X110.000 Y50.000 E1737.07707 F7200
G1 X115.000 Y50.000 E1737.25169 F7200
G1 X120.000 Y50.000 E1737.42630 F7200
G1 X125.000 Y50.000 E1737.60092 F7200
G1 X130.000 Y50.000 E1737.77554 F7200
G1 X135.000 Y50.000 E1737.95015 F7200
G1 X140.000 Y50.000 E1738.12477 F7200
G1 X145.000 Y50.000 E1738.29938 F7200
G1 X150.000 Y50.000 E1738.47400 F7200
G1 X155.000 Y50.000 E1738.64861 F7200
G1 X160.000 Y50.000 E1738.82323 F7200
G1 X165.000 Y50.000 E1738.99785 F7200
G1 X170.000 Y50.000 E1739.17246 F7200
G1 X170.000 Y55.000 E1739.34708 F7200
G1 X170.000 Y60.000 E1739.52169 F7200
G1 X170.000 Y65.000 E1739.69631 F7200
G1 X170.000 Y70.000 E1739.87092 F7200
G1 X170.000 Y75.000 E1740.04554 F7200
G1 X170.000 Y80.000 E1740.22016 F7200
G1 X170.000 Y85.000 E1740.39477 F7200
G1 X170.000 Y90.000 E1740.56939 F7200
G1 X170.000 Y95.000 E1740.74400 F7200
G1 X170.000 Y100.000 E1740.91862 F7200
G1 X170.000 Y105.000 E1741.09323 F7200
G1 X170.000 Y110.000 E1741.26785 F7200
G1 X170.000 Y115.000 E1741.44247 F7200
G1 X170.000 Y120.000 E1741.61708 F7200
G1 X170.000 Y125.000 E1741.79170 F7200
G1 X170.000 Y130.000 E1741.96631 F7200
G1 X170.000 Y135.000 E1742.14093 F7200
G1 X170.000 Y140.000 E1742.31554 F7200
G1 X170.000 Y145.000 E1742.49016 F7200
G1 X170.000 Y150.000 E1742.66478 F7200
G1 X170.000 Y155.000 E1742.83939 F7200
G1 X170.000 Y160.000 E1743.01401 F7200
G1 X170.000 Y165.000 E1743.18862 F7200
G1 X170.000 Y170.000 E1743.36324 F7200
G1 X165.000 Y170.000 E1743.53785 F7200
G1 X160.000 Y170.000 E1743.71247 F7200
G1 X155.000 Y170.000 E1743.88709 F7200
G1 X150.000 Y170.000 E1744.06170 F7200
G1 X145.000 Y170.000 E1744.23632 F7200
G1 X140.000 Y170.000 E1744.41093 F7200
G1 X135.000 Y170.000 E1744.58555 F7200
G1 X130.000 Y170.000 E1744.76016 F7200
G1 X125.000 Y170.000 E1744.93478 F7200
G1 X120.000 Y170.000 E1745.10940 F7200
G1 X115.000 Y170.000 E1745.28401 F7200
G1 X110.000 Y170.000 E1745.45863 F7200
G1 X105.000 Y170.000 E1745.63324 F7200
G1 X100.000 Y170.000 E1745.80786 F7200
G1 X95.000 Y170.000 E1745.98247 F7200
G1 X90.000 Y170.000 E1746.15709 F7200
G1 X85.000 Y170.000 E1746.33171 F7200
G1 X80.000 Y170.000 E1746.50632 F7200
G1 X75.000 Y170.000 E1746.68094 F7200
G1 X70.000 Y170.000 E1746.85555 F7200
G1 X65.000 Y170.000 E1747.03017 F7200
G1 X60.000 Y170.000 E1747.20478 F7200
G1 X55.000 Y170.000 E1747.37940 F7200
G1 X50.000 Y170.000 E1747.55402 F7200
G1 X50.000 Y165.000 E1747.72863 F7200
G1 X50.000 Y160.000 E1747.90325 F7200
G1 X50.000 Y155.000 E1748.07786 F7200
G1 X50.000 Y150.000 E1748.25248 F7200
G1 X50.000 Y145.000 E1748.42709 F7200
G1 X50.000 Y140.000 E1748.60171 F7200
G1 X50.000 Y135.000 E1748.77633 F7200
G1 X50.000 Y130.000 E1748.95094 F7200
G1 X50.000 Y125.000 E1749.12556 F7200
G1 X50.000 Y120.000 E1749.30017 F7200
G1 X50.000 Y115.000 E1749.47479 F7200
G1 X50.000 Y110.000 E1749.64940 F7200
G1 X50.000 Y105.000 E1749.82402 F7200
G1 X50.000 Y100.000 E1749.99864 F7200
G1 X50.000 Y95.000 E1750.17325 F7200
G1 X50.000 Y90.000 E1750.34787 F7200
G1 X50.000 Y85.000 E1750.52248 F7200
G1 X50.000 Y80.000 E1750.69710 F7200
G1 X50.000 Y75.000 E1750.87171 F7200
G1 X50.000 Y70.000 E1751.04633 F7200
G1 X50.000 Y65.000 E1751.22095 F7200
G1 X50.000 Y60.000 E1751.39556 F7200
G1 X50.000 Y55.000 E1751.57018 F7200
G1 X50.000 Y50.000 E1751.74479 F7200
;TYPE:Sparse infill
G1 X51.000 Y51.000 F12000
G1 X169.000 Y51.000 E1755.86572 F15000
G1 X169.000 Y56.000 F12000
G1 X51.000 Y56.000 E1759.98665 F15000
G1 X51.000 Y61.000 F12000
G1 X169.000 Y61.000 E1764.10758 F15000
G1 X169.000 Y66.000 F12000
G1 X51.000 Y66.000 E1768.22852 F15000
G1 X51.000 Y71.000 F12000
G1 X169.000 Y71.000 E1772.34945 F15000
G1 X169.000 Y76.000 F12000
G1 X51.000 Y76.000 E1776.47038 F15000
G1 X51.000 Y81.000 F12000
G1 X169.000 Y81.000 E1780.59131 F15000
G1 X169.000 Y86.000 F12000
G1 X51.000 Y86.000 E1784.71224 F15000
G1 X51.000 Y91.000 F12000
G1 X169.000 Y91.000 E1788.83317 F15000
G1 X169.000 Y96.000 F12000
G1 X51.000 Y96.000 E1792.95410 F15000
G1 X51.000 Y101.000 F12000
G1 X169.000 Y101.000 E1797.07503 F15000
G1 X169.000 Y106.000 F12000
G1 X51.000 Y106.000 E1801.19596 F15000
G1 X51.000 Y111.000 F12000
G1 X169.000 Y111.000 E1805.31689 F15000
G1 X169.000 Y116.000 F12000
G1 X51.000 Y116.000 E1809.43782 F15000
G1 X51.000 Y121.000 F12000
G1 X169.000 Y121.000 E1813.55875 F15000
G1 X169.000 Y126.000 F12000
G1 X51.000 Y126.000 E1817.67968 F15000
G1 X51.000 Y131.000 F12000
G1 X169.000 Y131.000 E1821.80062 F15000
G1 X169.000 Y136.000 F12000
G1 X51.000 Y136.000 E1825.92155 F15000
G1 X51.000 Y141.000 F12000
G1 X169.000 Y141.000 E1830.04248 F15000
G1 X169.000 Y146.000 F12000
G1 X51.000 Y146.000 E1834.16341 F15000
G1 X51.000 Y151.000 F12000
G1 X169.000 Y151.000 E1838.28434 F15000
G1 X169.000 Y156.000 F12000
G1 X51.000 Y156.000 E1842.40527 F15000
G1 X51.000 Y161.000 F12000
G1 X169.000 Y161.000 E1846.52620 F15000
G1 X169.000 Y166.000 F12000
G1 X51.000 Y166.000 E1850.64713 F15000
;LAYER_CHANGE
;Z:3.400
G1 Z3.400 F600
;TYPE:Outer wall
G1 X50.000 Y50.000 F7200
G1 X55.000 Y50.000 E1850.82175 F7200
G1 X60.000 Y50.000 E1850.99636 F7200
G1 X65.000 Y50.000 E1851.17098 F7200
G1 X70.000 Y50.000 E1851.34559 F7200
G1 X75.000 Y50.000 E1851.52021 F7200
G1 X80.000 Y50.000 E1851.69482 F7200
G1 X85.000 Y50.000 E1851.86944 F7200
G1 X90.000 Y50.000 E1852.04406 F7200
G1 X95.000 Y50.000 E1852.21867 F7200
G1 X100.000 Y50.000 E1852.39329 F7200
G1 X105.000 Y50.000 E1852.56790 F7200
G1 X110.000 Y50.000 E1852.74252 F7200
G1 X115.000 Y50.000 E1852.91713 F7200
G1 X120.000 Y50.000 E1853.09175 F7200
G1 X125.000 Y50.000 E1853.26637 F7200
G1 X130.000 Y50.000 E1853.44098 F7200
G1 X135.000 Y50.000 E1853.61560 F7200
G1 X140.000 Y50.000 E1853.79021 F7200
G1 X145.000 Y50.000 E1853.96483 F7200
G1 X150.000 Y50.000 E1854.13944 F7200
G1 X155.000 Y50.000 E1854.31406 F7200
G1 X160.000 Y50.000 E1854.48868 F7200
G1 X165.000 Y50.000 E1854.66329 F7200
G1 X170.000 Y50.000 E1854.83791 F7200
G1 X170.000 Y55.000 E1855.01252 F7200
G1 X170.000 Y60.000 E1855.18714 F7200
G1 X170.000 Y65.000 E1855.36175 F7200
G1 X170.000 Y70.000 E1855.53637 F7200
G1 X170.000 Y75.000 E1855.71099 F7200
G1 X170.000 Y80.000 E1855.88560 F7200
G1 X170.000 Y85.000 E1856.06022 F7200
G1 X170.000 Y90.000 E1856.23483 F7200
G1 X170.000 Y95.000 E1856.40945 F7200
G1 X170.000 Y100.000 E1856.58406 F7200
G1 X170.000 Y105.000 E1856.75868 F7200
G1 X170.000 Y110.000 E1856.93330 F7200
G1 X170.000 Y115.000 E1857.10791 F7200
G1 X170.000 Y120.000 E1857.28253 F7200
G1 X170.000 Y125.000 E1857.45714 F7200
G1 X170.000 Y130.000 E1857.63176 F7200
G1 X170.000 Y135.000 E1857.80637 F7200
G1 X170.000 Y140.000 E1857.98099 F7200
G1 X170.000 Y145.000 E1858.15561 F7200
G1 X170.000 Y150.000 E1858.33022 F7200
G1 X170.000 Y155.000 E1858.50484 F7200
G1 X170.000 Y160.000 E1858.67945 F7200
G1 X170.000 Y165.000 E1858.85407 F7200
G1 X170.000 Y170.000 E1859.02868 F7200
G1 X165.000 Y170.000 E1859.20330 F7200
G1 X160.000 Y170.000 E1859.37792 F7200
G1 X155.000 Y170.000 E1859.55253 F7200
G1 X150.000 Y170.000 E1859.72715 F7200
G1 X145.000 Y170.000 E1859.90176 F7200
G1 X140.000 Y170.000 E1860.07638 F7200
G1 X135.000 Y170.000 E1860.25099 F7200
G1 X130.000 Y170.000 E1860.42561 F7200
G1 X125.000 Y170.000 E1860.60023 F7200
G1 X120.000 Y170.000 E1860.77484 F7200
G1 X115.000 Y170.000 E1860.94946 F7200
G1 X110.000 Y170.000 E1861.12407 F7200
G1 X105.000 Y170.000 E1861.29869 F7200
G1 X100.000 Y170.000 E1861.47330 F7200
G1 X95.000 Y170.000 E1861.64792 F7200
G1 X90.000 Y170.000 E1861.82254 F7200
G1 X85.000 Y170.000 E1861.99715 F7200
G1 X80.000 Y170.000 E1862.17177 F7200
G1 X75.000 Y170.000 E1862.34638 F7200
G1 X70.000 Y170.000 E1862.52100 F7200
G1 X65.000 Y170.000 E1862.69561 F7200
G1 X60.000 Y170.000 E1862.87023 F7200
G1 X55.000 Y170.000 E1863.04485 F7200
G1 X50.000 Y170.000 E1863.21946 F7200
G1 X50.000 Y165.000 E1863.39408 F7200
G1 X50.000 Y160.000 E1863.56869 F7200
G1 X50.000 Y155.000 E1863.74331 F7200
G1 X50.000 Y150.000 E1863.91792 F7200
G1 X50.000 Y145.000 E1864.09254 F7200
G1 X50.000 Y140.000 E1864.26716 F7200
G1 X50.000 Y135.000 E1864.44177 F7200
G1 X50.000 Y130.000 E1864.61639 F7200
G1 X50.000 Y125.000 E1864.79100 F7200
G1 X50.000 Y120.000 E1864.96562 F7200
G1 X50.000 Y115.000 E1865.14023 F7200
G1 X50.000 Y110.000 E1865.31485 F7200
G1 X50.000 Y105.000 E1865.48947 F7200
G1 X50.000 Y100.000 E1865.66408 F7200
G1 X50.000 Y95.000 E1865.83870 F7200
G1 X50.000 Y90.000 E1866.01331 F7200
G1 X50.000 Y85.000 E1866.18793 F7200
G1 X50.000 Y80.000 E1866.36254 F7200
G1 X50.000 Y75.000 E1866.53716 F7200
G1 X50.000 Y70.000 E1866.71178 F7200
G1 X50.000 Y65.000 E1866.88639 F7200
G1 X50.000 Y60.000 E1867.06101 F7200
G1 X50.000 Y55.000 E1867.23562 F7200
G1 X50.000 Y50.000 E1867.41024 F7200
;TYPE:Sparse infill
G1 X51.000 Y51.000 F12000
G1 X169.000 Y51.000 E1871.53117 F15000
G1 X169.000 Y56.000 F12000
G1 X51.000 Y56.000 E1875.65210 F15000
G1 X51.000 Y61.000 F12000
G1 X169.000 Y61.000 E1879.77303 F15000
G1 X169.000 Y66.000 F12000
G1 X51.000 Y66.000 E1883.89396 F15000
G1 X51.000 Y71.000 F12000
G1 X169.000 Y71.000 E1888.01489 F15000
G1 X169.000 Y76.000 F12000
G1 X51.000 Y76.000 E1892.13582 F15000
G1 X51.000 Y81.000 F12000
G1 X169.000 Y81.000 E1896.25675 F15000
G1 X169.000 Y86.000 F12000
G1 X51.000 Y86.000 E1900.37768 F15000
G1 X51.000 Y91.000 F12000
G1 X169.000 Y91.000 E1904.49861 F15000
G1 X169.000 Y96.000 F12000
G1 X51.000 Y96.000 E1908.61955 F15000
G1 X51.000 Y101.000 F12000
G1 X169.000 Y101.000 E1912.74048 F15000
G1 X169.000 Y106.000 F12000
G1 X51.000 Y106.000 E1916.86141 F15000
G1 X51.000 Y111.000 F12000
G1 X169.000 Y111.000 E1920.98234 F15000
G1 X169.000 Y116.000 F12000
G1 X51.000 Y116.000 E1925.10327 F15000
G1 X51.000 Y121.000 F12000
G1 X169.000 Y121.000 E1929.22420 F15000
G1 X169.000 Y126.000 F12000
G1 X51.000 Y126.000 E1933.34513 F15000
G1 X51.000 Y131.000 F12000
G1 X169.000 Y131.000 E1937.46606 F15000
G1 X169.000 Y136.000 F12000
G1 X51.000 Y136.000 E1941.58699 F15000
G1 X51.000 Y141.000 F12000
G1 X169.000 Y141.000 E1945.70792 F15000
G1 X169.000 Y146.000 F12000
G1 X51.000 Y146.000 E1949.82885 F15000
G1 X51.000 Y151.000 F12000
G1 X169.000 Y151.000 E1953.94978 F15000
G1 X169.000 Y156.000 F12000
G1 X51.000 Y156.000 E1958.07071 F15000
G1 X51.000 Y161.000 F12000
G1 X169.000 Y161.000 E1962.19165 F15000
G1 X169.000 Y166.000 F12000
G1 X51.000 Y166.000 E1966.31258 F15000
;LAYER_CHANGE
;Z:3.600
G1 Z3.600 F600
;TYPE:Outer wall
G1 X50.000 Y50.000 F7200
G1 X55.000 Y50.000 E1966.48719 F7200
G1 X60.000 Y50.000 E1966.66181 F7200
G1 X65.000 Y50.000 E1966.83642 F7200
G1 X70.000 Y50.000 E1967.01104 F7200
G1 X75.000 Y50.000 E1967.18565 F7200
G1 X80.000 Y50.000 E1967.36027 F7200
G1 X85.000 Y50.000 E1967.53489 F7200
G1 X90.000 Y50.000 E1967.70950 F7200
G1 X95.000 Y50.000 E1967.88412 F7200
G1 X100.000 Y50.000 E1968.05873 F7200
G1 X105.000 Y50.000 E1968.23335 F7200
G1 X110.000 Y50.000 E1968.40796 F7200
G1 X115.000 Y50.000 E1968.58258 F7200
G1 X120.000 Y50.000 E1968.75720 F7200
G1 X125.000 Y50.000 E1968.93181 F7200
G1 X130.000 Y50.000 E1969.10643 F7200
G1 X135.000 Y50.000 E1969.28104 F7200
G1 X140.000 Y50.000 E1969.45566 F7200
G1 X145.000 Y50.000 E1969.63027 F7200
G1 X150.000 Y50.000 E1969.80489 F7200
G1 X155.000 Y50.000 E1969.97951 F7200
G1 X160.000 Y50.000 E1970.15412 F7200
G1 X165.000 Y50.000 E1970.32874 F7200
G1 X170.000 Y50.000 E1970.50335 F7200
G1 X170.000 Y55.000 E1970.67797 F7200
G1 X170.000 Y60.000 E1970.85258 F7200
G1 X170.000 Y65.000 E1971.02720 F7200
G1 X170.000 Y70.000 E1971.20182 F7200
G1 X170.000 Y75.000 E1971.37643 F7200
G1 X170.000 Y80.000 E1971.55105 F7200
G1 X170.000 Y85.000 E1971.72566 F7200
G1 X170.000 Y90.000 E1971.90028 F7200
G1 X170.000 Y95.000 E1972.07489 F7200
G1 X170.000 Y100.000 E1972.24951 F7200
G1 X170.000 Y105.000 E1972.42413 F7200
G1 X170.000 Y110.000 E1972.59874 F7200
G1 X170.000 Y115.000 E1972.77336 F7200
G1 X170.000 Y120.000 E1972.94797 F7200
G1 X170.000 Y125.000 E1973.12259 F7200
G1 X170.000 Y130.000 E1973.29720 F7200
G1 X170.000 Y135.000 E1973.47182 F7200
G1 X170.000 Y140.000 E1973.64644 F7200
G1 X170.000 Y145.000 E1973.82105 F7200
G1 X170.000 Y150.000 E1973.99567 F7200
G1 X170.000 Y155.000 E1974.17028 F7200
G1 X170.000 Y160.000 E1974.34490 F7200
G1 X170.000 Y165.000 E1974.51951 F7200
G1 X170.000 Y170.000 E1974.69413 F7200
G1 X165.000 Y170.000 E1974.86875 F7200
G1 X160.000 Y170.000 E1975.04336 F7200
G1 X155.000 Y170.000 E1975.21798 F7200
G1 X150.000 Y170.000 E1975.39259 F7200
G1 X145.000 Y170.000 E1975.56721 F7200
G1 X140.000 Y170.000 E1975.74182 F7200
G1 X135.000 Y170.000 E1975.91644 F7200
G1 X130.000 Y170.000 E1976.09106 F7200
G1 X125.000 Y170.000 E1976.26567 F7200
G1 X120.000 Y170.000 E1976.44029 F7200
G1 X115.000 Y170.000 E1976.61490 F7200
G1 X110.000 Y170.000 E1976.78952 F7200
G1 X105.000 Y170.000 E1976.96413 F7200
G1 X100.000 Y170.000 E1977.13875 F7200
G1 X95.000 Y170.000 E1977.31337 F7200
G1 X90.000 Y170.000 E1977.48798 F7200
G1 X85.000 Y170.000 E1977.66260 F7200
G1 X80.000 Y170.000 E1977.83721 F7200
G1 X75.000 Y170.000 E1978.01183 F7200
G1 X70.000 Y170.000 E1978.18644 F7200
G1 X65.000 Y170.000 E1978.36106 F7200
G1 X60.000 Y170.000 E1978.53568 F7200
G1 X55.000 Y170.000 E1978.71029 F7200
G1 X50.000 Y170.000 E1978.88491 F7200
G1 X50.000 Y165.000 E1979.05952 F7200
G1 X50.000 Y160.000 E1979.23414 F7200
G1 X50.000 Y155.000 E1979.40875 F7200
G1 X50.000 Y150.000 E1979.58337 F7200
G1 X50.000 Y145.000 E1979.75799 F7200
G1 X50.000 Y140.000 E1979.93260 F7200
G1 X50.000 Y135.000 E1980.10722 F7200
G1 X50.000 Y130.000 E1980.28183 F7200
G1 X50.000 Y125.000 E1980.45645 F7200
G1 X50.000 Y120.000 E1980.63106 F7200
G1 X50.000 Y115.000 E1980.80568 F7200
G1 X50.000 Y110.000 E1980.98030 F7200
G1 X50.000 Y105.000 E1981.15491 F7200
G1 X50.000 Y100.000 E1981.32953 F7200
G1 X50.000 Y95.000 E1981.50414 F7200
G1 X50.000 Y90.000 E1981.67876 F7200
G1 X50.000 Y85.000 E1981.85337 F7200
G1 X50.000 Y80.000 E1982.02799 F7200
G1 X50.000 Y75.000 E1982.20261 F7200
G1 X50.000 Y70.000 E1982.37722 F7200
G1 X50.000 Y65.000 E1982.55184 F7200
G1 X50.000 Y60.000 E1982.72645 F7200
G1 X50.000 Y55.000 E1982.90107 F7200
G1 X50.000 Y50.000 E1983.07568 F7200
;TYPE:Sparse infill
G1 X51.000 Y51.000 F12000
G1 X169.000 Y51.000 E1987.19661 F15000
G1 X169.000 Y56.000 F12000
G1 X51.000 Y56.000 E1991.31755 F15000
G1 X51.000 Y61.000 F12000
G1 X169.000 Y61.000 E1995.43848 F15000
G1 X169.000 Y66.000 F12000
G1 X51.000 Y66.000 E1999.55941 F15000
G1 X51.000 Y71.000 F12000
G1 X169.000 Y71.000 E2003.68034 F15000
G1 X169.000 Y76.000 F12000
G1 X51.000 Y76.000 E2007.80127 F15000
G1 X51.000 Y81.000 F12000
G1 X169.000 Y81.000 E2011.92220 F15000
G1 X169.000 Y86.000 F12000
G1 X51.000 Y86.000 E2016.04313 F15000
G1 X51.000 Y91.000 F12000
G1 X169.000 Y91.000 E2020.16406 F15000
G1 X169.000 Y96.000 F12000
G1 X51.000 Y96.000 E2024.28499 F15000
G1 X51.000 Y101.000 F12000
G1 X169.000 Y101.000 E2028.40592 F15000
G1 X169.000 Y106.000 F12000
G1 X51.000 Y106.000 E2032.52685 F15000
G1 X51.000 Y111.000 F12000
G1 X169.000 Y111.000 E2036.64778 F15000
G1 X169.000 Y116.000 F12000
G1 X51.000 Y116.000 E2040.76871 F15000
G1 X51.000 Y121.000 F12000
G1 X169.000 Y121.000 E2044.88964 F15000
G1 X169.000 Y126.000 F12000
G1 X51.000 Y126.000 E2049.01058 F15000
G1 X51.000 Y131.000 F12000
G1 X169.000 Y131.000 E2053.13151 F15000
G1 X169.000 Y136.000 F12000
G1 X51.000 Y136.000 E2057.25244 F15000
G1 X51.000 Y141.000 F12000
G1 X169.000 Y141.000 E2061.37337 F15000
G1 X169.000 Y146.000 F12000
G1 X51.000 Y146.000 E2065.49430 F15000
G1 X51.000 Y151.000 F12000
G1 X169.000 Y151.000 E2069.61523 F15000
G1 X169.000 Y156.000 F12000
G1 X51.000 Y156.000 E2073.73616 F15000
G1 X51.000 Y161.000 F12000
G1 X169.000 Y161.000 E2077.85709 F15000
G1 X169.000 Y166.000 F12000
G1 X51.000 Y166.000 E2081.97802 F15000
;LAYER_CHANGE
;Z:3.800
G1 Z3.800 F600
;TYPE:Outer wall
G1 X50.000 Y50.000 F7200
G1 X55.000 Y50.000 E2082.15264 F7200
G1 X60.000 Y50.000 E2082.32725 F7200
G1 X65.000 Y50.000 E2082.50187 F7200
G1 X70.000 Y50.000 E2082.67648 F7200
G1 X75.000 Y50.000 E2082.85110 F7200
G1 X80.000 Y50.000 E2083.02572 F7200
G1 X85.000 Y50.000 E2083.20033 F7200
G1 X90.000 Y50.000 E2083.37495 F7200
G1 X95.000 Y50.000 E2083.54956 F7200
G1 X100.000 Y50.000 E2083.72418 F7200
G1 X105.000 Y50.000 E2083.89879 F7200
G1 X110.000 Y50.000 E2084.07341 F7200
G1 X115.000 Y50.000 E2084.24803 F7200
G1 X120.000 Y50.000 E2084.42264 F7200
G1 X125.000 Y50.000 E2084.59726 F7200
G1 X130.000 Y50.000 E2084.77187 F7200
G1 X135.000 Y50.000 E2084.94649 F7200
G1 X140.000 Y50.000 E2085.12110 F7200
G1 X145.000 Y50.000 E2085.29572 F7200
G1 X150.000 Y50.000 E2085.47034 F7200
G1 X155.000 Y50.000 E2085.64495 F7200
G1 X160.000 Y50.000 E2085.81957 F7200
G1 X165.000 Y50.000 E2085.99418 F7200
G1 X170.000 Y50.000 E2086.16880 F7200
G1 X170.000 Y55.000 E2086.34341 F7200
G1 X170.000 Y60.000 E2086.51803 F7200
G1 X170.000 Y65.000 E2086.69265 F7200
G1 X170.000 Y70.000 E2086.86726 F7200
G1 X170.000 Y75.000 E2087.04188 F7200
G1 X170.000 Y80.000 E2087.21649 F7200
G1 X170.000 Y85.000 E2087.39111 F7200
G1 X170.000 Y90.000 E2087.56572 F7200
G1 X170.000 Y95.000 E2087.74034 F7200
G1 X170.000 Y100.000 E2087.91496 F7200
G1 X170.000 Y105.000 E2088.08957 F7200
G1 X170.000 Y110.000 E2088.26419 F7200
G1 X170.000 Y115.000 E2088.43880 F7200
G1 X170.000 Y120.000 E2088.61342 F7200
G1 X170.000 Y125.000 E2088.78803 F7200
G1 X170.000 Y130.000 E2088.96265 F7200
G1 X170.000 Y135.000 E2089.13727 F7200
G1 X170.000 Y140.000 E2089.31188 F7200
G1 X170.000 Y145.000 E2089.48650 F7200
G1 X170.000 Y150.000 E2089.66111 F7200
G1 X170.000 Y155.000 E2089.83573 F7200
G1 X170.000 Y160.000 E2090.01034 F7200
G1 X170.000 Y165.000 E2090.18496 F7200
G1 X170.000 Y170.000 E2090.35958 F7200
G1 X165.000 Y170.000 E2090.53419 F7200
G1 X160.000 Y170.000 E2090.70881 F7200
G1 X155.000 Y170.000 E2090.88342 F7200
G1 X150.000 Y170.000 E2091.05804 F7200
G1 X145.000 Y170.000 E2091.23265 F7200
G1 X140.000 Y170.000 E2091.40727 F7200
G1 X135.000 Y170.000 E2091.58189 F7200
G1 X130.000 Y170.000 E2091.75650 F7200
G1 X125.000 Y170.000 E2091.93112 F7200
G1 X120.000 Y170.000 E2092.10573 F7200
G1 X115.000 Y170.000 E2092.28035 F7200
G1 X110.000 Y170.000 E2092.45496 F7200
G1 X105.000 Y170.000 E2092.62958 F7200
G1 X100.000 Y170.000 E2092.80420 F7200
G1 X95.000 Y170.000 E2092.97881 F7200
G1 X90.000 Y170.000 E2093.15343 F7200
G1 X85.000 Y170.000 E2093.32804 F7200
G1 X80.000 Y170.000 E2093.50266 F7200
G1 X75.000 Y170.000 E2093.67727 F7200
G1 X70.000 Y170.000 E2093.85189 F7200
G1 X65.000 Y170.000 E2094.02651 F7200
G1 X60.000 Y170.000 E2094.20112 F7200
G1 X55.000 Y170.000 E2094.37574 F7200
G1 X50.000 Y170.000 E2094.55035 F7200
G1 X50.000 Y165.000 E2094.72497 F7200
G1 X50.000 Y160.000 E2094.89958 F7200
G1 X50.000 Y155.000 E2095.07420 F7200
G1 X50.000 Y150.000 E2095.24882 F7200
G1 X50.000 Y145.000 E2095.42343 F7200
G1 X50.000 Y140.000 E2095.59805 F7200
G1 X50.000 Y135.000 E2095.77266 F7200
G1 X50.000 Y130.000 E2095.94728 F7200
G1 X50.000 Y125.000 E2096.12189 F7200
G1 X50.000 Y120.000 E2096.29651 F7200
G1 X50.000 Y115.000 E2096.47113 F7200
G1 X50.000 Y110.000 E2096.64574 F7200
G1 X50.000 Y105.000 E2096.82036 F7200
G1 X50.000 Y100.000 E2096.99497 F7200
G1 X50.000 Y95.000 E2097.16959 F7200
G1 X50.000 Y90.000 E2097.34420 F7200
G1 X50.000 Y85.000 E2097.51882 F7200
G1 X50.000 Y80.000 E2097.69344 F7200
G1 X50.000 Y75.000 E2097.86805 F7200
G1 X50.000 Y70.000 E2098.04267 F7200
G1 X50.000 Y65.000 E2098.21728 F7200
G1 X50.000 Y60.000 E2098.39190 F7200
G1 X50.000 Y55.000 E2098.56651 F7200
G1 X50.000 Y50.000 E2098.74113 F7200
;TYPE:Sparse infill
G1 X51.000 Y51.000 F12000
G1 X169.000 Y51.000 E2102.86206 F15000
G1 X169.000 Y56.000 F12000
G1 X51.000 Y56.000 E2106.98299 F15000
G1 X51.000 Y61.000 F12000
G1 X169.000 Y61.000 E2111.10392 F15000
G1 X169.000 Y66.000 F12000
G1 X51.000 Y66.000 E2115.22485 F15000
G1 X51.000 Y71.000 F12000
G1 X169.000 Y71.000 E2119.34578 F15000
G1 X169.000 Y76.000 F12000
G1 X51.000 Y76.000 E2123.46671 F15000
G1 X51.000 Y81.000 F12000
G1 X169.000 Y81.000 E2127.58764 F15000
G1 X169.000 Y86.000 F12000
G1 X51.000 Y86.000 E2131.70858 F15000
G1 X51.000 Y91.000 F12000
G1 X169.000 Y91.000 E2135.82951 F15000
G1 X169.000 Y96.000 F12000
G1 X51.000 Y96.000 E2139.95044 F15000
G1 X51.000 Y101.000 F12000
G1 X169.000 Y101.000 E2144.07137 F15000
G1 X169.000 Y106.000 F12000
G1 X51.000 Y106.000 E2148.19230 F15000
G1 X51.000 Y111.000 F12000
G1 X169.000 Y111.000 E2152.31323 F15000
G1 X169.000 Y116.000 F12000
G1 X51.000 Y116.000 E2156.43416 F15000
G1 X51.000 Y121.000 F12000
G1 X169.000 Y121.000 E2160.55509 F15000
G1 X169.000 Y126.000 F12000
G1 X51.000 Y126.000 E2164.67602 F15000
G1 X51.000 Y131.000 F12000
G1 X169.000 Y131.000 E2168.79695 F15000
G1 X169.000 Y136.000 F12000
G1 X51.000 Y136.000 E2172.91788 F15000
G1 X51.000 Y141.000 F12000
G1 X169.000 Y141.000 E2177.03881 F15000
G1 X169.000 Y146.000 F12000
G1 X51.000 Y146.000 E2181.15974 F15000
G1 X51.000 Y151.000 F12000
G1 X169.000 Y151.000 E2185.28067 F15000
G1 X169.000 Y156.000 F12000
G1 X51.000 Y156.000 E2189.40161 F15000
G1 X51.000 Y161.000 F12000
G1 X169.000 Y161.000 E2193.52254 F15000
G1 X169.000 Y166.000 F12000
G1 X51.000 Y166.000 E2197.64347 F15000
;LAYER_CHANGE
;Z:4.000
G1 Z4.000 F600
;TYPE:Outer wall
G1 X50.000 Y50.000 F7200
G1 X55.000 Y50.000 E2197.81808 F7200
G1 X60.000 Y50.000 E2197.99270 F7200
G1 X65.000 Y50.000 E2198.16731 F7200
G1 X70.000 Y50.000 E2198.34193 F7200
G1 X75.000 Y50.000 E2198.51655 F7200
G1 X80.000 Y50.000 E2198.69116 F7200
G1 X85.000 Y50.000 E2198.86578 F7200
G1 X90.000 Y50.000 E2199.04039 F7200
G1 X95.000 Y50.000 E2199.21501 F7200
G1 X100.000 Y50.000 E2199.38962 F7200
G1 X105.000 Y50.000 E2199.56424 F7200
G1 X110.000 Y50.000 E2199.73886 F7200
G1 X115.000 Y50.000 E2199.91347 F7200
G1 X120.000 Y50.000 E2200.08809 F7200
G1 X125.000 Y50.000 E2200.26270 F7200
G1 X130.000 Y50.000 E2200.43732 F7200
G1 X135.000 Y50.000 E2200.61193 F7200
G1 X140.000 Y50.000 E2200.78655 F7200
G1 X145.000 Y50.000 E2200.96117 F7200
G1 X150.000 Y50.000 E2201.13578 F7200
G1 X155.000 Y50.000 E2201.31040 F7200
G1 X160.000 Y50.000 E2201.48501 F7200
G1 X165.000 Y50.000 E2201.65963 F7200
G1 X170.000 Y50.000 E2201.83424 F7200
G1 X170.000 Y55.000 E2202.00886 F7200
G1 X170.000 Y60.000 E2202.18348 F7200
G1 X170.000 Y65.000 E2202.35809 F7200
G1 X170.000 Y70.000 E2202.53271 F7200
G1 X170.000 Y75.000 E2202.70732 F7200
G1 X170.000 Y80.000 E2202.88194 F7200
G1 X170.000 Y85.000 E2203.05655 F7200
G1 X170.000 Y90.000 E2203.23117 F7200
G1 X170.000 Y95.000 E2203.40579 F7200
G1 X170.000 Y100.000 E2203.58040 F7200
G1 X170.000 Y105.000 E2203.75502 F7200
G1 X170.000 Y110.000 E2203.92963 F7200
G1 X170.000 Y115.000 E2204.10425 F7200
G1 X170.000 Y120.000 E2204.27886 F7200
G1 X170.000 Y125.000 E2204.45348 F7200
G1 X170.000 Y130.000 E2204.62810 F7200
G1 X170.000 Y135.000 E2204.80271 F7200
G1 X170.000 Y140.000 E2204.97733 F7200
G1 X170.000 Y145.000 E2205.15194 F7200
G1 X170.000 Y150.000 E2205.32656 F7200
G1 X170.000 Y155.000 E2205.50117 F7200
G1 X170.000 Y160.000 E2205.67579 F7200
G1 X170.000 Y165.000 E2205.85041 F7200
G1 X170.000 Y170.000 E2206.02502 F7200
G1 X165.000 Y170.000 E2206.19964 F7200
G1 X160.000 Y170.000 E2206.37425 F7200
G1 X155.000 Y170.000 E2206.54887 F7200
G1 X150.000 Y170.000 E2206.72348 F7200
G1 X145.000 Y170.000 E2206.89810 F7200
G1 X140.000 Y170.000 E2207.07272 F7200
G1 X135.000 Y170.000 E2207.24733 F7200
G1 X130.000 Y170.000 E2207.42195 F7200
G1 X125.000 Y170.000 E2207.59656 F7200
G1 X120.000 Y170.000 E2207.77118 F7200
G1 X115.000 Y170.000 E2207.94579 F7200
G1 X110.000 Y170.000 E2208.12041 F7200
G1 X105.000 Y170.000 E2208.29503 F7200
G1 X100.000 Y170.000 E2208.46964 F7200
G1 X95.000 Y170.000 E2208.64426 F7200
G1 X90.000 Y170.000 E2208.81887 F7200
G1 X85.000 Y170.000 E2208.99349 F7200
G1 X80.000 Y170.000 E2209.16810 F7200
G1 X75.000 Y170.000 E2209.34272 F7200
G1 X70.000 Y170.000 E2209.51734 F7200
G1 X65.000 Y170.000 E2209.69195 F7200
G1 X60.000 Y170.000 E2209.86657 F7200
G1 X55.000 Y170.000 E2210.04118 F7200
G1 X50.000 Y170.000 E2210.21580 F7200
G1 X50.000 Y165.000 E2210.39041 F7200
G1 X50.000 Y160.000 E2210.56503 F7200
G1 X50.000 Y155.000 E2210.73965 F7200
G1 X50.000 Y150.000 E2210.91426 F7200
G1 X50.000 Y145.000 E2211.08888 F7200
G1 X50.000 Y140.000 E2211.26349 F7200
G1 X50.000 Y135.000 E2211.43811 F7200
G1 X50.000 Y130.000 E2211.61272 F7200
G1 X50.000 Y125.000 E2211.78734 F7200
G1 X50.000 Y120.000 E2211.96196 F7200
G1 X50.000 Y115.000 E2212.13657 F7200
G1 X50.000 Y110.000 E2212.31119 F7200
G1 X50.000 Y105.000 E2212.48580 F7200
G1 X50.000 Y100.000 E2212.66042 F7200
G1 X50.000 Y95.000 E2212.83503 F7200
G1 X50.000 Y90.000 E2213.00965 F7200
G1 X50.000 Y85.000 E2213.18427 F7200
G1 X50.000 Y80.000 E2213.35888 F7200
G1 X50.000 Y75.000 E2213.53350 F7200
G1 X50.000 Y70.000 E2213.70811 F7200
G1 X50.000 Y65.000 E2213.88273 F7200
G1 X50.000 Y60.000 E2214.05734 F7200
G1 X50.000 Y55.000 E2214.23196 F7200
G1 X50.000 Y50.000 E2214.40658 F7200
;TYPE:Sparse infill
G1 X51.000 Y51.000 F12000
G1 X169.000 Y51.000 E2218.52751 F15000
G1 X169.000 Y56.000 F12000
G1 X51.000 Y56.000 E2222.64844 F15000
G1 X51.000 Y61.000 F12000
G1 X169.000 Y61.000 E2226.76937 F15000
G1 X169.000 Y66.000 F12000
G1 X51.000 Y66.000 E2230.89030 F15000
G1 X51.000 Y71.000 F12000
G1 X169.000 Y71.000 E2235.01123 F15000
G1 X169.000 Y76.000 F12000
G1 X51.000 Y76.000 E2239.13216 F15000
G1 X51.000 Y81.000 F12000
G1 X169.000 Y81.000 E2243.25309 F15000
G1 X169.000 Y86.000 F12000
G1 X51.000 Y86.000 E2247.37402 F15000
G1 X51.000 Y91.000 F12000
G1 X169.000 Y91.000 E2251.49495 F15000
G1 X169.000 Y96.000 F12000
G1 X51.000 Y96.000 E2255.61588 F15000
G1 X51.000 Y101.000 F12000
G1 X169.000 Y101.000 E2259.73681 F15000
G1 X169.000 Y106.000 F12000
G1 X51.000 Y106.000 E2263.85774 F15000
G1 X51.000 Y111.000 F12000
G1 X169.000 Y111.000 E2267.97867 F15000
G1 X169.000 Y116.000 F12000
G1 X51.000 Y116.000 E2272.09961 F15000
G1 X51.000 Y121.000 F12000
G1 X169.000 Y121.000 E2276.22054 F15000
G1 X169.000 Y126.000 F12000
G1 X51.000 Y126.000 E2280.34147 F15000
G1 X51.000 Y131.000 F12000
G1 X169.000 Y131.000 E2284.46240 F15000
G1 X169.000 Y136.000 F12000
G1 X51.000 Y136.000 E2288.58333 F15000
G1 X51.000 Y141.000 F12000
G1 X169.000 Y141.000 E2292.70426 F15000
G1 X169.000 Y146.000 F12000
G1 X51.000 Y146.000 E2296.82519 F15000
G1 X51.000 Y151.000 F12000
G1 X169.000 Y151.000 E2300.94612 F15000
G1 X169.000 Y156.000 F12000
G1 X51.000 Y156.000 E2305.06705 F15000
G1 X51.000 Y161.000 F12000
G1 X169.000 Y161.000 E2309.18798 F15000
G1 X169.000 Y166.000 F12000
G1 X51.000 Y166.000 E2313.30891 F15000
;LAYER_CHANGE
;Z:4.200
G1 Z4.200 F600
;TYPE:Outer wall
G1 X50.000 Y50.000 F7200
G1 X55.000 Y50.000 E2313.48353 F7200
G1 X60.000 Y50.000 E2313.65814 F7200
G1 X65.000 Y50.000 E2313.83276 F7200
G1 X70.000 Y50.000 E2314.00738 F7200
G1 X75.000 Y50.000 E2314.18199 F7200
G1 X80.000 Y50.000 E2314.35661 F7200
G1 X85.000 Y50.000 E2314.53122 F7200
G1 X90.000 Y50.000 E2314.70584 F7200
G1 X95.000 Y50.000 E2314.88045 F7200
G1 X100.000 Y50.000 E2315.05507 F7200
G1 X105.000 Y50.000 E2315.22969 F7200
G1 X110.000 Y50.000 E2315.40430 F7200
G1 X115.000 Y50.000 E2315.57892 F7200
G1 X120.000 Y50.000 E2315.75353 F7200
G1 X125.000 Y50.000 E2315.92815 F7200
G1 X130.000 Y50.000 E2316.10276 F7200
G1 X135.000 Y50.000 E2316.27738 F7200
G1 X140.000 Y50.000 E2316.45200 F7200
G1 X145.000 Y50.000 E2316.62661 F7200
G1 X150.000 Y50.000 E2316.80123 F7200
G1 X155.000 Y50.000 E2316.97584 F7200
G1 X160.000 Y50.000 E2317.15046 F7200
G1 X165.000 Y50.000 E2317.32507 F7200
G1 X170.000 Y50.000 E2317.49969 F7200
G1 X170.000 Y55.000 E2317.67431 F7200
G1 X170.000 Y60.000 E2317.84892 F7200
G1 X170.000 Y65.000 E2318.02354 F7200
G1 X170.000 Y70.000 E2318.19815 F7200
G1 X170.000 Y75.000 E2318.37277 F7200
G1 X170.000 Y80.000 E2318.54738 F7200
G1 X170.000 Y85.000 E2318.72200 F7200
G1 X170.000 Y90.000 E2318.89662 F7200
G1 X170.000 Y95.000 E2319.07123 F7200
G1 X170.000 Y100.000 E2319.24585 F7200
G1 X170.000 Y105.000 E2319.42046 F7200
G1 X170.000 Y110.000 E2319.59508 F7200
G1 X170.000 Y115.000 E2319.76969 F7200
G1 X170.000 Y120.000 E2319.94431 F7200
G1 X170.000 Y125.000 E2320.11893 F7200
G1 X170.000 Y130.000 E2320.29354 F7200
G1 X170.000 Y135.000 E2320.46816 F7200
G1 X170.000 Y140.000 E2320.64277 F7200
G1 X170.000 Y145.000 E2320.81739 F7200
G1 X170.000 Y150.000 E2320.99200 F7200
G1 X170.000 Y155.000 E2321.16662 F7200
G1 X170.000 Y160.000 E2321.34124 F7200
G1 X170.000 Y165.000 E2321.51585 F7200
G1 X170.000 Y170.000 E2321.69047 F7200
G1 X165.000 Y170.000 E2321.86508 F7200
G1 X160.000 Y170.000 E2322.03970 F7200
G1 X155.000 Y170.000 E2322.21431 F7200
G1 X150.000 Y170.000 E2322.38893 F7200
G1 X145.000 Y170.000 E2322.56355 F7200
G1 X140.000 Y170.000 E2322.73816 F7200
G1 X135.000 Y170.000 E2322.91278 F7200
G1 X130.000 Y170.000 E2323.08739 F7200
G1 X125.000 Y170.000 E2323.26201 F7200
G1 X120.000 Y170.000 E2323.43662 F7200
G1 X115.000 Y170.000 E2323.61124 F7200
G1 X110.000 Y170.000 E2323.78586 F7200
G1 X105.000 Y170.000 E2323.96047 F7200
G1 X100.000 Y170.000 E2324.13509 F7200
G1 X95.000 Y170.000 E2324.30970 F7200
G1 X90.000 Y170.000 E2324.48432 F7200
G1 X85.000 Y170.000 E2324.65893 F7200
G1 X80.000 Y170.000 E2324.83355 F7200
G1 X75.000 Y170.000 E2325.00817 F7200
G1 X70.000 Y170.000 E2325.18278 F7200
G1 X65.000 Y170.000 E2325.35740 F7200
G1 X60.000 Y170.000 E2325.53201 F7200
G1 X55.000 Y170.000 E2325.70663 F7200
G1 X50.000 Y170.000 E2325.88124 F7200
G1 X50.000 Y165.000 E2326.05586 F7200
G1 X50.000 Y160.000 E2326.23048 F7200
G1 X50.000 Y155.000 E2326.40509 F7200
G1 X50.000 Y150.000 E2326.57971 F7200
G1 X50.000 Y145.000 E2326.75432 F7200
G1 X50.000 Y140.000 E2326.92894 F7200
G1 X50.000 Y135.000 E2327.10355 F7200
G1 X50.000 Y130.000 E2327.27817 F7200
G1 X50.000 Y125.000 E2327.45279 F7200
G1 X50.000 Y120.000 E2327.62740 F7200
G1 X50.000 Y115.000 E2327.80202 F7200
G1 X50.000 Y110.000 E2327.97663 F7200
G1 X50.000 Y105.000 E2328.15125 F7200
G1 X50.000 Y100.000 E2328.32586 F7200
G1 X50.000 Y95.000 E2328.50048 F7200
G1 X50.000 Y90.000 E2328.67510 F7200
G1 X50.000 Y85.000 E2328.84971 F7200
G1 X50.000 Y80.000 E2329.02433 F7200
G1 X50.000 Y75.000 E2329.19894 F7200
G1 X50.000 Y70.000 E2329.37356 F7200
G1 X50.000 Y65.000 E2329.54817 F7200
G1 X50.000 Y60.000 E2329.72279 F7200
G1 X50.000 Y55.000 E2329.89741 F7200
G1 X50.000 Y50.000 E2330.07202 F7200
;TYPE:Sparse infill
G1 X51.000 Y51.000 F12000
G1 X169.000 Y51.000 E2334.19295 F15000
G1 X169.000 Y56.000 F12000
G1 X51.000 Y56.000 E2338.31388 F15000
G1 X51.000 Y61.000 F12000
G1 X169.000 Y61.000 E2342.43481 F15000
G1 X169.000 Y66.000 F12000
G1 X51.000 Y66.000 E2346.55574 F15000
G1 X51.000 Y71.000 F12000
G1 X169.000 Y71.000 E2350.67667 F15000
G1 X169.000 Y76.000 F12000
G1 X51.000 Y76.000 E2354.79761 F15000
G1 X51.000 Y81.000 F12000
G1 X169.000 Y81.000 E2358.91854 F15000
G1 X169.000 Y86.000 F12000
G1 X51.000 Y86.000 E2363.03947 F15000
G1 X51.000 Y91.000 F12000
G1 X169.000 Y91.000 E2367.16040 F15000
G1 X169.000 Y96.000 F12000
G1 X51.000 Y96.000 E2371.28133 F15000
G1 X51.000 Y101.000 F12000
G1 X169.000 Y101.000 E2375.40226 F15000
G1 X169.000 Y106.000 F12000
G1 X51.000 Y106.000 E2379.52319 F15000
G1 X51.000 Y111.000 F12000
G1 X169.000 Y111.000 E2383.64412 F15000
G1 X169.000 Y116.000 F12000
G1 X51.000 Y116.000 E2387.76505 F15000
G1 X51.000 Y121.000 F12000
G1 X169.000 Y121.000 E2391.88598 F15000
G1 X169.000 Y126.000 F12000
G1 X51.000 Y126.000 E2396.00691 F15000
G1 X51.000 Y131.000 F12000
G1 X169.000 Y131.000 E2400.12784 F15000
G1 X169.000 Y136.000 F12000
G1 X51.000 Y136.000 E2404.24877 F15000
G1 X51.000 Y141.000 F12000
G1 X169.000 Y141.000 E2408.36970 F15000
G1 X169.000 Y146.000 F12000
G1 X51.000 Y146.000 E2412.49064 F15000
G1 X51.000 Y151.000 F12000
G1 X169.000 Y151.000 E2416.61157 F15000
G1 X169.000 Y156.000 F12000
G1 X51.000 Y156.000 E2420.73250 F15000
G1 X51.000 Y161.000 F12000
G1 X169.000 Y161.000 E2424.85343 F15000
G1 X169.000 Y166.000 F12000
G1 X51.000 Y166.000 E2428.97436 F15000
;LAYER_CHANGE
;Z:4.400
G1 Z4.400 F600
;TYPE:Outer wall
G1 X50.000 Y50.000 F7200
G1 X55.000 Y50.000 E2429.14897 F7200
G1 X60.000 Y50.000 E2429.32359 F7200
G1 X65.000 Y50.000 E2429.49821 F7200
G1 X70.000 Y50.000 E2429.67282 F7200
G1 X75.000 Y50.000 E2429.84744 F7200
G1 X80.000 Y50.000 E2430.02205 F7200
G1 X85.000 Y50.000 E2430.19667 F7200
G1 X90.000 Y50.000 E2430.37128 F7200
G1 X95.000 Y50.000 E2430.54590 F7200
G1 X100.000 Y50.000 E2430.72052 F7200
G1 X105.000 Y50.000 E2430.89513 F7200
G1 X110.000 Y50.000 E2431.06975 F7200
G1 X115.000 Y50.000 E2431.24436 F7200
G1 X120.000 Y50.000 E2431.41898 F7200
G1 X125.000 Y50.000 E2431.59359 F7200
G1 X130.000 Y50.000 E2431.76821 F7200
G1 X135.000 Y50.000 E2431.94283 F7200
G1 X140.000 Y50.000 E2432.11744 F7200
G1 X145.000 Y50.000 E2432.29206 F7200
G1 X150.000 Y50.000 E2432.46667 F7200
G1 X155.000 Y50.000 E2432.64129 F7200
G1 X160.000 Y50.000 E2432.81590 F7200
G1 X165.000 Y50.000 E2432.99052 F7200
G1 X170.000 Y50.000 E2433.16514 F7200
G1 X170.000 Y55.000 E2433.33975 F7200
G1 X170.000 Y60.000 E2433.51437 F7200
G1 X170.000 Y65.000 E2433.68898 F7200
G1 X170.000 Y70.000 E2433.86360 F7200
G1 X170.000 Y75.000 E2434.03821 F7200
G1 X170.000 Y80.000 E2434.21283 F7200
G1 X170.000 Y85.000 E2434.38745 F7200
G1 X170.000 Y90.000 E2434.56206 F7200
G1 X170.000 Y95.000 E2434.73668 F7200
G1 X170.000 Y100.000 E2434.91129 F7200
G1 X170.000 Y105.000 E2435.08591 F7200
G1 X170.000 Y110.000 E2435.26052 F7200
G1 X170.000 Y115.000 E2435.43514 F7200
G1 X170.000 Y120.000 E2435.60976 F7200
G1 X170.000 Y125.000 E2435.78437 F7200
G1 X170.000 Y130.000 E2435.95899 F7200
G1 X170.000 Y135.000 E2436.13360 F7200
G1 X170.000 Y140.000 E2436.30822 F7200
G1 X170.000 Y145.000 E2436.48283 F7200
G1 X170.000 Y150.000 E2436.65745 F7200
G1 X170.000 Y155.000 E2436.83207 F7200
G1 X170.000 Y160.000 E2437.00668 F7200
G1 X170.000 Y165.000 E2437.18130 F7200
G1 X170.000 Y170.000 E2437.35591 F7200
G1 X165.000 Y170.000 E2437.53053 F7200
G1 X160.000 Y170.000 E2437.70514 F7200
G1 X155.000 Y170.000 E2437.87976 F7200
G1 X150.000 Y170.000 E2438.05438 F7200
G1 X145.000 Y170.000 E2438.22899 F7200
G1 X140.000 Y170.000 E2438.40361 F7200
G1 X135.000 Y170.000 E2438.57822 F7200
G1 X130.000 Y170.000 E2438.75284 F7200
G1 X125.000 Y170.000 E2438.92745 F7200
G1 X120.000 Y170.000 E2439.10207 F7200
G1 X115.000 Y170.000 E2439.27669 F7200
G1 X110.000 Y170.000 E2439.45130 F7200
G1 X105.000 Y170.000 E2439.62592 F7200
G1 X100.000 Y170.000 E2439.80053 F7200
G1 X95.000 Y170.000 E2439.97515 F7200
G1 X90.000 Y170.000 E2440.14976 F7200
G1 X85.000 Y170.000 E2440.32438 F7200
G1 X80.000 Y170.000 E2440.49900 F7200
G1 X75.000 Y170.000 E2440.67361 F7200
G1 X70.000 Y170.000 E2440.84823 F7200
G1 X65.000 Y170.000 E2441.02284 F7200
G1 X60.000 Y170.000 E2441.19746 F7200
G1 X55.000 Y170.000 E2441.37207 F7200
G1 X50.000 Y170.000 E2441.54669 F7200
G1 X50.000 Y165.000 E2441.72131 F7200
G1 X50.000 Y160.000 E2441.89592 F7200
G1 X50.000 Y155.000 E2442.07054 F7200
G1 X50.000 Y150.000 E2442.24515 F7200
G1 X50.000 Y145.000 E2442.41977 F7200
G1 X50.000 Y140.000 E2442.59438 F7200
G1 X50.000 Y135.000 E2442.76900 F7200
G1 X50.000 Y130.000 E2442.94362 F7200
G1 X50.000 Y125.000 E2443.11823 F7200
G1 X50.000 Y120.000 E2443.29285 F7200
G1 X50.000 Y115.000 E2443.46746 F7200
G1 X50.000 Y110.000 E2443.64208 F7200
G1 X50.000 Y105.000 E2443.81669 F7200
G1 X50.000 Y100.000 E2443.99131 F7200
G1 X50.000 Y95.000 E2444.16593 F7200
G1 X50.000 Y90.000 E2444.34054 F7200
G1 X50.000 Y85.000 E2444.51516 F7200
G1 X50.000 Y80.000 E2444.68977 F7200
G1 X50.000 Y75.000 E2444.86439 F7200
G1 X50.000 Y70.000 E2445.03900 F7200
G1 X50.000 Y65.000 E2445.21362 F7200
G1 X50.000 Y60.000 E2445.38824 F7200
G1 X50.000 Y55.000 E2445.56285 F7200
G1 X50.000 Y50.000 E2445.73747 F7200
;TYPE:Sparse infill
G1 X51.000 Y51.000 F12000
G1 X169.000 Y51.000 E2449.85840 F15000
G1 X169.000 Y56.000 F12000
G1 X51.000 Y56.000 E2453.97933 F15000
G1 X51.000 Y61.000 F12000
G1 X169.000 Y61.000 E2458.10026 F15000
G1 X169.000 Y66.000 F12000
G1 X51.000 Y66.000 E2462.22119 F15000
G1 X51.000 Y71.000 F12000
G1 X169.000 Y71.000 E2466.34212 F15000
G1 X169.000 Y76.000 F12000
G1 X51.000 Y76.000 E2470.46305 F15000
G1 X51.000 Y81.000 F12000
G1 X169.000 Y81.000 E2474.58398 F15000
G1 X169.000 Y86.000 F12000
G1 X51.000 Y86.000 E2478.70491 F15000
G1 X51.000 Y91.000 F12000
G1 X169.000 Y91.000 E2482.82584 F15000
G1 X169.000 Y96.000 F12000
G1 X51.000 Y96.000 E2486.94677 F15000
G1 X51.000 Y101.000 F12000
G1 X169.000 Y101.000 E2491.06770 F15000
G1 X169.000 Y106.000 F12000
G1 X51.000 Y106.000 E2495.18864 F15000
G1 X51.000 Y111.000 F12000
G1 X169.000 Y111.000 E2499.30957 F15000
G1 X169.000 Y116.000 F12000
G1 X51.000 Y116.000 E2503.43050 F15000
G1 X51.000 Y121.000 F12000
G1 X169.000 Y121.000 E2507.55143 F15000
G1 X169.000 Y126.000 F12000
G1 X51.000 Y126.000 E2511.67236 F15000
G1 X51.000 Y131.000 F12000
G1 X169.000 Y131.000 E2515.79329 F15000
G1 X169.000 Y136.000 F12000
G1 X51.000 Y136.000 E2519.91422 F15000
G1 X51.000 Y141.000 F12000
G1 X169.000 Y141.000 E2524.03515 F15000
G1 X169.000 Y146.000 F12000
G1 X51.000 Y146.000 E2528.15608 F15000
G1 X51.000 Y151.000 F12000
G1 X169.000 Y151.000 E2532.27701 F15000
G1 X169.000 Y156.000 F12000
G1 X51.000 Y156.000 E2536.39794 F15000
G1 X51.000 Y161.000 F12000
G1 X169.000 Y161.000 E2540.51887 F15000
G1 X169.000 Y166.000 F12000
G1 X51.000 Y166.000 E2544.63980 F15000
;LAYER_CHANGE
;Z:4.600
G1 Z4.600 F600
;TYPE:Outer wall
G1 X50.000 Y50.000 F7200
G1 X55.000 Y50.000 E2544.81442 F7200
G1 X60.000 Y50.000 E2544.98904 F7200
G1 X65.000 Y50.000 E2545.16365 F7200
G1 X70.000 Y50.000 E2545.33827 F7200
G1 X75.000 Y50.000 E2545.51288 F7200
G1 X80.000 Y50.000 E2545.68750 F7200
G1 X85.000 Y50.000 E2545.86211 F7200
G1 X90.000 Y50.000 E2546.03673 F7200
G1 X95.000 Y50.000 E2546.21135 F7200
G1 X100.000 Y50.000 E2546.38596 F7200
G1 X105.000 Y50.000 E2546.56058 F7200
G1 X110.000 Y50.000 E2546.73519 F7200
G1 X115.000 Y50.000 E2546.90981 F7200
G1 X120.000 Y50.000 E2547.08442 F7200
G1 X125.000 Y50.000 E2547.25904 F7200
G1 X130.000 Y50.000 E2547.43366 F7200
G1 X135.000 Y50.000 E2547.60827 F7200
G1 X140.000 Y50.000 E2547.78289 F7200
G1 X145.000 Y50.000 E2547.95750 F7200
G1 X150.000 Y50.000 E2548.13212 F7200
G1 X155.000 Y50.000 E2548.30673 F7200
G1 X160.000 Y50.000 E2548.48135 F7200
G1 X165.000 Y50.000 E2548.65597 F7200
G1 X170.000 Y50.000 E2548.83058 F7200
G1 X170.000 Y55.000 E2549.00520 F7200
G1 X170.000 Y60.000 E2549.17981 F7200
G1 X170.000 Y65.000 E2549.35443 F7200
G1 X170.000 Y70.000 E2549.52904 F7200
G1 X170.000 Y75.000 E2549.70366 F7200
G1 X170.000 Y80.000 E2549.87828 F7200
G1 X170.000 Y85.000 E2550.05289 F7200
G1 X170.000 Y90.000 E2550.22751 F7200
G1 X170.000 Y95.000 E2550.40212 F7200
G1 X170.000 Y100.000 E2550.57674 F7200
G1 X170.000 Y105.000 E2550.75135 F7200
G1 X170.000 Y110.000 E2550.92597 F7200
G1 X170.000 Y115.000 E2551.10059 F7200
G1 X170.000 Y120.000 E2551.27520 F7200
G1 X170.000 Y125.000 E2551.44982 F7200
G1 X170.000 Y130.000 E2551.62443 F7200
G1 X170.000 Y135.000 E2551.79905 F7200
G1 X170.000 Y140.000 E2551.97366 F7200
G1 X170.000 Y145.000 E2552.14828 F7200
G1 X170.000 Y150.000 E2552.32290 F7200
G1 X170.000 Y155.000 E2552.49751 F7200
G1 X170.000 Y160.000 E2552.67213 F7200
G1 X170.000 Y165.000 E2552.84674 F7200
G1 X170.000 Y170.000 E2553.02136 F7200
G1 X165.000 Y170.000 E2553.19597 F7200
G1 X160.000 Y170.000 E2553.37059 F7200
G1 X155.000 Y170.000 E2553.54521 F7200
G1 X150.000 Y170.000 E2553.71982 F7200
G1 X145.000 Y170.000 E2553.89444 F7200
G1 X140.000 Y170.000 E2554.06905 F7200
G1 X135.000 Y170.000 E2554.24367 F7200
G1 X130.000 Y170.000 E2554.41828 F7200
G1 X125.000 Y170.000 E2554.59290 F7200
G1 X120.000 Y170.000 E2554.76752 F7200
G1 X115.000 Y170.000 E2554.94213 F7200
G1 X110.000 Y170.000 E2555.11675 F7200
G1 X105.000 Y170.000 E2555.29136 F7200
G1 X100.000 Y170.000 E2555.46598 F7200
G1 X95.000 Y170.000 E2555.64059 F7200
G1 X90.000 Y170.000 E2555.81521 F7200
G1 X85.000 Y170.000 E2555.98983 F7200
G1 X80.000 Y170.000 E2556.16444 F7200
G1 X75.000 Y170.000 E2556.33906 F7200
G1 X70.000 Y170.000 E2556.51367 F7200
G1 X65.000 Y170.000 E2556.68829 F7200
G1 X60.000 Y170.000 E2556.86290 F7200
G1 X55.000 Y170.000 E2557.03752 F7200
G1 X50.000 Y170.000 E2557.21214 F7200
G1 X50.000 Y165.000 E2557.38675 F7200
G1 X50.000 Y160.000 E2557.56137 F7200
G1 X50.000 Y155.000 E2557.73598 F7200
G1 X50.000 Y150.000 E2557.91060 F7200
G1 X50.000 Y145.000 E2558.08521 F7200
G1 X50.000 Y140.000 E2558.25983 F7200
G1 X50.000 Y135.000 E2558.43445 F7200
G1 X50.000 Y130.000 E2558.60906 F7200
G1 X50.000 Y125.000 E2558.78368 F7200
G1 X50.000 Y120.000 E2558.95829 F7200
G1 X50.000 Y115.000 E2559.13291 F7200
G1 X50.000 Y110.000 E2559.30752 F7200
G1 X50.000 Y105.000 E2559.48214 F7200
G1 X50.000 Y100.000 E2559.65675 F7200
G1 X50.000 Y95.000 E2559.83137 F7200
G1 X50.000 Y90.000 E2560.00599 F7200
G1 X50.000 Y85.000 E2560.18060 F7200
G1 X50.000 Y80.000 E2560.35522 F7200
G1 X50.000 Y75.000 E2560.52983 F7200
G1 X50.000 Y70.000 E2560.70445 F7200
G1 X50.000 Y65.000 E2560.87906 F7200
G1 X50.000 Y60.000 E2561.05368 F7200
G1 X50.000 Y55.000 E2561.22830 F7200
G1 X50.000 Y50.000 E2561.40291 F7200
;TYPE:Sparse infill
G1 X51.000 Y51.000 F12000
G1 X169.000 Y51.000 E2565.52384 F15000
G1 X169.000 Y56.000 F12000
G1 X51.000 Y56.000 E2569.64477 F15000
G1 X51.000 Y61.000 F12000
G1 X169.000 Y61.000 E2573.76570 F15000
G1 X169.000 Y66.000 F12000
G1 X51.000 Y66.000 E2577.88663 F15000
G1 X51.000 Y71.000 F12000
G1 X169.000 Y71.000 E2582.00757 F15000
G1 X169.000 Y76.000 F12000
G1 X51.000 Y76.000 E2586.12850 F15000
G1 X51.000 Y81.000 F12000
G1 X169.000 Y81.000 E2590.24943 F15000
G1 X169.000 Y86.000 F12000
G1 X51.000 Y86.000 E2594.37036 F15000
G1 X51.000 Y91.000 F12000
G1 X169.000 Y91.000 E2598.49129 F15000
G1 X169.000 Y96.000 F12000
G1 X51.000 Y96.000 E2602.61222 F15000
G1 X51.000 Y101.000 F12000
G1 X169.000 Y101.000 E2606.73315 F15000
G1 X169.000 Y106.000 F12000
G1 X51.000 Y106.000 E2610.85408 F15000
G1 X51.000 Y111.000 F12000
G1 X169.000 Y111.000 E2614.97501 F15000
G1 X169.000 Y116.000 F12000
G1 X51.000 Y116.000 E2619.09594 F15000
G1 X51.000 Y121.000 F12000
G1 X169.000 Y121.000 E2623.21687 F15000
G1 X169.000 Y126.000 F12000
G1 X51.000 Y126.000 E2627.33780 F15000
G1 X51.000 Y131.000 F12000
G1 X169.000 Y131.000 E2631.45873 F15000
G1 X169.000 Y136.000 F12000
G1 X51.000 Y136.000 E2635.57967 F15000
G1 X51.000 Y141.000 F12000
G1 X169.000 Y141.000 E2639.70060 F15000
G1 X169.000 Y146.000 F12000
G1 X51.000 Y146.000 E2643.82153 F15000
G1 X51.000 Y151.000 F12000
G1 X169.000 Y151.000 E2647.94246 F15000
G1 X169.000 Y156.000 F12000
G1 X51.000 Y156.000 E2652.06339 F15000
G1 X51.000 Y161.000 F12000
G1 X169.000 Y161.000 E2656.18432 F15000
G1 X169.000 Y166.000 F12000
G1 X51.000 Y166.000 E2660.30525 F15000
;LAYER_CHANGE
;Z:4.800
G1 Z4.800 F600
;TYPE:Outer wall
G1 X50.000 Y50.000 F7200
G1 X55.000 Y50.000 E2660.47987 F7200
G1 X60.000 Y50.000 E2660.65448 F7200
G1 X65.000 Y50.000 E2660.82910 F7200
G1 X70.000 Y50.000 E2661.00371 F7200
G1 X75.000 Y50.000 E2661.17833 F7200
G1 X80.000 Y50.000 E2661.35294 F7200
G1 X85.000 Y50.000 E2661.52756 F7200
G1 X90.000 Y50.000 E2661.70218 F7200
G1 X95.000 Y50.000 E2661.87679 F7200
G1 X100.000 Y50.000 E2662.05141 F7200
G1 X105.000 Y50.000 E2662.22602 F7200
G1 X110.000 Y50.000 E2662.40064 F7200
G1 X115.000 Y50.000 E2662.57525 F7200
G1 X120.000 Y50.000 E2662.74987 F7200
G1 X125.000 Y50.000 E2662.92449 F7200
G1 X130.000 Y50.000 E2663.09910 F7200
G1 X135.000 Y50.000 E2663.27372 F7200
G1 X140.000 Y50.000 E2663.44833 F7200
G1 X145.000 Y50.000 E2663.62295 F7200
G1 X150.000 Y50.000 E2663.79756 F7200
G1 X155.000 Y50.000 E2663.97218 F7200
G1 X160.000 Y50.000 E2664.14680 F7200
G1 X165.000 Y50.000 E2664.32141 F7200
G1 X170.000 Y50.000 E2664.49603 F7200
G1 X170.000 Y55.000 E2664.67064 F7200
G1 X170.000 Y60.000 E2664.84526 F7200
G1 X170.000 Y65.000 E2665.01987 F7200
G1 X170.000 Y70.000 E2665.19449 F7200
G1 X170.000 Y75.000 E2665.36911 F7200
G1 X170.000 Y80.000 E2665.54372 F7200
G1 X170.000 Y85.000 E2665.71834 F7200
G1 X170.000 Y90.000 E2665.89295 F7200
G1 X170.000 Y95.000 E2666.06757 F7200
G1 X170.000 Y100.000 E2666.24218 F7200
G1 X170.000 Y105.000 E2666.41680 F7200
G1 X170.000 Y110.000 E2666.59142 F7200
G1 X170.000 Y115.000 E2666.76603 F7200
G1 X170.000 Y120.000 E2666.94065 F7200
G1 X170.000 Y125.000 E2667.11526 F7200
G1 X170.000 Y130.000 E2667.28988 F7200
G1 X170.000 Y135.000 E2667.46449 F7200
G1 X170.000 Y140.000 E2667.63911 F7200
G1 X170.000 Y145.000 E2667.81373 F7200
G1 X170.000 Y150.000 E2667.98834 F7200
G1 X170.000 Y155.000 E2668.16296 F7200
G1 X170.000 Y160.000 E2668.33757 F7200
G1 X170.000 Y165.000 E2668.51219 F7200
G1 X170.000 Y170.000 E2668.68680 F7200
G1 X165.000 Y170.000 E2668.86142 F7200
G1 X160.000 Y170.000 E2669.03604 F7200
G1 X155.000 Y170.000 E2669.21065 F7200
G1 X150.000 Y170.000 E2669.38527 F7200
G1 X145.000 Y170.000 E2669.55988 F7200
G1 X140.000 Y170.000 E2669.73450 F7200
G1 X135.000 Y170.000 E2669.90911 F7200
G1 X130.000 Y170.000 E2670.08373 F7200
G1 X125.000 Y170.000 E2670.25835 F7200
G1 X120.000 Y170.000 E2670.43296 F7200
G1 X115.000 Y170.000 E2670.60758 F7200
G1 X110.000 Y170.000 E2670.78219 F7200
G1 X105.000 Y170.000 E2670.95681 F7200
G1 X100.000 Y170.000 E2671.13142 F7200
G1 X95.000 Y170.000 E2671.30604 F7200
G1 X90.000 Y170.000 E2671.48066 F7200
G1 X85.000 Y170.000 E2671.65527 F7200
G1 X80.000 Y170.000 E2671.82989 F7200
G1 X75.000 Y170.000 E2672.00450 F7200
G1 X70.000 Y170.000 E2672.17912 F7200
G1 X65.000 Y170.000 E2672.35373 F7200
G1 X60.000 Y170.000 E2672.52835 F7200
G1 X55.000 Y170.000 E2672.70296 F7200
G1 X50.000 Y170.000 E2672.87758 F7200
G1 X50.000 Y165.000 E2673.05220 F7200
G1 X50.000 Y160.000 E2673.22681 F7200
G1 X50.000 Y155.000 E2673.40143 F7200
G1 X50.000 Y150.000 E2673.57604 F7200
G1 X50.000 Y145.000 E2673.75066 F7200
G1 X50.000 Y140.000 E2673.92527 F7200
G1 X50.000 Y135.000 E2674.09989 F7200
G1 X50.000 Y130.000 E2674.27451 F7200
G1 X50.000 Y125.000 E2674.44912 F7200
G1 X50.000 Y120.000 E2674.62374 F7200
G1 X50.000 Y115.000 E2674.79835 F7200
G1 X50.000 Y110.000 E2674.97297 F7200
G1 X50.000 Y105.000 E2675.14758 F7200
G1 X50.000 Y100.000 E2675.32220 F7200
G1 X50.000 Y95.000 E2675.49682 F7200
G1 X50.000 Y90.000 E2675.67143 F7200
G1 X50.000 Y85.000 E2675.84605 F7200
G1 X50.000 Y80.000 E2676.02066 F7200
G1 X50.000 Y75.000 E2676.19528 F7200
G1 X50.000 Y70.000 E2676.36989 F7200
G1 X50.000 Y65.000 E2676.54451 F7200
G1 X50.000 Y60.000 E2676.71913 F7200
G1 X50.000 Y55.000 E2676.89374 F7200
G1 X50.000 Y50.000 E2677.06836 F7200
;TYPE:Sparse infill
G1 X51.000 Y51.000 F12000
G1 X169.000 Y51.000 E2681.18929 F15000
G1 X169.000 Y56.000 F12000
G1 X51.000 Y56.000 E2685.31022 F15000
G1 X51.000 Y61.000 F12000
G1 X169.000 Y61.000 E2689.43115 F15000
G1 X169.000 Y66.000 F12000
G1 X51.000 Y66.000 E2693.55208 F15000
G1 X51.000 Y71.000 F12000
G1 X169.000 Y71.000 E2697.67301 F15000
G1 X169.000 Y76.000 F12000
G1 X51.000 Y76.000 E2701.79394 F15000
G1 X51.000 Y81.000 F12000
G1 X169.000 Y81.000 E2705.91487 F15000
G1 X169.000 Y86.000 F12000
G1 X51.000 Y86.000 E2710.03580 F15000
G1 X51.000 Y91.000 F12000
G1 X169.000 Y91.000 E2714.15673 F15000
G1 X169.000 Y96.000 F12000
G1 X51.000 Y96.000 E2718.27767 F15000
G1 X51.000 Y101.000 F12000
G1 X169.000 Y101.000 E2722.39860 F15000
G1 X169.000 Y106.000 F12000
G1 X51.000 Y106.000 E2726.51953 F15000
G1 X51.000 Y111.000 F12000
G1 X169.000 Y111.000 E2730.64046 F15000
G1 X169.000 Y116.000 F12000
G1 X51.000 Y116.000 E2734.76139 F15000
G1 X51.000 Y121.000 F12000
G1 X169.000 Y121.000 E2738.88232 F15000
G1 X169.000 Y126.000 F12000
G1 X51.000 Y126.000 E2743.00325 F15000
G1 X51.000 Y131.000 F12000
G1 X169.000 Y131.000 E2747.12418 F15000
G1 X169.000 Y136.000 F12000
G1 X51.000 Y136.000 E2751.24511 F15000
G1 X51.000 Y141.000 F12000
G1 X169.000 Y141.000 E2755.36604 F15000
G1 X169.000 Y146.000 F12000
G1 X51.000 Y146.000 E2759.48697 F15000
G1 X51.000 Y151.000 F12000
G1 X169.000 Y151.000 E2763.60790 F15000
G1 X169.000 Y156.000 F12000
G1 X51.000 Y156.000 E2767.72883 F15000
G1 X51.000 Y161.000 F12000
G1 X169.000 Y161.000 E2771.84976 F15000
G1 X169.000 Y166.000 F12000
G1 X51.000 Y166.000 E2775.97070 F15000
;LAYER_CHANGE
;Z:5.000
G1 Z5.000 F600
;TYPE:Outer wall
G1 X50.000 Y50.000 F7200
G1 X55.000 Y50.000 E2776.14531 F7200
G1 X60.000 Y50.000 E2776.31993 F7200
G1 X65.000 Y50.000 E2776.49454 F7200
G1 X70.000 Y50.000 E2776.66916 F7200
G1 X75.000 Y50.000 E2776.84377 F7200
G1 X80.000 Y50.000 E2777.01839 F7200
G1 X85.000 Y50.000 E2777.19301 F7200
G1 X90.000 Y50.000 E2777.36762 F7200
G1 X95.000 Y50.000 E2777.54224 F7200
G1 X100.000 Y50.000 E2777.71685 F7200
G1 X105.000 Y50.000 E2777.89147 F7200
G1 X110.000 Y50.000 E2778.06608 F7200
G1 X115.000 Y50.000 E2778.24070 F7200
G1 X120.000 Y50.000 E2778.41532 F7200
G1 X125.000 Y50.000 E2778.58993 F7200
G1 X130.000 Y50.000 E2778.76455 F7200
G1 X135.000 Y50.000 E2778.93916 F7200
G1 X140.000 Y50.000 E2779.11378 F7200
G1 X145.000 Y50.000 E2779.28839 F7200
G1 X150.000 Y50.000 E2779.46301 F7200
G1 X155.000 Y50.000 E2779.63763 F7200
G1 X160.000 Y50.000 E2779.81224 F7200
G1 X165.000 Y50.000 E2779.98686 F7200
G1 X170.000 Y50.000 E2780.16147 F7200
G1 X170.000 Y55.000 E2780.33609 F7200
G1 X170.000 Y60.000 E2780.51070 F7200
G1 X170.000 Y65.000 E2780.68532 F7200
G1 X170.000 Y70.000 E2780.85994 F7200
G1 X170.000 Y75.000 E2781.03455 F7200
G1 X170.000 Y80.000 E2781.20917 F7200
G1 X170.000 Y85.000 E2781.38378 F7200
G1 X170.000 Y90.000 E2781.55840 F7200
G1 X170.000 Y95.000 E2781.73301 F7200
G1 X170.000 Y100.000 E2781.90763 F7200
G1 X170.000 Y105.000 E2782.08225 F7200
G1 X170.000 Y110.000 E2782.25686 F7200
G1 X170.000 Y115.000 E2782.43148 F7200
G1 X170.000 Y120.000 E2782.60609 F7200
G1 X170.000 Y125.000 E2782.78071 F7200
G1 X170.000 Y130.000 E2782.95532 F7200
G1 X170.000 Y135.000 E2783.12994 F7200
G1 X170.000 Y140.000 E2783.30456 F7200
G1 X170.000 Y145.000 E2783.47917 F7200
G1 X170.000 Y150.000 E2783.65379 F7200
G1 X170.000 Y155.000 E2783.82840 F7200
G1 X170.000 Y160.000 E2784.00302 F7200
G1 X170.000 Y165.000 E2784.17763 F7200
G1 X170.000 Y170.000 E2784.35225 F7200
G1 X165.000 Y170.000 E2784.52687 F7200
G1 X160.000 Y170.000 E2784.70148 F7200
G1 X155.000 Y170.000 E2784.87610 F7200
G1 X150.000 Y170.000 E2785.05071 F7200
G1 X145.000 Y170.000 E2785.22533 F7200
G1 X140.000 Y170.000 E2785.39994 F7200
G1 X135.000 Y170.000 E2785.57456 F7200
G1 X130.000 Y170.000 E2785.74917 F7200
G1 X125.000 Y170.000 E2785.92379 F7200
G1 X120.000 Y170.000 E2786.09841 F7200
G1 X115.000 Y170.000 E2786.27302 F7200
G1 X110.000 Y170.000 E2786.44764 F7200
G1 X105.000 Y170.000 E2786.62225 F7200
G1 X100.000 Y170.000 E2786.79687 F7200
G1 X95.000 Y170.000 E2786.97148 F7200
G1 X90.000 Y170.000 E2787.14610 F7200
G1 X85.000 Y170.000 E2787.32072 F7200
G1 X80.000 Y170.000 E2787.49533 F7200
G1 X75.000 Y170.000 E2787.66995 F7200
G1 X70.000 Y170.000 E2787.84456 F7200
G1 X65.000 Y170.000 E2788.01918 F7200
G1 X60.000 Y170.000 E2788.19379 F7200
G1 X55.000 Y170.000 E2788.36841 F7200
G1 X50.000 Y170.000 E2788.54303 F7200
G1 X50.000 Y165.000 E2788.71764 F7200
G1 X50.000 Y160.000 E2788.89226 F7200
G1 X50.000 Y155.000 E2789.06687 F7200
G1 X50.000 Y150.000 E2789.24149 F7200
G1 X50.000 Y145.000 E2789.41610 F7200
G1 X50.000 Y140.000 E2789.59072 F7200
G1 X50.000 Y135.000 E2789.76534 F7200
G1 X50.000 Y130.000 E2789.93995 F7200
G1 X50.000 Y125.000 E2790.11457 F7200
G1 X50.000 Y120.000 E2790.28918 F7200
G1 X50.000 Y115.000 E2790.46380 F7200
G1 X50.000 Y110.000 E2790.63841 F7200
G1 X50.000 Y105.000 E2790.81303 F7200
G1 X50.000 Y100.000 E2790.98765 F7200
G1 X50.000 Y95.000 E2791.16226 F7200
G1 X50.000 Y90.000 E2791.33688 F7200
G1 X50.000 Y85.000 E2791.51149 F7200
G1 X50.000 Y80.000 E2791.68611 F7200
G1 X50.000 Y75.000 E2791.86072 F7200
G1 X50.000 Y70.000 E2792.03534 F7200
G1 X50.000 Y65.000 E2792.20996 F7200
G1 X50.000 Y60.000 E2792.38457 F7200
G1 X50.000 Y55.000 E2792.55919 F7200
G1 X50.000 Y50.000 E2792.73380 F7200
;TYPE:Sparse infill
G1 X51.000 Y51.000 F12000
G1 X169.000 Y51.000 E2796.85473 F15000
G1 X169.000 Y56.000 F12000
G1 X51.000 Y56.000 E2800.97566 F15000
G1 X51.000 Y61.000 F12000
G1 X169.000 Y61.000 E2805.09660 F15000
G1 X169.000 Y66.000 F12000
G1 X51.000 Y66.000 E2809.21753 F15000
G1 X51.000 Y71.000 F12000
G1 X169.000 Y71.000 E2813.33846 F15000
G1 X169.000 Y76.000 F12000
G1 X51.000 Y76.000 E2817.45939 F15000
G1 X51.000 Y81.000 F12000
G1 X169.000 Y81.000 E2821.58032 F15000
G1 X169.000 Y86.000 F12000
G1 X51.000 Y86.000 E2825.70125 F15000
G1 X51.000 Y91.000 F12000
G1 X169.000 Y91.000 E2829.82218 F15000
G1 X169.000 Y96.000 F12000
G1 X51.000 Y96.000 E2833.94311 F15000
G1 X51.000 Y101.000 F12000
G1 X169.000 Y101.000 E2838.06404 F15000
G1 X169.000 Y106.000 F12000
G1 X51.000 Y106.000 E2842.18497 F15000
G1 X51.000 Y111.000 F12000
G1 X169.000 Y111.000 E2846.30590 F15000
G1 X169.000 Y116.000 F12000
G1 X51.000 Y116.000 E2850.42683 F15000
G1 X51.000 Y121.000 F12000
G1 X169.000 Y121.000 E2854.54776 F15000
G1 X169.000 Y126.000 F12000
G1 X51.000 Y126.000 E2858.66870 F15000
G1 X51.000 Y131.000 F12000
G1 X169.000 Y131.000 E2862.78963 F15000
G1 X169.000 Y136.000 F12000
G1 X51.000 Y136.000 E2866.91056 F15000
G1 X51.000 Y141.000 F12000
G1 X169.000 Y141.000 E2871.03149 F15000
G1 X169.000 Y146.000 F12000
G1 X51.000 Y146.000 E2875.15242 F15000
G1 X51.000 Y151.000 F12000
G1 X169.000 Y151.000 E2879.27335 F15000
G1 X169.000 Y156.000 F12000
G1 X51.000 Y156.000 E2883.39428 F15000
G1 X51.000 Y161.000 F12000
G1 X169.000 Y161.000 E2887.51521 F15000
G1 X169.000 Y166.000 F12000
G1 X51.000 Y166.000 E2891.63614 F15000
;LAYER_CHANGE
;Z:5.200
G1 Z5.200 F600
;TYPE:Outer wall
G1 X50.000 Y50.000 F7200
G1 X55.000 Y50.000 E2891.81076 F7200
G1 X60.000 Y50.000 E2891.98537 F7200
G1 X65.000 Y50.000 E2892.15999 F7200
G1 X70.000 Y50.000 E2892.33460 F7200
G1 X75.000 Y50.000 E2892.50922 F7200
G1 X80.000 Y50.000 E2892.68384 F7200
G1 X85.000 Y50.000 E2892.85845 F7200
G1 X90.000 Y50.000 E2893.03307 F7200
G1 X95.000 Y50.000 E2893.20768 F7200
G1 X100.000 Y50.000 E2893.38230 F7200
G1 X105.000 Y50.000 E2893.55691 F7200
G1 X110.000 Y50.000 E2893.73153 F7200
G1 X115.000 Y50.000 E2893.90615 F7200
G1 X120.000 Y50.000 E2894.08076 F7200
G1 X125.000 Y50.000 E2894.25538 F7200
G1 X130.000 Y50.000 E2894.42999 F7200
G1 X135.000 Y50.000 E2894.60461 F7200
G1 X140.000 Y50.000 E2894.77922 F7200
G1 X145.000 Y50.000 E2894.95384 F7200
G1 X150.000 Y50.000 E2895.12846 F7200
G1 X155.000 Y50.000 E2895.30307 F7200
G1 X160.000 Y50.000 E2895.47769 F7200
G1 X165.000 Y50.000 E2895.65230 F7200
G1 X170.000 Y50.000 E2895.82692 F7200
G1 X170.000 Y55.000 E2896.00153 F7200
G1 X170.000 Y60.000 E2896.17615 F7200
G1 X170.000 Y65.000 E2896.35077 F7200
G1 X170.000 Y70.000 E2896.52538 F7200
G1 X170.000 Y75.000 E2896.70000 F7200
G1 X170.000 Y80.000 E2896.87461 F7200
G1 X170.000 Y85.000 E2897.04923 F7200
G1 X170.000 Y90.000 E2897.22384 F7200
G1 X170.000 Y95.000 E2897.39846 F7200
G1 X170.000 Y100.000 E2897.57308 F7200
G1 X170.000 Y105.000 E2897.74769 F7200
G1 X170.000 Y110.000 E2897.92231 F7200
G1 X170.000 Y115.000 E2898.09692 F7200
G1 X170.000 Y120.000 E2898.27154 F7200
G1 X170.000 Y125.000 E2898.44615 F7200
G1 X170.000 Y130.000 E2898.62077 F7200
G1 X170.000 Y135.000 E2898.79538 F7200
G1 X170.000 Y140.000 E2898.97000 F7200
G1 X170.000 Y145.000 E2899.14462 F7200
G1 X170.000 Y150.000 E2899.31923 F7200
G1 X170.000 Y155.000 E2899.49385 F7200
G1 X170.000 Y160.000 E2899.66846 F7200
G1 X170.000 Y165.000 E2899.84308 F7200
G1 X170.000 Y170.000 E2900.01769 F7200
G1 X165.000 Y170.000 E2900.19231 F7200
G1 X160.000 Y170.000 E2900.36693 F7200
G1 X155.000 Y170.000 E2900.54154 F7200
G1 X150.000 Y170.000 E2900.71616 F7200
G1 X145.000 Y170.000 E2900.89077 F7200
G1 X140.000 Y170.000 E2901.06539 F7200
G1 X135.000 Y170.000 E2901.24000 F7200
G1 X130.000 Y170.000 E2901.41462 F7200
G1 X125.000 Y170.000 E2901.58924 F7200
G1 X120.000 Y170.000 E2901.76385 F7200
G1 X115.000 Y170.000 E2901.93847 F7200
G1 X110.000 Y170.000 E2902.11308 F7200
G1 X105.000 Y170.000 E2902.28770 F7200
G1 X100.000 Y170.000 E2902.46231 F7200
G1 X95.000 Y170.000 E2902.63693 F7200
G1 X90.000 Y170.000 E2902.81155 F7200
G1 X85.000 Y170.000 E2902.98616 F7200
G1 X80.000 Y170.000 E2903.16078 F7200
G1 X75.000 Y170.000 E2903.33539 F7200
G1 X70.000 Y170.000 E2903.51001 F7200
G1 X65.000 Y170.000 E2903.68462 F7200
G1 X60.000 Y170.000 E2903.85924 F7200
G1 X55.000 Y170.000 E2904.03386 F7200
G1 X50.000 Y170.000 E2904.20847 F7200
G1 X50.000 Y165.000 E2904.38309 F7200
G1 X50.000 Y160.000 E2904.55770 F7200
G1 X50.000 Y155.000 E2904.73232 F7200
G1 X50.000 Y150.000 E2904.90693 F7200
G1 X50.000 Y145.000 E2905.08155 F7200
G1 X50.000 Y140.000 E2905.25617 F7200
G1 X50.000 Y135.000 E2905.43078 F7200
G1 X50.000 Y130.000 E2905.60540 F7200
G1 X50.000 Y125.000 E2905.78001 F7200
G1 X50.000 Y120.000 E2905.95463 F7200
G1 X50.000 Y115.000 E2906.12924 F7200
G1 X50.000 Y110.000 E2906.30386 F7200
G1 X50.000 Y105.000 E2906.47848 F7200
G1 X50.000 Y100.000 E2906.65309 F7200
G1 X50.000 Y95.000 E2906.82771 F7200
G1 X50.000 Y90.000 E2907.00232 F7200
G1 X50.000 Y85.000 E2907.17694 F7200
G1 X50.000 Y80.000 E2907.35155 F7200
G1 X50.000 Y75.000 E2907.52617 F7200
G1 X50.000 Y70.000 E2907.70079 F7200
G1 X50.000 Y65.000 E2907.87540 F7200
G1 X50.000 Y60.000 E2908.05002 F7200
G1 X50.000 Y55.000 E2908.22463 F7200
G1 X50.000 Y50.000 E2908.39925 F7200
;TYPE:Sparse infill
G1 X51.000 Y51.000 F12000
G1 X169.000 Y51.000 E2912.52018 F15000
G1 X169.000 Y56.000 F12000
G1 X51.000 Y56.000 E2916.64111 F15000
G1 X51.000 Y61.000 F12000
G1 X169.000 Y61.000 E2920.76204 F15000
G1 X169.000 Y66.000 F12000
G1 X51.000 Y66.000 E2924.88297 F15000
G1 X51.000 Y71.000 F12000
G1 X169.000 Y71.000 E2929.00390 F15000
G1 X169.000 Y76.000 F12000
G1 X51.000 Y76.000 E2933.12483 F15000
G1 X51.000 Y81.000 F12000
G1 X169.000 Y81.000 E2937.24576 F15000
G1 X169.000 Y86.000 F12000
G1 X51.000 Y86.000 E2941.36669 F15000
G1 X51.000 Y91.000 F12000
G1 X169.000 Y91.000 E2945.48763 F15000
G1 X169.000 Y96.000 F12000
G1 X51.000 Y96.000 E2949.60856 F15000
G1 X51.000 Y101.000 F12000
G1 X169.000 Y101.000 E2953.72949 F15000
G1 X169.000 Y106.000 F12000
G1 X51.000 Y106.000 E2957.85042 F15000
G1 X51.000 Y111.000 F12000
G1 X169.000 Y111.000 E2961.97135 F15000
G1 X169.000 Y116.000 F12000
G1 X51.000 Y116.000 E2966.09228 F15000
G1 X51.000 Y121.000 F12000
G1 X169.000 Y121.000 E2970.21321 F15000
G1 X169.000 Y126.000 F12000
G1 X51.000 Y126.000 E2974.33414 F15000
G1 X51.000 Y131.000 F12000
G1 X169.000 Y131.000 E2978.45507 F15000
G1 X169.000 Y136.000 F12000
G1 X51.000 Y136.000 E2982.57600 F15000
G1 X51.000 Y141.000 F12000
G1 X169.000 Y141.000 E2986.69693 F15000
G1 X169.000 Y146.000 F12000
G1 X51.000 Y146.000 E2990.81786 F15000
G1 X51.000 Y151.000 F12000
G1 X169.000 Y151.000 E2994.93879 F15000
G1 X169.000 Y156.000 F12000
G1 X51.000 Y156.000 E2999.05973 F15000
G1 X51.000 Y161.000 F12000
G1 X169.000 Y161.000 E3003.18066 F15000
G1 X169.000 Y166.000 F12000
G1 X51.000 Y166.000 E3007.30159 F15000
;LAYER_CHANGE
;Z:5.400
G1 Z5.400 F600
;TYPE:Outer wall
G1 X50.000 Y50.000 F7200
G1 X55.000 Y50.000 E3007.47620 F7200
G1 X60.000 Y50.000 E3007.65082 F7200
G1 X65.000 Y50.000 E3007.82543 F7200
G1 X70.000 Y50.000 E3008.00005 F7200
G1 X75.000 Y50.000 E3008.17467 F7200
G1 X80.000 Y50.000 E3008.34928 F7200
G1 X85.000 Y50.000 E3008.52390 F7200
G1 X90.000 Y50.000 E3008.69851 F7200
G1 X95.000 Y50.000 E3008.87313 F7200
G1 X100.000 Y50.000 E3009.04774 F7200
G1 X105.000 Y50.000 E3009.22236 F7200
G1 X110.000 Y50.000 E3009.39698 F7200
G1 X115.000 Y50.000 E3009.57159 F7200
G1 X120.000 Y50.000 E3009.74621 F7200
G1 X125.000 Y50.000 E3009.92082 F7200
G1 X130.000 Y50.000 E3010.09544 F7200
G1 X135.000 Y50.000 E3010.27005 F7200
G1 X140.000 Y50.000 E3010.44467 F7200
G1 X145.000 Y50.000 E3010.61929 F7200
G1 X150.000 Y50.000 E3010.79390 F7200
G1 X155.000 Y50.000 E3010.96852 F7200
G1 X160.000 Y50.000 E3011.14313 F7200
G1 X165.000 Y50.000 E3011.31775 F7200
G1 X170.000 Y50.000 E3011.49236 F7200
G1 X170.000 Y55.000 E3011.66698 F7200
G1 X170.000 Y60.000 E3011.84159 F7200
G1 X170.000 Y65.000 E3012.01621 F7200
G1 X170.000 Y70.000 E3012.19083 F7200
G1 X170.000 Y75.000 E3012.36544 F7200
G1 X170.000 Y80.000 E3012.54006 F7200
G1 X170.000 Y85.000 E3012.71467 F7200
G1 X170.000 Y90.000 E3012.88929 F7200
G1 X170.000 Y95.000 E3013.06390 F7200
G1 X170.000 Y100.000 E3013.23852 F7200
G1 X170.000 Y105.000 E3013.41314 F7200
G1 X170.000 Y110.000 E3013.58775 F7200
G1 X170.000 Y115.000 E3013.76237 F7200
G1 X170.000 Y120.000 E3013.93698 F7200
G1 X170.000 Y125.000 E3014.11160 F7200
G1 X170.000 Y130.000 E3014.28621 F7200
G1 X170.000 Y135.000 E3014.46083 F7200
G1 X170.000 Y140.000 E3014.63545 F7200
G1 X170.000 Y145.000 E3014.81006 F7200
G1 X170.000 Y150.000 E3014.98468 F7200
G1 X170.000 Y155.000 E3015.15929 F7200
G1 X170.000 Y160.000 E3015.33391 F7200
G1 X170.000 Y165.000 E3015.50852 F7200
G1 X170.000 Y170.000 E3015.68314 F7200
G1 X165.000 Y170.000 E3015.85776 F7200
G1 X160.000 Y170.000 E3016.03237 F7200
G1 X155.000 Y170.000 E3016.20699 F7200
G1 X150.000 Y170.000 E3016.38160 F7200
G1 X145.000 Y170.000 E3016.55622 F7200
G1 X140.000 Y170.000 E3016.73083 F7200
G1 X135.000 Y170.000 E3016.90545 F7200
G1 X130.000 Y170.000 E3017.08007 F7200
G1 X125.000 Y170.000 E3017.25468 F7200
G1 X120.000 Y170.000 E3017.42930 F7200
G1 X115.000 Y170.000 E3017.60391 F7200
G1 X110.000 Y170.000 E3017.77853 F7200
G1 X105.000 Y170.000 E3017.95314 F7200
G1 X100.000 Y170.000 E3018.12776 F7200
G1 X95.000 Y170.000 E3018.30238 F7200
G1 X90.000 Y170.000 E3018.47699 F7200
G1 X85.000 Y170.000 E3018.65161 F7200
G1 X80.000 Y170.000 E3018.82622 F7200
G1 X75.000 Y170.000 E3019.00084 F7200
G1 X70.000 Y170.000 E3019.17545 F7200
G1 X65.000 Y170.000 E3019.35007 F7200
G1 X60.000 Y170.000 E3019.52469 F7200
G1 X55.000 Y170.000 E3019.69930 F7200
G1 X50.000 Y170.000 E3019.87392 F7200
G1 X50.000 Y165.000 E3020.04853 F7200
G1 X50.000 Y160.000 E3020.22315 F7200
G1 X50.000 Y155.000 E3020.39776 F7200
G1 X50.000 Y150.000 E3020.57238 F7200
G1 X50.000 Y145.000 E3020.74700 F7200
G1 X50.000 Y140.000 E3020.92161 F7200
G1 X50.000 Y135.000 E3021.09623 F7200
G1 X50.000 Y130.000 E3021.27084 F7200
G1 X50.000 Y125.000 E3021.44546 F7200
G1 X50.000 Y120.000 E3021.62007 F7200
G1 X50.000 Y115.000 E3021.79469 F7200
G1 X50.000 Y110.000 E3021.96931 F7200
G1 X50.000 Y105.000 E3022.14392 F7200
G1 X50.000 Y100.000 E3022.31854 F7200
G1 X50.000 Y95.000 E3022.49315 F7200
G1 X50.000 Y90.000 E3022.66777 F7200
G1 X50.000 Y85.000 E3022.84238 F7200
G1 X50.000 Y80.000 E3023.01700 F7200
G1 X50.000 Y75.000 E3023.19162 F7200
G1 X50.000 Y70.000 E3023.36623 F7200
G1 X50.000 Y65.000 E3023.54085 F7200
G1 X50.000 Y60.000 E3023.71546 F7200
G1 X50.000 Y55.000 E3023.89008 F7200
G1 X50.000 Y50.000 E3024.06469 F7200
;TYPE:Sparse infill
G1 X51.000 Y51.000 F12000
G1 X169.000 Y51.000 E3028.18563 F15000
G1 X169.000 Y56.000 F12000
G1 X51.000 Y56.000 E3032.30656 F15000
G1 X51.000 Y61.000 F12000
G1 X169.000 Y61.000 E3036.42749 F15000
G1 X169.000 Y66.000 F12000
G1 X51.000 Y66.000 E3040.54842 F15000
G1 X51.000 Y71.000 F12000
G1 X169.000 Y71.000 E3044.66935 F15000
G1 X169.000 Y76.000 F12000
G1 X51.000 Y76.000 E3048.79028 F15000
G1 X51.000 Y81.000 F12000
G1 X169.000 Y81.000 E3052.91121 F15000
G1 X169.000 Y86.000 F12000
G1 X51.000 Y86.000 E3057.03214 F15000
G1 X51.000 Y91.000 F12000
G1 X169.000 Y91.000 E3061.15307 F15000
G1 X169.000 Y96.000 F12000
G1 X51.000 Y96.000 E3065.27400 F15000
G1 X51.000 Y101.000 F12000
G1 X169.000 Y101.000 E3069.39493 F15000
G1 X169.000 Y106.000 F12000
G1 X51.000 Y106.000 E3073.51586 F15000
G1 X51.000 Y111.000 F12000
G1 X169.000 Y111.000 E3077.63679 F15000
G1 X169.000 Y116.000 F12000
G1 X51.000 Y116.000 E3081.75772 F15000
G1 X51.000 Y121.000 F12000
G1 X169.000 Y121.000 E3085.87866 F15000
G1 X169.000 Y126.000 F12000
G1 X51.000 Y126.000 E3089.99959 F15000
G1 X51.000 Y131.000 F12000
G1 X169.000 Y131.000 E3094.12052 F15000
G1 X169.000 Y136.000 F12000
G1 X51.000 Y136.000 E3098.24145 F15000
G1 X51.000 Y141.000 F12000
G1 X169.000 Y141.000 E3102.36238 F15000
G1 X169.000 Y146.000 F12000
G1 X51.000 Y146.000 E3106.48331 F15000
G1 X51.000 Y151.000 F12000
G1 X169.000 Y151.000 E3110.60424 F15000
G1 X169.000 Y156.000 F12000
G1 X51.000 Y156.000 E3114.72517 F15000
G1 X51.000 Y161.000 F12000
G1 X169.000 Y161.000 E3118.84610 F15000
G1 X169.000 Y166.000 F12000
G1 X51.000 Y166.000 E3122.96703 F15000
;LAYER_CHANGE
;Z:5.600
G1 Z5.600 F600
;TYPE:Outer wall
G1 X50.000 Y50.000 F7200
G1 X55.000 Y50.000 E3123.14165 F7200
G1 X60.000 Y50.000 E3123.31626 F7200
G1 X65.000 Y50.000 E3123.49088 F7200
G1 X70.000 Y50.000 E3123.66550 F7200
G1 X75.000 Y50.000 E3123.84011 F7200
G1 X80.000 Y50.000 E3124.01473 F7200
G1 X85.000 Y50.000 E3124.18934 F7200
G1 X90.000 Y50.000 E3124.36396 F7200
G1 X95.000 Y50.000 E3124.53857 F7200
G1 X100.000 Y50.000 E3124.71319 F7200
G1 X105.000 Y50.000 E3124.88780 F7200
G1 X110.000 Y50.000 E3125.06242 F7200
G1 X115.000 Y50.000 E3125.23704 F7200
G1 X120.000 Y50.000 E3125.41165 F7200
G1 X125.000 Y50.000 E3125.58627 F7200
G1 X130.000 Y50.000 E3125.76088 F7200
G1 X135.000 Y50.000 E3125.93550 F7200
G1 X140.000 Y50.000 E3126.11011 F7200
G1 X145.000 Y50.000 E3126.28473 F7200
G1 X150.000 Y50.000 E3126.45935 F7200
G1 X155.000 Y50.000 E3126.63396 F7200
G1 X160.000 Y50.000 E3126.80858 F7200
G1 X165.000 Y50.000 E3126.98319 F7200
G1 X170.000 Y50.000 E3127.15781 F7200
G1 X170.000 Y55.000 E3127.33242 F7200
G1 X170.000 Y60.000 E3127.50704 F7200
G1 X170.000 Y65.000 E3127.68166 F7200
G1 X170.000 Y70.000 E3127.85627 F7200
G1 X170.000 Y75.000 E3128.03089 F7200
G1 X170.000 Y80.000 E3128.20550 F7200
G1 X170.000 Y85.000 E3128.38012 F7200
G1 X170.000 Y90.000 E3128.55473 F7200
G1 X170.000 Y95.000 E3128.72935 F7200
G1 X170.000 Y100.000 E3128.90397 F7200
G1 X170.000 Y105.000 E3129.07858 F7200
G1 X170.000 Y110.000 E3129.25320 F7200
G1 X170.000 Y115.000 E3129.42781 F7200
G1 X170.000 Y120.000 E3129.60243 F7200
G1 X170.000 Y125.000 E3129.77704 F7200
G1 X170.000 Y130.000 E3129.95166 F7200
G1 X170.000 Y135.000 E3130.12628 F7200
G1 X170.000 Y140.000 E3130.30089 F7200
G1 X170.000 Y145.000 E3130.47551 F7200
G1 X170.000 Y150.000 E3130.65012 F7200
G1 X170.000 Y155.000 E3130.82474 F7200
G1 X170.000 Y160.000 E3130.99935 F7200
G1 X170.000 Y165.000 E3131.17397 F7200
G1 X170.000 Y170.000 E3131.34859 F7200
G1 X165.000 Y170.000 E3131.52320 F7200
G1 X160.000 Y170.000 E3131.69782 F7200
G1 X155.000 Y170.000 E3131.87243 F7200
G1 X150.000 Y170.000 E3132.04705 F7200
G1 X145.000 Y170.000 E3132.22166 F7200
G1 X140.000 Y170.000 E3132.39628 F7200
G1 X135.000 Y170.000 E3132.57090 F7200
G1 X130.000 Y170.000 E3132.74551 F7200
G1 X125.000 Y170.000 E3132.92013 F7200
G1 X120.000 Y170.000 E3133.09474 F7200
G1 X115.000 Y170.000 E3133.26936 F7200
G1 X110.000 Y170.000 E3133.44397 F7200
G1 X105.000 Y170.000 E3133.61859 F7200
G1 X100.000 Y170.000 E3133.79321 F7200
G1 X95.000 Y170.000 E3133.96782 F7200
G1 X90.000 Y170.000 E3134.14244 F7200
G1 X85.000 Y170.000 E3134.31705 F7200
G1 X80.000 Y170.000 E3134.49167 F7200
G1 X75.000 Y170.000 E3134.66628 F7200
G1 X70.000 Y170.000 E3134.84090 F7200
G1 X65.000 Y170.000 E3135.01552 F7200
G1 X60.000 Y170.000 E3135.19013 F7200
G1 X55.000 Y170.000 E3135.36475 F7200
G1 X50.000 Y170.000 E3135.53936 F7200
G1 X50.000 Y165.000 E3135.71398 F7200
G1 X50.000 Y160.000 E3135.88859 F7200
G1 X50.000 Y155.000 E3136.06321 F7200
G1 X50.000 Y150.000 E3136.23783 F7200
G1 X50.000 Y145.000 E3136.41244 F7200
G1 X50.000 Y140.000 E3136.58706 F7200
G1 X50.000 Y135.000 E3136.76167 F7200
G1 X50.000 Y130.000 E3136.93629 F7200
G1 X50.000 Y125.000 E3137.11090 F7200
G1 X50.000 Y120.000 E3137.28552 F7200
G1 X50.000 Y115.000 E3137.46014 F7200
G1 X50.000 Y110.000 E3137.63475 F7200
G1 X50.000 Y105.000 E3137.80937 F7200
G1 X50.000 Y100.000 E3137.98398 F7200
G1 X50.000 Y95.000 E3138.15860 F7200
G1 X50.000 Y90.000 E3138.33321 F7200
G1 X50.000 Y85.000 E3138.50783 F7200
G1 X50.000 Y80.000 E3138.68245 F7200
G1 X50.000 Y75.000 E3138.85706 F7200
G1 X50.000 Y70.000 E3139.03168 F7200
G1 X50.000 Y65.000 E3139.20629 F7200
G1 X50.000 Y60.000 E3139.38091 F7200
G1 X50.000 Y55.000 E3139.55552 F7200
G1 X50.000 Y50.000 E3139.73014 F7200
;TYPE:Sparse infill
G1 X51.000 Y51.000 F12000
G1 X169.000 Y51.000 E3143.85107 F15000
G1 X169.000 Y56.000 F12000
G1 X51.000 Y56.000 E3147.97200 F15000
G1 X51.000 Y61.000 F12000
G1 X169.000 Y61.000 E3152.09293 F15000
G1 X169.000 Y66.000 F12000
G1 X51.000 Y66.000 E3156.21386 F15000
G1 X51.000 Y71.000 F12000
G1 X169.000 Y71.000 E3160.33479 F15000
G1 X169.000 Y76.000 F12000
G1 X51.000 Y76.000 E3164.45572 F15000
G1 X51.000 Y81.000 F12000
G1 X169.000 Y81.000 E3168.57666 F15000
G1 X169.000 Y86.000 F12000
G1 X51.000 Y86.000 E3172.69759 F15000
G1 X51.000 Y91.000 F12000
G1 X169.000 Y91.000 E3176.81852 F15000
G1 X169.000 Y96.000 F12000
G1 X51.000 Y96.000 E3180.93945 F15000
G1 X51.000 Y101.000 F12000
G1 X169.000 Y101.000 E3185.06038 F15000
G1 X169.000 Y106.000 F12000
G1 X51.000 Y106.000 E3189.18131 F15000
G1 X51.000 Y111.000 F12000
G1 X169.000 Y111.000 E3193.30224 F15000
G1 X169.000 Y116.000 F12000
G1 X51.000 Y116.000 E3197.42317 F15000
G1 X51.000 Y121.000 F12000
G1 X169.000 Y121.000 E3201.54410 F15000
G1 X169.000 Y126.000 F12000
G1 X51.000 Y126.000 E3205.66503 F15000
G1 X51.000 Y131.000 F12000
G1 X169.000 Y131.000 E3209.78596 F15000
G1 X169.000 Y136.000 F12000
G1 X51.000 Y136.000 E3213.90689 F15000
G1 X51.000 Y141.000 F12000
G1 X169.000 Y141.000 E3218.02782 F15000
G1 X169.000 Y146.000 F12000
G1 X51.000 Y146.000 E3222.14875 F15000
G1 X51.000 Y151.000 F12000
G1 X169.000 Y151.000 E3226.26969 F15000
G1 X169.000 Y156.000 F12000
G1 X51.000 Y156.000 E3230.39062 F15000
G1 X51.000 Y161.000 F12000
G1 X169.000 Y161.000 E3234.51155 F15000
G1 X169.000 Y166.000 F12000
G1 X51.000 Y166.000 E3238.63248 F15000
;LAYER_CHANGE
;Z:5.800
G1 Z5.800 F600
;TYPE:Outer wall
G1 X50.000 Y50.000 F7200
G1 X55.000 Y50.000 E3238.80709 F7200
G1 X60.000 Y50.000 E3238.98171 F7200
G1 X65.000 Y50.000 E3239.15632 F7200
G1 X70.000 Y50.000 E3239.33094 F7200
G1 X75.000 Y50.000 E3239.50556 F7200
G1 X80.000 Y50.000 E3239.68017 F7200
G1 X85.000 Y50.000 E3239.85479 F7200
G1 X90.000 Y50.000 E3240.02940 F7200
G1 X95.000 Y50.000 E3240.20402 F7200
G1 X100.000 Y50.000 E3240.37863 F7200
G1 X105.000 Y50.000 E3240.55325 F7200
G1 X110.000 Y50.000 E3240.72787 F7200
G1 X115.000 Y50.000 E3240.90248 F7200
G1 X120.000 Y50.000 E3241.07710 F7200
G1 X125.000 Y50.000 E3241.25171 F7200
G1 X130.000 Y50.000 E3241.42633 F7200
G1 X135.000 Y50.000 E3241.60094 F7200
G1 X140.000 Y50.000 E3241.77556 F7200
G1 X145.000 Y50.000 E3241.95018 F7200
G1 X150.000 Y50.000 E3242.12479 F7200
G1 X155.000 Y50.000 E3242.29941 F7200
G1 X160.000 Y50.000 E3242.47402 F7200
G1 X165.000 Y50.000 E3242.64864 F7200
G1 X170.000 Y50.000 E3242.82325 F7200
G1 X170.000 Y55.000 E3242.99787 F7200
G1 X170.000 Y60.000 E3243.17249 F7200
G1 X170.000 Y65.000 E3243.34710 F7200
G1 X170.000 Y70.000 E3243.52172 F7200
G1 X170.000 Y75.000 E3243.69633 F7200
G1 X170.000 Y80.000 E3243.87095 F7200
G1 X170.000 Y85.000 E3244.04556 F7200
G1 X170.000 Y90.000 E3244.22018 F7200
G1 X170.000 Y95.000 E3244.39480 F7200
G1 X170.000 Y100.000 E3244.56941 F7200
G1 X170.000 Y105.000 E3244.74403 F7200
G1 X170.000 Y110.000 E3244.91864 F7200
G1 X170.000 Y115.000 E3245.09326 F7200
G1 X170.000 Y120.000 E3245.26787 F7200
G1 X170.000 Y125.000 E3245.44249 F7200
G1 X170.000 Y130.000 E3245.61711 F7200
G1 X170.000 Y135.000 E3245.79172 F7200
G1 X170.000 Y140.000 E3245.96634 F7200
G1 X170.000 Y145.000 E3246.14095 F7200
G1 X170.000 Y150.000 E3246.31557 F7200
G1 X170.000 Y155.000 E3246.49018 F7200
G1 X170.000 Y160.000 E3246.66480 F7200
G1 X170.000 Y165.000 E3246.83942 F7200
G1 X170.000 Y170.000 E3247.01403 F7200
G1 X165.000 Y170.000 E3247.18865 F7200
G1 X160.000 Y170.000 E3247.36326 F7200
G1 X155.000 Y170.000 E3247.53788 F7200
G1 X150.000 Y170.000 E3247.71249 F7200
G1 X145.000 Y170.000 E3247.88711 F7200
G1 X140.000 Y170.000 E3248.06173 F7200
G1 X135.000 Y170.000 E3248.23634 F7200
G1 X130.000 Y170.000 E3248.41096 F7200
G1 X125.000 Y170.000 E3248.58557 F7200
G1 X120.000 Y170.000 E3248.76019 F7200
G1 X115.000 Y170.000 E3248.93480 F7200
G1 X110.000 Y170.000 E3249.10942 F7200
G1 X105.000 Y170.000 E3249.28404 F7200
G1 X100.000 Y170.000 E3249.45865 F7200
G1 X95.000 Y170.000 E3249.63327 F7200
G1 X90.000 Y170.000 E3249.80788 F7200
G1 X85.000 Y170.000 E3249.98250 F7200
G1 X80.000 Y170.000 E3250.15711 F7200
G1 X75.000 Y170.000 E3250.33173 F7200
G1 X70.000 Y170.000 E3250.50635 F7200
G1 X65.000 Y170.000 E3250.68096 F7200
G1 X60.000 Y170.000 E3250.85558 F7200
G1 X55.000 Y170.000 E3251.03019 F7200
G1 X50.000 Y170.000 E3251.20481 F7200
G1 X50.000 Y165.000 E3251.37942 F7200
G1 X50.000 Y160.000 E3251.55404 F7200
G1 X50.000 Y155.000 E3251.72866 F7200
G1 X50.000 Y150.000 E3251.90327 F7200
G1 X50.000 Y145.000 E3252.07789 F7200
G1 X50.000 Y140.000 E3252.25250 F7200
G1 X50.000 Y135.000 E3252.42712 F7200
G1 X50.000 Y130.000 E3252.60173 F7200
G1 X50.000 Y125.000 E3252.77635 F7200
G1 X50.000 Y120.000 E3252.95097 F7200
G1 X50.000 Y115.000 E3253.12558 F7200
G1 X50.000 Y110.000 E3253.30020 F7200
G1 X50.000 Y105.000 E3253.47481 F7200
G1 X50.000 Y100.000 E3253.64943 F7200
G1 X50.000 Y95.000 E3253.82404 F7200
G1 X50.000 Y90.000 E3253.99866 F7200
G1 X50.000 Y85.000 E3254.17328 F7200
G1 X50.000 Y80.000 E3254.34789 F7200
G1 X50.000 Y75.000 E3254.52251 F7200
G1 X50.000 Y70.000 E3254.69712 F7200
G1 X50.000 Y65.000 E3254.87174 F7200
G1 X50.000 Y60.000 E3255.04635 F7200
G1 X50.000 Y55.000 E3255.22097 F7200
G1 X50.000 Y50.000 E3255.39559 F7200
;TYPE:Sparse infill
G1 X51.000 Y51.000 F12000
G1 X169.000 Y51.000 E3259.51652 F15000
G1 X169.000 Y56.000 F12000
G1 X51.000 Y56.000 E3263.63745 F15000
G1 X51.000 Y61.000 F12000
G1 X169.000 Y61.000 E3267.75838 F15000
G1 X169.000 Y66.000 F12000
G1 X51.000 Y66.000 E3271.87931 F15000
G1 X51.000 Y71.000 F12000
G1 X169.000 Y71.000 E3276.00024 F15000
G1 X169.000 Y76.000 F12000
G1 X51.000 Y76.000 E3280.12117 F15000
G1 X51.000 Y81.000 F12000
G1 X169.000 Y81.000 E3284.24210 F15000
G1 X169.000 Y86.000 F12000
G1 X51.000 Y86.000 E3288.36303 F15000
G1 X51.000 Y91.000 F12000
G1 X169.000 Y91.000 E3292.48396 F15000
G1 X169.000 Y96.000 F12000
G1 X51.000 Y96.000 E3296.60489 F15000
G1 X51.000 Y101.000 F12000
G1 X169.000 Y101.000 E3300.72582 F15000
G1 X169.000 Y106.000 F12000
G1 X51.000 Y106.000 E3304.84675 F15000
G1 X51.000 Y111.000 F12000
G1 X169.000 Y111.000 E3308.96769 F15000
G1 X169.000 Y116.000 F12000
G1 X51.000 Y116.000 E3313.08862 F15000
G1 X51.000 Y121.000 F12000
G1 X169.000 Y121.000 E3317.20955 F15000
G1 X169.000 Y126.000 F12000
G1 X51.000 Y126.000 E3321.33048 F15000
G1 X51.000 Y131.000 F12000
G1 X169.000 Y131.000 E3325.45141 F15000
G1 X169.000 Y136.000 F12000
G1 X51.000 Y136.000 E3329.57234 F15000
G1 X51.000 Y141.000 F12000
G1 X169.000 Y141.000 E3333.69327 F15000
G1 X169.000 Y146.000 F12000
G1 X51.000 Y146.000 E3337.81420 F15000
G1 X51.000 Y151.000 F12000
G1 X169.000 Y151.000 E3341.93513 F15000
G1 X169.000 Y156.000 F12000
G1 X51.000 Y156.000 E3346.05606 F15000
G1 X51.000 Y161.000 F12000
G1 X169.000 Y161.000 E3350.17699 F15000
G1 X169.000 Y166.000 F12000
G1 X51.000 Y166.000 E3354.29792 F15000
;LAYER_CHANGE
;Z:6.000
G1 Z6.000 F600
;TYPE:Outer wall
G1 X50.000 Y50.000 F7200
G1 X55.000 Y50.000 E3354.47254 F7200
G1 X60.000 Y50.000 E3354.64715 F7200
G1 X65.000 Y50.000 E3354.82177 F7200
G1 X70.000 Y50.000 E3354.99639 F7200
G1 X75.000 Y50.000 E3355.17100 F7200
G1 X80.000 Y50.000 E3355.34562 F7200
G1 X85.000 Y50.000 E3355.52023 F7200
G1 X90.000 Y50.000 E3355.69485 F7200
G1 X95.000 Y50.000 E3355.86946 F7200
G1 X100.000 Y50.000 E3356.04408 F7200
G1 X105.000 Y50.000 E3356.21870 F7200
G1 X110.000 Y50.000 E3356.39331 F7200
G1 X115.000 Y50.000 E3356.56793 F7200
G1 X120.000 Y50.000 E3356.74254 F7200
G1 X125.000 Y50.000 E3356.91716 F7200
G1 X130.000 Y50.000 E3357.09177 F7200
G1 X135.000 Y50.000 E3357.26639 F7200
G1 X140.000 Y50.000 E3357.44101 F7200
G1 X145.000 Y50.000 E3357.61562 F7200
G1 X150.000 Y50.000 E3357.79024 F7200
G1 X155.000 Y50.000 E3357.96485 F7200
G1 X160.000 Y50.000 E3358.13947 F7200
G1 X165.000 Y50.000 E3358.31408 F7200
G1 X170.000 Y50.000 E3358.48870 F7200
G1 X170.000 Y55.000 E3358.66332 F7200
G1 X170.000 Y60.000 E3358.83793 F7200
G1 X170.000 Y65.000 E3359.01255 F7200
G1 X170.000 Y70.000 E3359.18716 F7200
G1 X170.000 Y75.000 E3359.36178 F7200
G1 X170.000 Y80.000 E3359.53639 F7200
G1 X170.000 Y85.000 E3359.71101 F7200
G1 X170.000 Y90.000 E3359.88563 F7200
G1 X170.000 Y95.000 E3360.06024 F7200
G1 X170.000 Y100.000 E3360.23486 F7200
G1 X170.000 Y105.000 E3360.40947 F7200
G1 X170.000 Y110.000 E3360.58409 F7200
G1 X170.000 Y115.000 E3360.75870 F7200
G1 X170.000 Y120.000 E3360.93332 F7200
G1 X170.000 Y125.000 E3361.10794 F7200
G1 X170.000 Y130.000 E3361.28255 F7200
G1 X170.000 Y135.000 E3361.45717 F7200
G1 X170.000 Y140.000 E3361.63178 F7200
G1 X170.000 Y145.000 E3361.80640 F7200
G1 X170.000 Y150.000 E3361.98101 F7200
G1 X170.000 Y155.000 E3362.15563 F7200
G1 X170.000 Y160.000 E3362.33025 F7200
G1 X170.000 Y165.000 E3362.50486 F7200
G1 X170.000 Y170.000 E3362.67948 F7200
G1 X165.000 Y170.000 E3362.85409 F7200
G1 X160.000 Y170.000 E3363.02871 F7200
G1 X155.000 Y170.000 E3363.20332 F7200
G1 X150.000 Y170.000 E3363.37794 F7200
G1 X145.000 Y170.000 E3363.55256 F7200
G1 X140.000 Y170.000 E3363.72717 F7200
G1 X135.000 Y170.000 E3363.90179 F7200
G1 X130.000 Y170.000 E3364.07640 F7200
G1 X125.000 Y170.000 E3364.25102 F7200
G1 X120.000 Y170.000 E3364.42563 F7200
G1 X115.000 Y170.000 E3364.60025 F7200
G1 X110.000 Y170.000 E3364.77487 F7200
G1 X105.000 Y170.000 E3364.94948 F7200
G1 X100.000 Y170.000 E3365.12410 F7200
G1 X95.000 Y170.000 E3365.29871 F7200
G1 X90.000 Y170.000 E3365.47333 F7200
G1 X85.000 Y170.000 E3365.64794 F7200
G1 X80.000 Y170.000 E3365.82256 F7200
G1 X75.000 Y170.000 E3365.99718 F7200
G1 X70.000 Y170.000 E3366.17179 F7200
G1 X65.000 Y170.000 E3366.34641 F7200
G1 X60.000 Y170.000 E3366.52102 F7200
G1 X55.000 Y170.000 E3366.69564 F7200
G1 X50.000 Y170.000 E3366.87025 F7200
G1 X50.000 Y165.000 E3367.04487 F7200
G1 X50.000 Y160.000 E3367.21949 F7200
G1 X50.000 Y155.000 E3367.39410 F7200
G1 X50.000 Y150.000 E3367.56872 F7200
G1 X50.000 Y145.000 E3367.74333 F7200
G1 X50.000 Y140.000 E3367.91795 F7200
G1 X50.000 Y135.000 E3368.09256 F7200
G1 X50.000 Y130.000 E3368.26718 F7200
G1 X50.000 Y125.000 E3368.44180 F7200
G1 X50.000 Y120.000 E3368.61641 F7200
G1 X50.000 Y115.000 E3368.79103 F7200
G1 X50.000 Y110.000 E3368.96564 F7200
G1 X50.000 Y105.000 E3369.14026 F7200
G1 X50.000 Y100.000 E3369.31487 F7200
G1 X50.000 Y95.000 E3369.48949 F7200
G1 X50.000 Y90.000 E3369.66411 F7200
G1 X50.000 Y85.000 E3369.83872 F7200
G1 X50.000 Y80.000 E3370.01334 F7200
G1 X50.000 Y75.000 E3370.18795 F7200
G1 X50.000 Y70.000 E3370.36257 F7200
G1 X50.000 Y65.000 E3370.53718 F7200
G1 X50.000 Y60.000 E3370.71180 F7200
G1 X50.000 Y55.000 E3370.88642 F7200
G1 X50.000 Y50.000 E3371.06103 F7200
;TYPE:Sparse infill
G1 X51.000 Y51.000 F12000
G1 X169.000 Y51.000 E3375.18196 F15000
G1 X169.000 Y56.000 F12000
G1 X51.000 Y56.000 E3379.30289 F15000
G1 X51.000 Y61.000 F12000
G1 X169.000 Y61.000 E3383.42382 F15000
G1 X169.000 Y66.000 F12000
G1 X51.000 Y66.000 E3387.54475 F15000
G1 X51.000 Y71.000 F12000
G1 X169.000 Y71.000 E3391.66569 F15000
G1 X169.000 Y76.000 F12000
G1 X51.000 Y76.000 E3395.78662 F15000
G1 X51.000 Y81.000 F12000
G1 X169.000 Y81.000 E3399.90755 F15000
G1 X169.000 Y86.000 F12000
G1 X51.000 Y86.000 E3404.02848 F15000
G1 X51.000 Y91.000 F12000
G1 X169.000 Y91.000 E3408.14941 F15000
G1 X169.000 Y96.000 F12000
G1 X51.000 Y96.000 E3412.27034 F15000
G1 X51.000 Y101.000 F12000
G1 X169.000 Y101.000 E3416.39127 F15000
G1 X169.000 Y106.000 F12000
G1 X51.000 Y106.000 E3420.51220 F15000
G1 X51.000 Y111.000 F12000
G1 X169.000 Y111.000 E3424.63313 F15000
G1 X169.000 Y116.000 F12000
G1 X51.000 Y116.000 E3428.75406 F15000
G1 X51.000 Y121.000 F12000
G1 X169.000 Y121.000 E3432.87499 F15000
G1 X169.000 Y126.000 F12000
G1 X51.000 Y126.000 E3436.99592 F15000
G1 X51.000 Y131.000 F12000
G1 X169.000 Y131.000 E3441.11685 F15000
G1 X169.000 Y136.000 F12000
G1 X51.000 Y136.000 E3445.23778 F15000
G1 X51.000 Y141.000 F12000
G1 X169.000 Y141.000 E3449.35872 F15000
G1 X169.000 Y146.000 F12000
G1 X51.000 Y146.000 E3453.47965 F15000
G1 X51.000 Y151.000 F12000
G1 X169.000 Y151.000 E3457.60058 F15000
G1 X169.000 Y156.000 F12000
G1 X51.000 Y156.000 E3461.72151 F15000
G1 X51.000 Y161.000 F12000
G1 X169.000 Y161.000 E3465.84244 F15000
G1 X169.000 Y166.000 F12000
G1 X51.000 Y166.000 E3469.96337 F15000
;LAYER_CHANGE
;Z:6.200
G1 Z6.200 F600
;TYPE:Outer wall
G1 X50.000 Y50.000 F7200
G1 X55.000 Y50.000 E3470.13798 F7200
G1 X60.000 Y50.000 E3470.31260 F7200
G1 X65.000 Y50.000 E3470.48722 F7200
G1 X70.000 Y50.000 E3470.66183 F7200
G1 X75.000 Y50.000 E3470.83645 F7200
G1 X80.000 Y50.000 E3471.01106 F7200
G1 X85.000 Y50.000 E3471.18568 F7200
G1 X90.000 Y50.000 E3471.36029 F7200
G1 X95.000 Y50.000 E3471.53491 F7200
G1 X100.000 Y50.000 E3471.70953 F7200
G1 X105.000 Y50.000 E3471.88414 F7200
G1 X110.000 Y50.000 E3472.05876 F7200
G1 X115.000 Y50.000 E3472.23337 F7200
G1 X120.000 Y50.000 E3472.40799 F7200
G1 X125.000 Y50.000 E3472.58260 F7200
G1 X130.000 Y50.000 E3472.75722 F7200
G1 X135.000 Y50.000 E3472.93184 F7200
G1 X140.000 Y50.000 E3473.10645 F7200
G1 X145.000 Y50.000 E3473.28107 F7200
G1 X150.000 Y50.000 E3473.45568 F7200
G1 X155.000 Y50.000 E3473.63030 F7200
G1 X160.000 Y50.000 E3473.80491 F7200
G1 X165.000 Y50.000 E3473.97953 F7200
G1 X170.000 Y50.000 E3474.15415 F7200
G1 X170.000 Y55.000 E3474.32876 F7200
G1 X170.000 Y60.000 E3474.50338 F7200
G1 X170.000 Y65.000 E3474.67799 F7200
G1 X170.000 Y70.000 E3474.85261 F7200
G1 X170.000 Y75.000 E3475.02722 F7200
G1 X170.000 Y80.000 E3475.20184 F7200
G1 X170.000 Y85.000 E3475.37646 F7200
G1 X170.000 Y90.000 E3475.55107 F7200
G1 X170.000 Y95.000 E3475.72569 F7200
G1 X170.000 Y100.000 E3475.90030 F7200
G1 X170.000 Y105.000 E3476.07492 F7200
G1 X170.000 Y110.000 E3476.24953 F7200
G1 X170.000 Y115.000 E3476.42415 F7200
G1 X170.000 Y120.000 E3476.59877 F7200
G1 X170.000 Y125.000 E3476.77338 F7200
G1 X170.000 Y130.000 E3476.94800 F7200
G1 X170.000 Y135.000 E3477.12261 F7200
G1 X170.000 Y140.000 E3477.29723 F7200
G1 X170.000 Y145.000 E3477.47184 F7200
G1 X170.000 Y150.000 E3477.64646 F7200
G1 X170.000 Y155.000 E3477.82108 F7200
G1 X170.000 Y160.000 E3477.99569 F7200
G1 X170.000 Y165.000 E3478.17031 F7200
G1 X170.000 Y170.000 E3478.34492 F7200
G1 X165.000 Y170.000 E3478.51954 F7200
G1 X160.000 Y170.000 E3478.69415 F7200
G1 X155.000 Y170.000 E3478.86877 F7200
G1 X150.000 Y170.000 E3479.04339 F7200
G1 X145.000 Y170.000 E3479.21800 F7200
G1 X140.000 Y170.000 E3479.39262 F7200
G1 X135.000 Y170.000 E3479.56723 F7200
G1 X130.000 Y170.000 E3479.74185 F7200
G1 X125.000 Y170.000 E3479.91646 F7200
G1 X120.000 Y170.000 E3480.09108 F7200
G1 X115.000 Y170.000 E3480.26570 F7200
G1 X110.000 Y170.000 E3480.44031 F7200
G1 X105.000 Y170.000 E3480.61493 F7200
G1 X100.000 Y170.000 E3480.78954 F7200
G1 X95.000 Y170.000 E3480.96416 F7200
G1 X90.000 Y170.000 E3481.13877 F7200
G1 X85.000 Y170.000 E3481.31339 F7200
G1 X80.000 Y170.000 E3481.48801 F7200
G1 X75.000 Y170.000 E3481.66262 F7200
G1 X70.000 Y170.000 E3481.83724 F7200
G1 X65.000 Y170.000 E3482.01185 F7200
G1 X60.000 Y170.000 E3482.18647 F7200
G1 X55.000 Y170.000 E3482.36108 F7200
G1 X50.000 Y170.000 E3482.53570 F7200
G1 X50.000 Y165.000 E3482.71032 F7200
G1 X50.000 Y160.000 E3482.88493 F7200
G1 X50.000 Y155.000 E3483.05955 F7200
G1 X50.000 Y150.000 E3483.23416 F7200
G1 X50.000 Y145.000 E3483.40878 F7200
G1 X50.000 Y140.000 E3483.58339 F7200
G1 X50.000 Y135.000 E3483.75801 F7200
G1 X50.000 Y130.000 E3483.93263 F7200
G1 X50.000 Y125.000 E3484.10724 F7200
G1 X50.000 Y120.000 E3484.28186 F7200
G1 X50.000 Y115.000 E3484.45647 F7200
G1 X50.000 Y110.000 E3484.63109 F7200
G1 X50.000 Y105.000 E3484.80570 F7200
G1 X50.000 Y100.000 E3484.98032 F7200
G1 X50.000 Y95.000 E3485.15494 F7200
G1 X50.000 Y90.000 E3485.32955 F7200
G1 X50.000 Y85.000 E3485.50417 F7200
G1 X50.000 Y80.000 E3485.67878 F7200
G1 X50.000 Y75.000 E3485.85340 F7200
G1 X50.000 Y70.000 E3486.02801 F7200
G1 X50.000 Y65.000 E3486.20263 F7200
G1 X50.000 Y60.000 E3486.37725 F7200
G1 X50.000 Y55.000 E3486.55186 F7200
G1 X50.000 Y50.000 E3486.72648 F7200
;TYPE:Sparse infill
G1 X51.000 Y51.000 F12000
G1 X169.000 Y51.000 E3490.84741 F15000
G1 X169.000 Y56.000 F12000
G1 X51.000 Y56.000 E3494.96834 F15000
G1 X51.000 Y61.000 F12000
G1 X169.000 Y61.000 E3499.08927 F15000
G1 X169.000 Y66.000 F12000
G1 X51.000 Y66.000 E3503.21020 F15000
G1 X51.000 Y71.000 F12000
G1 X169.000 Y71.000 E3507.33113 F15000
G1 X169.000 Y76.000 F12000
G1 X51.000 Y76.000 E3511.45206 F15000
G1 X51.000 Y81.000 F12000
G1 X169.000 Y81.000 E3515.57299 F15000
G1 X169.000 Y86.000 F12000
G1 X51.000 Y86.000 E3519.69392 F15000
G1 X51.000 Y91.000 F12000
G1 X169.000 Y91.000 E3523.81485 F15000
G1 X169.000 Y96.000 F12000
G1 X51.000 Y96.000 E3527.93578 F15000
G1 X51.000 Y101.000 F12000
G1 X169.000 Y101.000 E3532.05672 F15000
G1 X169.000 Y106.000 F12000
G1 X51.000 Y106.000 E3536.17765 F15000
G1 X51.000 Y111.000 F12000
G1 X169.000 Y111.000 E3540.29858 F15000
G1 X169.000 Y116.000 F12000
G1 X51.000 Y116.000 E3544.41951 F15000
G1 X51.000 Y121.000 F12000
G1 X169.000 Y121.000 E3548.54044 F15000
G1 X169.000 Y126.000 F12000
G1 X51.000 Y126.000 E3552.66137 F15000
G1 X51.000 Y131.000 F12000
G1 X169.000 Y131.000 E3556.78230 F15000
G1 X169.000 Y136.000 F12000
G1 X51.000 Y136.000 E3560.90323 F15000
G1 X51.000 Y141.000 F12000
G1 X169.000 Y141.000 E3565.02416 F15000
G1 X169.000 Y146.000 F12000
G1 X51.000 Y146.000 E3569.14509 F15000
G1 X51.000 Y151.000 F12000
G1 X169.000 Y151.000 E3573.26602 F15000
G1 X169.000 Y156.000 F12000
G1 X51.000 Y156.000 E3577.38695 F15000
G1 X51.000 Y161.000 F12000
G1 X169.000 Y161.000 E3581.50788 F15000
G1 X169.000 Y166.000 F12000
G1 X51.000 Y166.000 E3585.62881 F15000
;LAYER_CHANGE
;Z:6.400
G1 Z6.400 F600
;TYPE:Outer wall
G1 X50.000 Y50.000 F7200
G1 X55.000 Y50.000 E3585.80343 F7200
G1 X60.000 Y50.000 E3585.97805 F7200
G1 X65.000 Y50.000 E3586.15266 F7200
G1 X70.000 Y50.000 E3586.32728 F7200
G1 X75.000 Y50.000 E3586.50189 F7200
G1 X80.000 Y50.000 E3586.67651 F7200
G1 X85.000 Y50.000 E3586.85112 F7200
G1 X90.000 Y50.000 E3587.02574 F7200
G1 X95.000 Y50.000 E3587.20036 F7200
G1 X100.000 Y50.000 E3587.37497 F7200
G1 X105.000 Y50.000 E3587.54959 F7200
G1 X110.000 Y50.000 E3587.72420 F7200
G1 X115.000 Y50.000 E3587.89882 F7200
G1 X120.000 Y50.000 E3588.07343 F7200
G1 X125.000 Y50.000 E3588.24805 F7200
G1 X130.000 Y50.000 E3588.42267 F7200
G1 X135.000 Y50.000 E3588.59728 F7200
G1 X140.000 Y50.000 E3588.77190 F7200
G1 X145.000 Y50.000 E3588.94651 F7200
G1 X150.000 Y50.000 E3589.12113 F7200
G1 X155.000 Y50.000 E3589.29574 F7200
G1 X160.000 Y50.000 E3589.47036 F7200
G1 X165.000 Y50.000 E3589.64498 F7200
G1 X170.000 Y50.000 E3589.81959 F7200
G1 X170.000 Y55.000 E3589.99421 F7200
G1 X170.000 Y60.000 E3590.16882 F7200
G1 X170.000 Y65.000 E3590.34344 F7200
G1 X170.000 Y70.000 E3590.51805 F7200
G1 X170.000 Y75.000 E3590.69267 F7200
G1 X170.000 Y80.000 E3590.86729 F7200
G1 X170.000 Y85.000 E3591.04190 F7200
G1 X170.000 Y90.000 E3591.21652 F7200
G1 X170.000 Y95.000 E3591.39113 F7200
G1 X170.000 Y100.000 E3591.56575 F7200
G1 X170.000 Y105.000 E3591.74036 F7200
G1 X170.000 Y110.000 E3591.91498 F7200
G1 X170.000 Y115.000 E3592.08960 F7200
G1 X170.000 Y120.000 E3592.26421 F7200
G1 X170.000 Y125.000 E3592.43883 F7200
G1 X170.000 Y130.000 E3592.61344 F7200
G1 X170.000 Y135.000 E3592.78806 F7200
G1 X170.000 Y140.000 E3592.96267 F7200
G1 X170.000 Y145.000 E3593.13729 F7200
G1 X170.000 Y150.000 E3593.31191 F7200
G1 X170.000 Y155.000 E3593.48652 F7200
G1 X170.000 Y160.000 E3593.66114 F7200
G1 X170.000 Y165.000 E3593.83575 F7200
G1 X170.000 Y170.000 E3594.01037 F7200
G1 X165.000 Y170.000 E3594.18498 F7200
G1 X160.000 Y170.000 E3594.35960 F7200
G1 X155.000 Y170.000 E3594.53422 F7200
G1 X150.000 Y170.000 E3594.70883 F7200
G1 X145.000 Y170.000 E3594.88345 F7200
G1 X140.000 Y170.000 E3595.05806 F7200
G1 X135.000 Y170.000 E3595.23268 F7200
G1 X130.000 Y170.000 E3595.40729 F7200
G1 X125.000 Y170.000 E3595.58191 F7200
G1 X120.000 Y170.000 E3595.75653 F7200
G1 X115.000 Y170.000 E3595.93114 F7200
G1 X110.000 Y170.000 E3596.10576 F7200
G1 X105.000 Y170.000 E3596.28037 F7200
G1 X100.000 Y170.000 E3596.45499 F7200
G1 X95.000 Y170.000 E3596.62960 F7200
G1 X90.000 Y170.000 E3596.80422 F7200
G1 X85.000 Y170.000 E3596.97884 F7200
G1 X80.000 Y170.000 E3597.15345 F7200
G1 X75.000 Y170.000 E3597.32807 F7200
G1 X70.000 Y170.000 E3597.50268 F7200
G1 X65.000 Y170.000 E3597.67730 F7200
G1 X60.000 Y170.000 E3597.85191 F7200
G1 X55.000 Y170.000 E3598.02653 F7200
G1 X50.000 Y170.000 E3598.20115 F7200
G1 X50.000 Y165.000 E3598.37576 F7200
G1 X50.000 Y160.000 E3598.55038 F7200
G1 X50.000 Y155.000 E3598.72499 F7200
G1 X50.000 Y150.000 E3598.89961 F7200
G1 X50.000 Y145.000 E3599.07422 F7200
G1 X50.000 Y140.000 E3599.24884 F7200
G1 X50.000 Y135.000 E3599.42346 F7200
G1 X50.000 Y130.000 E3599.59807 F7200
G1 X50.000 Y125.000 E3599.77269 F7200
G1 X50.000 Y120.000 E3599.94730 F7200
G1 X50.000 Y115.000 E3600.12192 F7200
G1 X50.000 Y110.000 E3600.29653 F7200
G1 X50.000 Y105.000 E3600.47115 F7200
G1 X50.000 Y100.000 E3600.64577 F7200
G1 X50.000 Y95.000 E3600.82038 F7200
G1 X50.000 Y90.000 E3600.99500 F7200
G1 X50.000 Y85.000 E3601.16961 F7200
G1 X50.000 Y80.000 E3601.34423 F7200
G1 X50.000 Y75.000 E3601.51884 F7200
G1 X50.000 Y70.000 E3601.69346 F7200
G1 X50.000 Y65.000 E3601.86808 F7200
G1 X50.000 Y60.000 E3602.04269 F7200
G1 X50.000 Y55.000 E3602.21731 F7200
G1 X50.000 Y50.000 E3602.39192 F7200
;TYPE:Sparse infill
G1 X51.000 Y51.000 F12000
G1 X169.000 Y51.000 E3606.51285 F15000
G1 X169.000 Y56.000 F12000
G1 X51.000 Y56.000 E3610.63378 F15000
G1 X51.000 Y61.000 F12000
G1 X169.000 Y61.000 E3614.75471 F15000
G1 X169.000 Y66.000 F12000
G1 X51.000 Y66.000 E3618.87565 F15000
G1 X51.000 Y71.000 F12000
G1 X169.000 Y71.000 E3622.99658 F15000
G1 X169.000 Y76.000 F12000
G1 X51.000 Y76.000 E3627.11751 F15000
G1 X51.000 Y81.000 F12000
G1 X169.000 Y81.000 E3631.23844 F15000
G1 X169.000 Y86.000 F12000
G1 X51.000 Y86.000 E3635.35937 F15000
G1 X51.000 Y91.000 F12000
G1 X169.000 Y91.000 E3639.48030 F15000
G1 X169.000 Y96.000 F12000
G1 X51.000 Y96.000 E3643.60123 F15000
G1 X51.000 Y101.000 F12000
G1 X169.000 Y101.000 E3647.72216 F15000
G1 X169.000 Y106.000 F12000
G1 X51.000 Y106.000 E3651.84309 F15000
G1 X51.000 Y111.000 F12000
G1 X169.000 Y111.000 E3655.96402 F15000
G1 X169.000 Y116.000 F12000
G1 X51.000 Y116.000 E3660.08495 F15000
G1 X51.000 Y121.000 F12000
G1 X169.000 Y121.000 E3664.20588 F15000
G1 X169.000 Y126.000 F12000
G1 X51.000 Y126.000 E3668.32681 F15000
G1 X51.000 Y131.000 F12000
G1 X169.000 Y131.000 E3672.44775 F15000
G1 X169.000 Y136.000 F12000
G1 X51.000 Y136.000 E3676.56868 F15000
G1 X51.000 Y141.000 F12000
G1 X169.000 Y141.000 E3680.68961 F15000
G1 X169.000 Y146.000 F12000
G1 X51.000 Y146.000 E3684.81054 F15000
G1 X51.000 Y151.000 F12000
G1 X169.000 Y151.000 E3688.93147 F15000
G1 X169.000 Y156.000 F12000
G1 X51.000 Y156.000 E3693.05240 F15000
G1 X51.000 Y161.000 F12000
G1 X169.000 Y161.000 E3697.17333 F15000
G1 X169.000 Y166.000 F12000
G1 X51.000 Y166.000 E3701.29426 F15000
;LAYER_CHANGE
;Z:6.600
G1 Z6.600 F600
;TYPE:Outer wall
G1 X50.000 Y50.000 F7200
G1 X55.000 Y50.000 E3701.46888 F7200
G1 X60.000 Y50.000 E3701.64349 F7200
G1 X65.000 Y50.000 E3701.81811 F7200
G1 X70.000 Y50.000 E3701.99272 F7200
G1 X75.000 Y50.000 E3702.16734 F7200
G1 X80.000 Y50.000 E3702.34195 F7200
G1 X85.000 Y50.000 E3702.51657 F7200
G1 X90.000 Y50.000 E3702.69119 F7200
G1 X95.000 Y50.000 E3702.86580 F7200
G1 X100.000 Y50.000 E3703.04042 F7200
G1 X105.000 Y50.000 E3703.21503 F7200
G1 X110.000 Y50.000 E3703.38965 F7200
G1 X115.000 Y50.000 E3703.56426 F7200
G1 X120.000 Y50.000 E3703.73888 F7200
G1 X125.000 Y50.000 E3703.91350 F7200
G1 X130.000 Y50.000 E3704.08811 F7200
G1 X135.000 Y50.000 E3704.26273 F7200
G1 X140.000 Y50.000 E3704.43734 F7200
G1 X145.000 Y50.000 E3704.61196 F7200
G1 X150.000 Y50.000 E3704.78657 F7200
G1 X155.000 Y50.000 E3704.96119 F7200
G1 X160.000 Y50.000 E3705.13581 F7200
G1 X165.000 Y50.000 E3705.31042 F7200
G1 X170.000 Y50.000 E3705.48504 F7200
G1 X170.000 Y55.000 E3705.65965 F7200
G1 X170.000 Y60.000 E3705.83427 F7200
G1 X170.000 Y65.000 E3706.00888 F7200
G1 X170.000 Y70.000 E3706.18350 F7200
G1 X170.000 Y75.000 E3706.35812 F7200
G1 X170.000 Y80.000 E3706.53273 F7200
G1 X170.000 Y85.000 E3706.70735 F7200
G1 X170.000 Y90.000 E3706.88196 F7200
G1 X170.000 Y95.000 E3707.05658 F7200
G1 X170.000 Y100.000 E3707.23119 F7200
G1 X170.000 Y105.000 E3707.40581 F7200
G1 X170.000 Y110.000 E3707.58043 F7200
G1 X170.000 Y115.000 E3707.75504 F7200
G1 X170.000 Y120.000 E3707.92966 F7200
G1 X170.000 Y125.000 E3708.10427 F7200
G1 X170.000 Y130.000 E3708.27889 F7200
G1 X170.000 Y135.000 E3708.45350 F7200
G1 X170.000 Y140.000 E3708.62812 F7200
G1 X170.000 Y145.000 E3708.80274 F7200
G1 X170.000 Y150.000 E3708.97735 F7200
G1 X170.000 Y155.000 E3709.15197 F7200
G1 X170.000 Y160.000 E3709.32658 F7200
G1 X170.000 Y165.000 E3709.50120 F7200
G1 X170.000 Y170.000 E3709.67581 F7200
G1 X165.000 Y170.000 E3709.85043 F7200
G1 X160.000 Y170.000 E3710.02505 F7200
G1 X155.000 Y170.000 E3710.19966 F7200
G1 X150.000 Y170.000 E3710.37428 F7200
G1 X145.000 Y170.000 E3710.54889 F7200
G1 X140.000 Y170.000 E3710.72351 F7200
G1 X135.000 Y170.000 E3710.89812 F7200
G1 X130.000 Y170.000 E3711.07274 F7200
G1 X125.000 Y170.000 E3711.24736 F7200
G1 X120.000 Y170.000 E3711.42197 F7200
G1 X115.000 Y170.000 E3711.59659 F7200
G1 X110.000 Y170.000 E3711.77120 F7200
G1 X105.000 Y170.000 E3711.94582 F7200
G1 X100.000 Y170.000 E3712.12043 F7200
G1 X95.000 Y170.000 E3712.29505 F7200
G1 X90.000 Y170.000 E3712.46967 F7200
G1 X85.000 Y170.000 E3712.64428 F7200
G1 X80.000 Y170.000 E3712.81890 F7200
G1 X75.000 Y170.000 E3712.99351 F7200
G1 X70.000 Y170.000 E3713.16813 F7200
G1 X65.000 Y170.000 E3713.34274 F7200
G1 X60.000 Y170.000 E3713.51736 F7200
G1 X55.000 Y170.000 E3713.69198 F7200
G1 X50.000 Y170.000 E3713.86659 F7200
G1 X50.000 Y165.000 E3714.04121 F7200
G1 X50.000 Y160.000 E3714.21582 F7200
G1 X50.000 Y155.000 E3714.39044 F7200
G1 X50.000 Y150.000 E3714.56505 F7200
G1 X50.000 Y145.000 E3714.73967 F7200
G1 X50.000 Y140.000 E3714.91429 F7200
G1 X50.000 Y135.000 E3715.08890 F7200
G1 X50.000 Y130.000 E3715.26352 F7200
G1 X50.000 Y125.000 E3715.43813 F7200
G1 X50.000 Y120.000 E3715.61275 F7200
G1 X50.000 Y115.000 E3715.78736 F7200
G1 X50.000 Y110.000 E3715.96198 F7200
G1 X50.000 Y105.000 E3716.13660 F7200
G1 X50.000 Y100.000 E3716.31121 F7200
G1 X50.000 Y95.000 E3716.48583 F7200
G1 X50.000 Y90.000 E3716.66044 F7200
G1 X50.000 Y85.000 E3716.83506 F7200
G1 X50.000 Y80.000 E3717.00967 F7200
G1 X50.000 Y75.000 E3717.18429 F7200
G1 X50.000 Y70.000 E3717.35891 F7200
G1 X50.000 Y65.000 E3717.53352 F7200
G1 X50.000 Y60.000 E3717.70814 F7200
G1 X50.000 Y55.000 E3717.88275 F7200
G1 X50.000 Y50.000 E3718.05737 F7200
;TYPE:Sparse infill
G1 X51.000 Y51.000 F12000
G1 X169.000 Y51.000 E3722.17830 F15000
G1 X169.000 Y56.000 F12000
G1 X51.000 Y56.000 E3726.29923 F15000
G1 X51.000 Y61.000 F12000
G1 X169.000 Y61.000 E3730.42016 F15000
G1 X169.000 Y66.000 F12000
G1 X51.000 Y66.000 E3734.54109 F15000
G1 X51.000 Y71.000 F12000
G1 X169.000 Y71.000 E3738.66202 F15000
G1 X169.000 Y76.000 F12000
G1 X51.000 Y76.000 E3742.78295 F15000
G1 X51.000 Y81.000 F12000
G1 X169.000 Y81.000 E3746.90388 F15000
G1 X169.000 Y86.000 F12000
G1 X51.000 Y86.000 E3751.02481 F15000
G1 X51.000 Y91.000 F12000
G1 X169.000 Y91.000 E3755.14575 F15000
G1 X169.000 Y96.000 F12000
G1 X51.000 Y96.000 E3759.26668 F15000
G1 X51.000 Y101.000 F12000
G1 X169.000 Y101.000 E3763.38761 F15000
G1 X169.000 Y106.000 F12000
G1 X51.000 Y106.000 E3767.50854 F15000
G1 X51.000 Y111.000 F12000
G1 X169.000 Y111.000 E3771.62947 F15000
G1 X169.000 Y116.000 F12000
G1 X51.000 Y116.000 E3775.75040 F15000
G1 X51.000 Y121.000 F12000
G1 X169.000 Y121.000 E3779.87133 F15000
G1 X169.000 Y126.000 F12000
G1 X51.000 Y126.000 E3783.99226 F15000
G1 X51.000 Y131.000 F12000
G1 X169.000 Y131.000 E3788.11319 F15000
G1 X169.000 Y136.000 F12000
G1 X51.000 Y136.000 E3792.23412 F15000
G1 X51.000 Y141.000 F12000
G1 X169.000 Y141.000 E3796.35505 F15000
G1 X169.000 Y146.000 F12000
G1 X51.000 Y146.000 E3800.47598 F15000
G1 X51.000 Y151.000 F12000
G1 X169.000 Y151.000 E3804.59691 F15000
G1 X169.000 Y156.000 F12000
G1 X51.000 Y156.000 E3808.71784 F15000
G1 X51.000 Y161.000 F12000
G1 X169.000 Y161.000 E3812.83878 F15000
G1 X169.000 Y166.000 F12000
G1 X51.000 Y166.000 E3816.95971 F15000
;LAYER_CHANGE
;Z:6.800
G1 Z6.800 F600
;TYPE:Outer wall
G1 X50.000 Y50.000 F7200
G1 X55.000 Y50.000 E3817.13432 F7200
G1 X60.000 Y50.000 E3817.30894 F7200
G1 X65.000 Y50.000 E3817.48355 F7200
G1 X70.000 Y50.000 E3817.65817 F7200
G1 X75.000 Y50.000 E3817.83278 F7200
G1 X80.000 Y50.000 E3818.00740 F7200
G1 X85.000 Y50.000 E3818.18202 F7200
G1 X90.000 Y50.000 E3818.35663 F7200
G1 X95.000 Y50.000 E3818.53125 F7200
G1 X100.000 Y50.000 E3818.70586 F7200
G1 X105.000 Y50.000 E3818.88048 F7200
G1 X110.000 Y50.000 E3819.05509 F7200
G1 X115.000 Y50.000 E3819.22971 F7200
G1 X120.000 Y50.000 E3819.40433 F7200
G1 X125.000 Y50.000 E3819.57894 F7200
G1 X130.000 Y50.000 E3819.75356 F7200
G1 X135.000 Y50.000 E3819.92817 F7200
G1 X140.000 Y50.000 E3820.10279 F7200
G1 X145.000 Y50.000 E3820.27740 F7200
G1 X150.000 Y50.000 E3820.45202 F7200
G1 X155.000 Y50.000 E3820.62664 F7200
G1 X160.000 Y50.000 E3820.80125 F7200
G1 X165.000 Y50.000 E3820.97587 F7200
G1 X170.000 Y50.000 E3821.15048 F7200
G1 X170.000 Y55.000 E3821.32510 F7200
G1 X170.000 Y60.000 E3821.49971 F7200
G1 X170.000 Y65.000 E3821.67433 F7200
G1 X170.000 Y70.000 E3821.84895 F7200
G1 X170.000 Y75.000 E3822.02356 F7200
G1 X170.000 Y80.000 E3822.19818 F7200
G1 X170.000 Y85.000 E3822.37279 F7200
G1 X170.000 Y90.000 E3822.54741 F7200
G1 X170.000 Y95.000 E3822.72202 F7200
G1 X170.000 Y100.000 E3822.89664 F7200
G1 X170.000 Y105.000 E3823.07126 F7200
G1 X170.000 Y110.000 E3823.24587 F7200
G1 X170.000 Y115.000 E3823.42049 F7200
G1 X170.000 Y120.000 E3823.59510 F7200
G1 X170.000 Y125.000 E3823.76972 F7200
G1 X170.000 Y130.000 E3823.94433 F7200
G1 X170.000 Y135.000 E3824.11895 F7200
G1 X170.000 Y140.000 E3824.29357 F7200
G1 X170.000 Y145.000 E3824.46818 F7200
G1 X170.000 Y150.000 E3824.64280 F7200
G1 X170.000 Y155.000 E3824.81741 F7200
G1 X170.000 Y160.000 E3824.99203 F7200
G1 X170.000 Y165.000 E3825.16664 F7200
G1 X170.000 Y170.000 E3825.34126 F7200
G1 X165.000 Y170.000 E3825.51588 F7200
G1 X160.000 Y170.000 E3825.69049 F7200
G1 X155.000 Y170.000 E3825.86511 F7200
G1 X150.000 Y170.000 E3826.03972 F7200
G1 X145.000 Y170.000 E3826.21434 F7200
G1 X140.000 Y170.000 E3826.38895 F7200
G1 X135.000 Y170.000 E3826.56357 F7200
G1 X130.000 Y170.000 E3826.73819 F7200
G1 X125.000 Y170.000 E3826.91280 F7200
G1 X120.000 Y170.000 E3827.08742 F7200
G1 X115.000 Y170.000 E3827.26203 F7200
G1 X110.000 Y170.000 E3827.43665 F7200
G1 X105.000 Y170.000 E3827.61126 F7200
G1 X100.000 Y170.000 E3827.78588 F7200
G1 X95.000 Y170.000 E3827.96050 F7200
G1 X90.000 Y170.000 E3828.13511 F7200
G1 X85.000 Y170.000 E3828.30973 F7200
G1 X80.000 Y170.000 E3828.48434 F7200
G1 X75.000 Y170.000 E3828.65896 F7200
G1 X70.000 Y170.000 E3828.83357 F7200
G1 X65.000 Y170.000 E3829.00819 F7200
G1 X60.000 Y170.000 E3829.18281 F7200
G1 X55.000 Y170.000 E3829.35742 F7200
G1 X50.000 Y170.000 E3829.53204 F7200
G1 X50.000 Y165.000 E3829.70665 F7200
G1 X50.000 Y160.000 E3829.88127 F7200
G1 X50.000 Y155.000 E3830.05588 F7200
G1 X50.000 Y150.000 E3830.23050 F7200
G1 X50.000 Y145.000 E3830.40512 F7200
G1 X50.000 Y140.000 E3830.57973 F7200
G1 X50.000 Y135.000 E3830.75435 F7200
G1 X50.000 Y130.000 E3830.92896 F7200
G1 X50.000 Y125.000 E3831.10358 F7200
G1 X50.000 Y120.000 E3831.27819 F7200
G1 X50.000 Y115.000 E3831.45281 F7200
G1 X50.000 Y110.000 E3831.62743 F7200
G1 X50.000 Y105.000 E3831.80204 F7200
G1 X50.000 Y100.000 E3831.97666 F7200
G1 X50.000 Y95.000 E3832.15127 F7200
G1 X50.000 Y90.000 E3832.32589 F7200
G1 X50.000 Y85.000 E3832.50050 F7200
G1 X50.000 Y80.000 E3832.67512 F7200
G1 X50.000 Y75.000 E3832.84974 F7200
G1 X50.000 Y70.000 E3833.02435 F7200
G1 X50.000 Y65.000 E3833.19897 F7200
G1 X50.000 Y60.000 E3833.37358 F7200
G1 X50.000 Y55.000 E3833.54820 F7200
G1 X50.000 Y50.000 E3833.72281 F7200
;TYPE:Sparse infill
G1 X51.000 Y51.000 F12000
G1 X169.000 Y51.000 E3837.84374 F15000
G1 X169.000 Y56.000 F12000
G1 X51.000 Y56.000 E3841.96468 F15000
G1 X51.000 Y61.000 F12000
G1 X169.000 Y61.000 E3846.08561 F15000
G1 X169.000 Y66.000 F12000
G1 X51.000 Y66.000 E3850.20654 F15000
G1 X51.000 Y71.000 F12000
G1 X169.000 Y71.000 E3854.32747 F15000
G1 X169.000 Y76.000 F12000
G1 X51.000 Y76.000 E3858.44840 F15000
G1 X51.000 Y81.000 F12000
G1 X169.000 Y81.000 E3862.56933 F15000
G1 X169.000 Y86.000 F12000
G1 X51.000 Y86.000 E3866.69026 F15000
G1 X51.000 Y91.000 F12000
G1 X169.000 Y91.000 E3870.81119 F15000
G1 X169.000 Y96.000 F12000
G1 X51.000 Y96.000 E3874.93212 F15000
G1 X51.000 Y101.000 F12000
G1 X169.000 Y101.000 E3879.05305 F15000
G1 X169.000 Y106.000 F12000
G1 X51.000 Y106.000 E3883.17398 F15000
G1 X51.000 Y111.000 F12000
G1 X169.000 Y111.000 E3887.29491 F15000
G1 X169.000 Y116.000 F12000
G1 X51.000 Y116.000 E3891.41584 F15000
G1 X51.000 Y121.000 F12000
G1 X169.000 Y121.000 E3895.53678 F15000
G1 X169.000 Y126.000 F12000
G1 X51.000 Y126.000 E3899.65771 F15000
G1 X51.000 Y131.000 F12000
G1 X169.000 Y131.000 E3903.77864 F15000
G1 X169.000 Y136.000 F12000
G1 X51.000 Y136.000 E3907.89957 F15000
G1 X51.000 Y141.000 F12000
G1 X169.000 Y141.000 E3912.02050 F15000
G1 X169.000 Y146.000 F12000
G1 X51.000 Y146.000 E3916.14143 F15000
G1 X51.000 Y151.000 F12000
G1 X169.000 Y151.000 E3920.26236 F15000
G1 X169.000 Y156.000 F12000
G1 X51.000 Y156.000 E3924.38329 F15000
G1 X51.000 Y161.000 F12000
G1 X169.000 Y161.000 E3928.50422 F15000
G1 X169.000 Y166.000 F12000
G1 X51.000 Y166.000 E3932.62515 F15000
;LAYER_CHANGE
;Z:7.000
G1 Z7.000 F600
;TYPE:Outer wall
G1 X50.000 Y50.000 F7200
G1 X55.000 Y50.000 E3932.79977 F7200
G1 X60.000 Y50.000 E3932.97438 F7200
G1 X65.000 Y50.000 E3933.14900 F7200
G1 X70.000 Y50.000 E3933.32361 F7200
G1 X75.000 Y50.000 E3933.49823 F7200
G1 X80.000 Y50.000 E3933.67285 F7200
G1 X85.000 Y50.000 E3933.84746 F7200
G1 X90.000 Y50.000 E3934.02208 F7200
G1 X95.000 Y50.000 E3934.19669 F7200
G1 X100.000 Y50.000 E3934.37131 F7200
G1 X105.000 Y50.000 E3934.54592 F7200
G1 X110.000 Y50.000 E3934.72054 F7200
G1 X115.000 Y50.000 E3934.89516 F7200
G1 X120.000 Y50.000 E3935.06977 F7200
G1 X125.000 Y50.000 E3935.24439 F7200
G1 X130.000 Y50.000 E3935.41900 F7200
G1 X135.000 Y50.000 E3935.59362 F7200
G1 X140.000 Y50.000 E3935.76823 F7200
G1 X145.000 Y50.000 E3935.94285 F7200
G1 X150.000 Y50.000 E3936.11747 F7200
G1 X155.000 Y50.000 E3936.29208 F7200
G1 X160.000 Y50.000 E3936.46670 F7200
G1 X165.000 Y50.000 E3936.64131 F7200
G1 X170.000 Y50.000 E3936.81593 F7200
G1 X170.000 Y55.000 E3936.99054 F7200
G1 X170.000 Y60.000 E3937.16516 F7200
G1 X170.000 Y65.000 E3937.33978 F7200
G1 X170.000 Y70.000 E3937.51439 F7200
G1 X170.000 Y75.000 E3937.68901 F7200
G1 X170.000 Y80.000 E3937.86362 F7200
G1 X170.000 Y85.000 E3938.03824 F7200
G1 X170.000 Y90.000 E3938.21285 F7200
G1 X170.000 Y95.000 E3938.38747 F7200
G1 X170.000 Y100.000 E3938.56209 F7200
G1 X170.000 Y105.000 E3938.73670 F7200
G1 X170.000 Y110.000 E3938.91132 F7200
G1 X170.000 Y115.000 E3939.08593 F7200
G1 X170.000 Y120.000 E3939.26055 F7200
G1 X170.000 Y125.000 E3939.43516 F7200
G1 X170.000 Y130.000 E3939.60978 F7200
G1 X170.000 Y135.000 E3939.78440 F7200
G1 X170.000 Y140.000 E3939.95901 F7200
G1 X170.000 Y145.000 E3940.13363 F7200
G1 X170.000 Y150.000 E3940.30824 F7200
G1 X170.000 Y155.000 E3940.48286 F7200
G1 X170.000 Y160.000 E3940.65747 F7200
G1 X170.000 Y165.000 E3940.83209 F7200
G1 X170.000 Y170.000 E3941.00671 F7200
G1 X165.000 Y170.000 E3941.18132 F7200
G1 X160.000 Y170.000 E3941.35594 F7200
G1 X155.000 Y170.000 E3941.53055 F7200
G1 X150.000 Y170.000 E3941.70517 F7200
G1 X145.000 Y170.000 E3941.87978 F7200
G1 X140.000 Y170.000 E3942.05440 F7200
G1 X135.000 Y170.000 E3942.22902 F7200
G1 X130.000 Y170.000 E3942.40363 F7200
G1 X125.000 Y170.000 E3942.57825 F7200
G1 X120.000 Y170.000 E3942.75286 F7200
G1 X115.000 Y170.000 E3942.92748 F7200
G1 X110.000 Y170.000 E3943.10209 F7200
G1 X105.000 Y170.000 E3943.27671 F7200
G1 X100.000 Y170.000 E3943.45133 F7200
G1 X95.000 Y170.000 E3943.62594 F7200
G1 X90.000 Y170.000 E3943.80056 F7200
G1 X85.000 Y170.000 E3943.97517 F7200
G1 X80.000 Y170.000 E3944.14979 F7200
G1 X75.000 Y170.000 E3944.32440 F7200
G1 X70.000 Y170.000 E3944.49902 F7200
G1 X65.000 Y170.000 E3944.67364 F7200
G1 X60.000 Y170.000 E3944.84825 F7200
G1 X55.000 Y170.000 E3945.02287 F7200
G1 X50.000 Y170.000 E3945.19748 F7200
G1 X50.000 Y165.000 E3945.37210 F7200
G1 X50.000 Y160.000 E3945.54671 F7200
G1 X50.000 Y155.000 E3945.72133 F7200
G1 X50.000 Y150.000 E3945.89595 F7200
G1 X50.000 Y145.000 E3946.07056 F7200
G1 X50.000 Y140.000 E3946.24518 F7200
G1 X50.000 Y135.000 E3946.41979 F7200
G1 X50.000 Y130.000 E3946.59441 F7200
G1 X50.000 Y125.000 E3946.76902 F7200
G1 X50.000 Y120.000 E3946.94364 F7200
G1 X50.000 Y115.000 E3947.11826 F7200
G1 X50.000 Y110.000 E3947.29287 F7200
G1 X50.000 Y105.000 E3947.46749 F7200
G1 X50.000 Y100.000 E3947.64210 F7200
G1 X50.000 Y95.000 E3947.81672 F7200
G1 X50.000 Y90.000 E3947.99133 F7200
G1 X50.000 Y85.000 E3948.16595 F7200
G1 X50.000 Y80.000 E3948.34057 F7200
G1 X50.000 Y75.000 E3948.51518 F7200
G1 X50.000 Y70.000 E3948.68980 F7200
G1 X50.000 Y65.000 E3948.86441 F7200
G1 X50.000 Y60.000 E3949.03903 F7200
G1 X50.000 Y55.000 E3949.21364 F7200
G1 X50.000 Y50.000 E3949.38826 F7200
;TYPE:Sparse infill
G1 X51.000 Y51.000 F12000
G1 X169.000 Y51.000 E3953.50919 F15000
G1 X169.000 Y56.000 F12000
G1 X51.000 Y56.000 E3957.63012 F15000
G1 X51.000 Y61.000 F12000
G1 X169.000 Y61.000 E3961.75105 F15000
G1 X169.000 Y66.000 F12000
G1 X51.000 Y66.000 E3965.87198 F15000
G1 X51.000 Y71.000 F12000
G1 X169.000 Y71.000 E3969.99291 F15000
G1 X169.000 Y76.000 F12000
G1 X51.000 Y76.000 E3974.11384 F15000
G1 X51.000 Y81.000 F12000
G1 X169.000 Y81.000 E3978.23477 F15000
G1 X169.000 Y86.000 F12000
G1 X51.000 Y86.000 E3982.35571 F15000
G1 X51.000 Y91.000 F12000
G1 X169.000 Y91.000 E3986.47664 F15000
G1 X169.000 Y96.000 F12000
G1 X51.000 Y96.000 E3990.59757 F15000
G1 X51.000 Y101.000 F12000
G1 X169.000 Y101.000 E3994.71850 F15000
G1 X169.000 Y106.000 F12000
G1 X51.000 Y106.000 E3998.83943 F15000
G1 X51.000 Y111.000 F12000
G1 X169.000 Y111.000 E4002.96036 F15000
G1 X169.000 Y116.000 F12000
G1 X51.000 Y116.000 E4007.08129 F15000
G1 X51.000 Y121.000 F12000
G1 X169.000 Y121.000 E4011.20222 F15000
G1 X169.000 Y126.000 F12000
G1 X51.000 Y126.000 E4015.32315 F15000
G1 X51.000 Y131.000 F12000
G1 X169.000 Y131.000 E4019.44408 F15000
G1 X169.000 Y136.000 F12000
G1 X51.000 Y136.000 E4023.56501 F15000
G1 X51.000 Y141.000 F12000
G1 X169.000 Y141.000 E4027.68594 F15000
G1 X169.000 Y146.000 F12000
G1 X51.000 Y146.000 E4031.80687 F15000
G1 X51.000 Y151.000 F12000
G1 X169.000 Y151.000 E4035.92781 F15000
G1 X169.000 Y156.000 F12000
G1 X51.000 Y156.000 E4040.04874 F15000
G1 X51.000 Y161.000 F12000
G1 X169.000 Y161.000 E4044.16967 F15000
G1 X169.000 Y166.000 F12000
G1 X51.000 Y166.000 E4048.29060 F15000
;LAYER_CHANGE
;Z:7.200
G1 Z7.200 F600
;TYPE:Outer wall
G1 X50.000 Y50.000 F7200
G1 X55.000 Y50.000 E4048.46521 F7200
G1 X60.000 Y50.000 E4048.63983 F7200
G1 X65.000 Y50.000 E4048.81444 F7200
G1 X70.000 Y50.000 E4048.98906 F7200
G1 X75.000 Y50.000 E4049.16368 F7200
G1 X80.000 Y50.000 E4049.33829 F7200
G1 X85.000 Y50.000 E4049.51291 F7200
G1 X90.000 Y50.000 E4049.68752 F7200
G1 X95.000 Y50.000 E4049.86214 F7200
G1 X100.000 Y50.000 E4050.03675 F7200
G1 X105.000 Y50.000 E4050.21137 F7200
G1 X110.000 Y50.000 E4050.38599 F7200
G1 X115.000 Y50.000 E4050.56060 F7200
G1 X120.000 Y50.000 E4050.73522 F7200
G1 X125.000 Y50.000 E4050.90983 F7200
G1 X130.000 Y50.000 E4051.08445 F7200
G1 X135.000 Y50.000 E4051.25906 F7200
G1 X140.000 Y50.000 E4051.43368 F7200
G1 X145.000 Y50.000 E4051.60830 F7200
G1 X150.000 Y50.000 E4051.78291 F7200
G1 X155.000 Y50.000 E4051.95753 F7200
G1 X160.000 Y50.000 E4052.13214 F7200
G1 X165.000 Y50.000 E4052.30676 F7200
G1 X170.000 Y50.000 E4052.48137 F7200
G1 X170.000 Y55.000 E4052.65599 F7200
G1 X170.000 Y60.000 E4052.83061 F7200
G1 X170.000 Y65.000 E4053.00522 F7200
G1 X170.000 Y70.000 E4053.17984 F7200
G1 X170.000 Y75.000 E4053.35445 F7200
G1 X170.000 Y80.000 E4053.52907 F7200
G1 X170.000 Y85.000 E4053.70368 F7200
G1 X170.000 Y90.000 E4053.87830 F7200
G1 X170.000 Y95.000 E4054.05292 F7200
G1 X170.000 Y100.000 E4054.22753 F7200
G1 X170.000 Y105.000 E4054.40215 F7200
G1 X170.000 Y110.000 E4054.57676 F7200
G1 X170.000 Y115.000 E4054.75138 F7200
G1 X170.000 Y120.000 E4054.92599 F7200
G1 X170.000 Y125.000 E4055.10061 F7200
G1 X170.000 Y130.000 E4055.27523 F7200
G1 X170.000 Y135.000 E4055.44984 F7200
G1 X170.000 Y140.000 E4055.62446 F7200
G1 X170.000 Y145.000 E4055.79907 F7200
G1 X170.000 Y150.000 E4055.97369 F7200
G1 X170.000 Y155.000 E4056.14830 F7200
G1 X170.000 Y160.000 E4056.32292 F7200
G1 X170.000 Y165.000 E4056.49754 F7200
G1 X170.000 Y170.000 E4056.67215 F7200
G1 X165.000 Y170.000 E4056.84677 F7200
G1 X160.000 Y170.000 E4057.02138 F7200
G1 X155.000 Y170.000 E4057.19600 F7200
G1 X150.000 Y170.000 E4057.37061 F7200
G1 X145.000 Y170.000 E4057.54523 F7200
G1 X140.000 Y170.000 E4057.71985 F7200
G1 X135.000 Y170.000 E4057.89446 F7200
G1 X130.000 Y170.000 E4058.06908 F7200
G1 X125.000 Y170.000 E4058.24369 F7200
G1 X120.000 Y170.000 E4058.41831 F7200
G1 X115.000 Y170.000 E4058.59292 F7200
G1 X110.000 Y170.000 E4058.76754 F7200
G1 X105.000 Y170.000 E4058.94216 F7200
G1 X100.000 Y170.000 E4059.11677 F7200
G1 X95.000 Y170.000 E4059.29139 F7200
G1 X90.000 Y170.000 E4059.46600 F7200
G1 X85.000 Y170.000 E4059.64062 F7200
G1 X80.000 Y170.000 E4059.81523 F7200
G1 X75.000 Y170.000 E4059.98985 F7200
G1 X70.000 Y170.000 E4060.16447 F7200
G1 X65.000 Y170.000 E4060.33908 F7200
G1 X60.000 Y170.000 E4060.51370 F7200
G1 X55.000 Y170.000 E4060.68831 F7200
G1 X50.000 Y170.000 E4060.86293 F7200
G1 X50.000 Y165.000 E4061.03754 F7200
G1 X50.000 Y160.000 E4061.21216 F7200
G1 X50.000 Y155.000 E4061.38678 F7200
G1 X50.000 Y150.000 E4061.56139 F7200
G1 X50.000 Y145.000 E4061.73601 F7200
G1 X50.000 Y140.000 E4061.91062 F7200
G1 X50.000 Y135.000 E4062.08524 F7200
G1 X50.000 Y130.000 E4062.25985 F7200
G1 X50.000 Y125.000 E4062.43447 F7200
G1 X50.000 Y120.000 E4062.60909 F7200
G1 X50.000 Y115.000 E4062.78370 F7200
G1 X50.000 Y110.000 E4062.95832 F7200
G1 X50.000 Y105.000 E4063.13293 F7200
G1 X50.000 Y100.000 E4063.30755 F7200
G1 X50.000 Y95.000 E4063.48216 F7200
G1 X50.000 Y90.000 E4063.65678 F7200
G1 X50.000 Y85.000 E4063.83140 F7200
G1 X50.000 Y80.000 E4064.00601 F7200
G1 X50.000 Y75.000 E4064.18063 F7200
G1 X50.000 Y70.000 E4064.35524 F7200
G1 X50.000 Y65.000 E4064.52986 F7200
G1 X50.000 Y60.000 E4064.70447 F7200
G1 X50.000 Y55.000 E4064.87909 F7200
G1 X50.000 Y50.000 E4065.05371 F7200
;TYPE:Sparse infill
G1 X51.000 Y51.000 F12000
G1 X169.000 Y51.000 E4069.17464 F15000
G1 X169.000 Y56.000 F12000
G1 X51.000 Y56.000 E4073.29557 F15000
G1 X51.000 Y61.000 F12000
G1 X169.000 Y61.000 E4077.41650 F15000
G1 X169.000 Y66.000 F12000
G1 X51.000 Y66.000 E4081.53743 F15000
G1 X51.000 Y71.000 F12000
G1 X169.000 Y71.000 E4085.65836 F15000
G1 X169.000 Y76.000 F12000
G1 X51.000 Y76.000 E4089.77929 F15000
G1 X51.000 Y81.000 F12000
G1 X169.000 Y81.000 E4093.90022 F15000
G1 X169.000 Y86.000 F12000
G1 X51.000 Y86.000 E4098.02115 F15000
G1 X51.000 Y91.000 F12000
G1 X169.000 Y91.000 E4102.14208 F15000
G1 X169.000 Y96.000 F12000
G1 X51.000 Y96.000 E4106.26301 F15000
G1 X51.000 Y101.000 F12000
G1 X169.000 Y101.000 E4110.38394 F15000
G1 X169.000 Y106.000 F12000
G1 X51.000 Y106.000 E4114.50487 F15000
G1 X51.000 Y111.000 F12000
G1 X169.000 Y111.000 E4118.62580 F15000
G1 X169.000 Y116.000 F12000
G1 X51.000 Y116.000 E4122.74674 F15000
G1 X51.000 Y121.000 F12000
G1 X169.000 Y121.000 E4126.86767 F15000
G1 X169.000 Y126.000 F12000
G1 X51.000 Y126.000 E4130.98860 F15000
G1 X51.000 Y131.000 F12000
G1 X169.000 Y131.000 E4135.10953 F15000
G1 X169.000 Y136.000 F12000
G1 X51.000 Y136.000 E4139.23046 F15000
G1 X51.000 Y141.000 F12000
G1 X169.000 Y141.000 E4143.35139 F15000
G1 X169.000 Y146.000 F12000
G1 X51.000 Y146.000 E4147.47232 F15000
G1 X51.000 Y151.000 F12000
G1 X169.000 Y151.000 E4151.59325 F15000
G1 X169.000 Y156.000 F12000
G1 X51.000 Y156.000 E4155.71418 F15000
G1 X51.000 Y161.000 F12000
G1 X169.000 Y161.000 E4159.83511 F15000
G1 X169.000 Y166.000 F12000
G1 X51.000 Y166.000 E4163.95604 F15000
;LAYER_CHANGE
;Z:7.400
G1 Z7.400 F600
;TYPE:Outer wall
G1 X50.000 Y50.000 F7200
G1 X55.000 Y50.000 E4164.13066 F7200
G1 X60.000 Y50.000 E4164.30527 F7200
G1 X65.000 Y50.000 E4164.47989 F7200
G1 X70.000 Y50.000 E4164.65451 F7200
G1 X75.000 Y50.000 E4164.82912 F7200
G1 X80.000 Y50.000 E4165.00374 F7200
G1 X85.000 Y50.000 E4165.17835 F7200
G1 X90.000 Y50.000 E4165.35297 F7200
G1 X95.000 Y50.000 E4165.52758 F7200
G1 X100.000 Y50.000 E4165.70220 F7200
G1 X105.000 Y50.000 E4165.87682 F7200
G1 X110.000 Y50.000 E4166.05143 F7200
G1 X115.000 Y50.000 E4166.22605 F7200
G1 X120.000 Y50.000 E4166.40066 F7200
G1 X125.000 Y50.000 E4166.57528 F7200
G1 X130.000 Y50.000 E4166.74989 F7200
G1 X135.000 Y50.000 E4166.92451 F7200
G1 X140.000 Y50.000 E4167.09913 F7200
G1 X145.000 Y50.000 E4167.27374 F7200
G1 X150.000 Y50.000 E4167.44836 F7200
G1 X155.000 Y50.000 E4167.62297 F7200
G1 X160.000 Y50.000 E4167.79759 F7200
G1 X165.000 Y50.000 E4167.97220 F7200
G1 X170.000 Y50.000 E4168.14682 F7200
G1 X170.000 Y55.000 E4168.32144 F7200
G1 X170.000 Y60.000 E4168.49605 F7200
G1 X170.000 Y65.000 E4168.67067 F7200
G1 X170.000 Y70.000 E4168.84528 F7200
G1 X170.000 Y75.000 E4169.01990 F7200
G1 X170.000 Y80.000 E4169.19451 F7200
G1 X170.000 Y85.000 E4169.36913 F7200
G1 X170.000 Y90.000 E4169.54375 F7200
G1 X170.000 Y95.000 E4169.71836 F7200
G1 X170.000 Y100.000 E4169.89298 F7200
G1 X170.000 Y105.000 E4170.06759 F7200
G1 X170.000 Y110.000 E4170.24221 F7200
G1 X170.000 Y115.000 E4170.41682 F7200
G1 X170.000 Y120.000 E4170.59144 F7200
G1 X170.000 Y125.000 E4170.76606 F7200
G1 X170.000 Y130.000 E4170.94067 F7200
G1 X170.000 Y135.000 E4171.11529 F7200
G1 X170.000 Y140.000 E4171.28990 F7200
G1 X170.000 Y145.000 E4171.46452 F7200
G1 X170.000 Y150.000 E4171.63913 F7200
G1 X170.000 Y155.000 E4171.81375 F7200
G1 X170.000 Y160.000 E4171.98837 F7200
G1 X170.000 Y165.000 E4172.16298 F7200
G1 X170.000 Y170.000 E4172.33760 F7200
G1 X165.000 Y170.000 E4172.51221 F7200
G1 X160.000 Y170.000 E4172.68683 F7200
G1 X155.000 Y170.000 E4172.86144 F7200
G1 X150.000 Y170.000 E4173.03606 F7200
G1 X145.000 Y170.000 E4173.21068 F7200
G1 X140.000 Y170.000 E4173.38529 F7200
G1 X135.000 Y170.000 E4173.55991 F7200
G1 X130.000 Y170.000 E4173.73452 F7200
G1 X125.000 Y170.000 E4173.90914 F7200
G1 X120.000 Y170.000 E4174.08375 F7200
G1 X115.000 Y170.000 E4174.25837 F7200
G1 X110.000 Y170.000 E4174.43299 F7200
G1 X105.000 Y170.000 E4174.60760 F7200
G1 X100.000 Y170.000 E4174.78222 F7200
G1 X95.000 Y170.000 E4174.95683 F7200
G1 X90.000 Y170.000 E4175.13145 F7200
G1 X85.000 Y170.000 E4175.30606 F7200
G1 X80.000 Y170.000 E4175.48068 F7200
G1 X75.000 Y170.000 E4175.65530 F7200
G1 X70.000 Y170.000 E4175.82991 F7200
G1 X65.000 Y170.000 E4176.00453 F7200
G1 X60.000 Y170.000 E4176.17914 F7200
G1 X55.000 Y170.000 E4176.35376 F7200
G1 X50.000 Y170.000 E4176.52837 F7200
G1 X50.000 Y165.000 E4176.70299 F7200
G1 X50.000 Y160.000 E4176.87761 F7200
G1 X50.000 Y155.000 E4177.05222 F7200
G1 X50.000 Y150.000 E4177.22684 F7200
G1 X50.000 Y145.000 E4177.40145 F7200
G1 X50.000 Y140.000 E4177.57607 F7200
G1 X50.000 Y135.000 E4177.75068 F7200
G1 X50.000 Y130.000 E4177.92530 F7200
G1 X50.000 Y125.000 E4178.09992 F7200
G1 X50.000 Y120.000 E4178.27453 F7200
G1 X50.000 Y115.000 E4178.44915 F7200
G1 X50.000 Y110.000 E4178.62376 F7200
G1 X50.000 Y105.000 E4178.79838 F7200
G1 X50.000 Y100.000 E4178.97299 F7200
G1 X50.000 Y95.000 E4179.14761 F7200
G1 X50.000 Y90.000 E4179.32223 F7200
G1 X50.000 Y85.000 E4179.49684 F7200
G1 X50.000 Y80.000 E4179.67146 F7200
G1 X50.000 Y75.000 E4179.84607 F7200
G1 X50.000 Y70.000 E4180.02069 F7200
G1 X50.000 Y65.000 E4180.19530 F7200
G1 X50.000 Y60.000 E4180.36992 F7200
G1 X50.000 Y55.000 E4180.54454 F7200
G1 X50.000 Y50.000 E4180.71915 F7200
;TYPE:Sparse infill
G1 X51.000 Y51.000 F12000
G1 X169.000 Y51.000 E4184.84008 F15000
G1 X169.000 Y56.000 F12000
G1 X51.000 Y56.000 E4188.96101 F15000
G1 X51.000 Y61.000 F12000
G1 X169.000 Y61.000 E4193.08194 F15000
G1 X169.000 Y66.000 F12000
G1 X51.000 Y66.000 E4197.20287 F15000
G1 X51.000 Y71.000 F12000
G1 X169.000 Y71.000 E4201.32380 F15000
G1 X169.000 Y76.000 F12000
G1 X51.000 Y76.000 E4205.44474 F15000
G1 X51.000 Y81.000 F12000
G1 X169.000 Y81.000 E4209.56567 F15000
G1 X169.000 Y86.000 F12000
G1 X51.000 Y86.000 E4213.68660 F15000
G1 X51.000 Y91.000 F12000
G1 X169.000 Y91.000 E4217.80753 F15000
G1 X169.000 Y96.000 F12000
G1 X51.000 Y96.000 E4221.92846 F15000
G1 X51.000 Y101.000 F12000
G1 X169.000 Y101.000 E4226.04939 F15000
G1 X169.000 Y106.000 F12000
G1 X51.000 Y106.000 E4230.17032 F15000
G1 X51.000 Y111.000 F12000
G1 X169.000 Y111.000 E4234.29125 F15000
G1 X169.000 Y116.000 F12000
G1 X51.000 Y116.000 E4238.41218 F15000
G1 X51.000 Y121.000 F12000
G1 X169.000 Y121.000 E4242.53311 F15000
G1 X169.000 Y126.000 F12000
G1 X51.000 Y126.000 E4246.65404 F15000
G1 X51.000 Y131.000 F12000
G1 X169.000 Y131.000 E4250.77497 F15000
G1 X169.000 Y136.000 F12000
G1 X51.000 Y136.000 E4254.89590 F15000
G1 X51.000 Y141.000 F12000
G1 X169.000 Y141.000 E4259.01683 F15000
G1 X169.000 Y146.000 F12000
G1 X51.000 Y146.000 E4263.13777 F15000
G1 X51.000 Y151.000 F12000
G1 X169.000 Y151.000 E4267.25870 F15000
G1 X169.000 Y156.000 F12000
G1 X51.000 Y156.000 E4271.37963 F15000
G1 X51.000 Y161.000 F12000
G1 X169.000 Y161.000 E4275.50056 F15000
G1 X169.000 Y166.000 F12000
G1 X51.000 Y166.000 E4279.62149 F15000
;LAYER_CHANGE
;Z:7.600
G1 Z7.600 F600
;TYPE:Outer wall
G1 X50.000 Y50.000 F7200
G1 X55.000 Y50.000 E4279.79610 F7200
G1 X60.000 Y50.000 E4279.97072 F7200
G1 X65.000 Y50.000 E4280.14534 F7200
G1 X70.000 Y50.000 E4280.31995 F7200
G1 X75.000 Y50.000 E4280.49457 F7200
G1 X80.000 Y50.000 E4280.66918 F7200
G1 X85.000 Y50.000 E4280.84380 F7200
G1 X90.000 Y50.000 E4281.01841 F7200
G1 X95.000 Y50.000 E4281.19303 F7200
G1 X100.000 Y50.000 E4281.36765 F7200
G1 X105.000 Y50.000 E4281.54226 F7200
G1 X110.000 Y50.000 E4281.71688 F7200
G1 X115.000 Y50.000 E4281.89149 F7200
G1 X120.000 Y50.000 E4282.06611 F7200
G1 X125.000 Y50.000 E4282.24072 F7200
G1 X130.000 Y50.000 E4282.41534 F7200
G1 X135.000 Y50.000 E4282.58996 F7200
G1 X140.000 Y50.000 E4282.76457 F7200
G1 X145.000 Y50.000 E4282.93919 F7200
G1 X150.000 Y50.000 E4283.11380 F7200
G1 X155.000 Y50.000 E4283.28842 F7200
G1 X160.000 Y50.000 E4283.46303 F7200
G1 X165.000 Y50.000 E4283.63765 F7200
G1 X170.000 Y50.000 E4283.81227 F7200
G1 X170.000 Y55.000 E4283.98688 F7200
G1 X170.000 Y60.000 E4284.16150 F7200
G1 X170.000 Y65.000 E4284.33611 F7200
G1 X170.000 Y70.000 E4284.51073 F7200
G1 X170.000 Y75.000 E4284.68534 F7200
G1 X170.000 Y80.000 E4284.85996 F7200
G1 X170.000 Y85.000 E4285.03458 F7200
G1 X170.000 Y90.000 E4285.20919 F7200
G1 X170.000 Y95.000 E4285.38381 F7200
G1 X170.000 Y100.000 E4285.55842 F7200
G1 X170.000 Y105.000 E4285.73304 F7200
G1 X170.000 Y110.000 E4285.90765 F7200
G1 X170.000 Y115.000 E4286.08227 F7200
G1 X170.000 Y120.000 E4286.25689 F7200
G1 X170.000 Y125.000 E4286.43150 F7200
G1 X170.000 Y130.000 E4286.60612 F7200
G1 X170.000 Y135.000 E4286.78073 F7200
G1 X170.000 Y140.000 E4286.95535 F7200
G1 X170.000 Y145.000 E4287.12996 F7200
G1 X170.000 Y150.000 E4287.30458 F7200
G1 X170.000 Y155.000 E4287.47920 F7200
G1 X170.000 Y160.000 E4287.65381 F7200
G1 X170.000 Y165.000 E4287.82843 F7200
G1 X170.000 Y170.000 E4288.00304 F7200
G1 X165.000 Y170.000 E4288.17766 F7200
G1 X160.000 Y170.000 E4288.35227 F7200
G1 X155.000 Y170.000 E4288.52689 F7200
G1 X150.000 Y170.000 E4288.70151 F7200
G1 X145.000 Y170.000 E4288.87612 F7200
G1 X140.000 Y170.000 E4289.05074 F7200
G1 X135.000 Y170.000 E4289.22535 F7200
G1 X130.000 Y170.000 E4289.39997 F7200
G1 X125.000 Y170.000 E4289.57458 F7200
G1 X120.000 Y170.000 E4289.74920 F7200
G1 X115.000 Y170.000 E4289.92382 F7200
G1 X110.000 Y170.000 E4290.09843 F7200
G1 X105.000 Y170.000 E4290.27305 F7200
G1 X100.000 Y170.000 E4290.44766 F7200
G1 X95.000 Y170.000 E4290.62228 F7200
G1 X90.000 Y170.000 E4290.79689 F7200
G1 X85.000 Y170.000 E4290.97151 F7200
G1 X80.000 Y170.000 E4291.14613 F7200
G1 X75.000 Y170.000 E4291.32074 F7200
G1 X70.000 Y170.000 E4291.49536 F7200
G1 X65.000 Y170.000 E4291.66997 F7200
G1 X60.000 Y170.000 E4291.84459 F7200
G1 X55.000 Y170.000 E4292.01920 F7200
G1 X50.000 Y170.000 E4292.19382 F7200
G1 X50.000 Y165.000 E4292.36844 F7200
G1 X50.000 Y160.000 E4292.54305 F7200
G1 X50.000 Y155.000 E4292.71767 F7200
G1 X50.000 Y150.000 E4292.89228 F7200
G1 X50.000 Y145.000 E4293.06690 F7200
G1 X50.000 Y140.000 E4293.24151 F7200
G1 X50.000 Y135.000 E4293.41613 F7200
G1 X50.000 Y130.000 E4293.59075 F7200
G1 X50.000 Y125.000 E4293.76536 F7200
G1 X50.000 Y120.000 E4293.93998 F7200
G1 X50.000 Y115.000 E4294.11459 F7200
G1 X50.000 Y110.000 E4294.28921 F7200
G1 X50.000 Y105.000 E4294.46382 F7200
G1 X50.000 Y100.000 E4294.63844 F7200
G1 X50.000 Y95.000 E4294.81306 F7200
G1 X50.000 Y90.000 E4294.98767 F7200
G1 X50.000 Y85.000 E4295.16229 F7200
G1 X50.000 Y80.000 E4295.33690 F7200
G1 X50.000 Y75.000 E4295.51152 F7200
G1 X50.000 Y70.000 E4295.68613 F7200
G1 X50.000 Y65.000 E4295.86075 F7200
G1 X50.000 Y60.000 E4296.03537 F7200
G1 X50.000 Y55.000 E4296.20998 F7200
G1 X50.000 Y50.000 E4296.38460 F7200
;TYPE:Sparse infill
G1 X51.000 Y51.000 F12000
G1 X169.000 Y51.000 E4300.50553 F15000
G1 X169.000 Y56.000 F12000
G1 X51.000 Y56.000 E4304.62646 F15000
G1 X51.000 Y61.000 F12000
G1 X169.000 Y61.000 E4308.74739 F15000
G1 X169.000 Y66.000 F12000
G1 X51.000 Y66.000 E4312.86832 F15000
G1 X51.000 Y71.000 F12000
G1 X169.000 Y71.000 E4316.98925 F15000
G1 X169.000 Y76.000 F12000
G1 X51.000 Y76.000 E4321.11018 F15000
G1 X51.000 Y81.000 F12000
G1 X169.000 Y81.000 E4325.23111 F15000
G1 X169.000 Y86.000 F12000
G1 X51.000 Y86.000 E4329.35204 F15000
G1 X51.000 Y91.000 F12000
G1 X169.000 Y91.000 E4333.47297 F15000
G1 X169.000 Y96.000 F12000
G1 X51.000 Y96.000 E4337.59390 F15000
G1 X51.000 Y101.000 F12000
G1 X169.000 Y101.000 E4341.71483 F15000
G1 X169.000 Y106.000 F12000
G1 X51.000 Y106.000 E4345.83577 F15000
G1 X51.000 Y111.000 F12000
G1 X169.000 Y111.000 E4349.95670 F15000
G1 X169.000 Y116.000 F12000
G1 X51.000 Y116.000 E4354.07763 F15000
G1 X51.000 Y121.000 F12000
G1 X169.000 Y121.000 E4358.19856 F15000
G1 X169.000 Y126.000 F12000
G1 X51.000 Y126.000 E4362.31949 F15000
G1 X51.000 Y131.000 F12000
G1 X169.000 Y131.000 E4366.44042 F15000
G1 X169.000 Y136.000 F12000
G1 X51.000 Y136.000 E4370.56135 F15000
G1 X51.000 Y141.000 F12000
G1 X169.000 Y141.000 E4374.68228 F15000
G1 X169.000 Y146.000 F12000
G1 X51.000 Y146.000 E4378.80321 F15000
G1 X51.000 Y151.000 F12000
G1 X169.000 Y151.000 E4382.92414 F15000
G1 X169.000 Y156.000 F12000
G1 X51.000 Y156.000 E4387.04507 F15000
G1 X51.000 Y161.000 F12000
G1 X169.000 Y161.000 E4391.16600 F15000
G1 X169.000 Y166.000 F12000
G1 X51.000 Y166.000 E4395.28693 F15000
;LAYER_CHANGE
;Z:7.800
G1 Z7.800 F600
;TYPE:Outer wall
G1 X50.000 Y50.000 F7200
G1 X55.000 Y50.000 E4395.46155 F7200
G1 X60.000 Y50.000 E4395.63617 F7200
G1 X65.000 Y50.000 E4395.81078 F7200
G1 X70.000 Y50.000 E4395.98540 F7200
G1 X75.000 Y50.000 E4396.16001 F7200
G1 X80.000 Y50.000 E4396.33463 F7200
G1 X85.000 Y50.000 E4396.50924 F7200
G1 X90.000 Y50.000 E4396.68386 F7200
G1 X95.000 Y50.000 E4396.85848 F7200
G1 X100.000 Y50.000 E4397.03309 F7200
G1 X105.000 Y50.000 E4397.20771 F7200
G1 X110.000 Y50.000 E4397.38232 F7200
G1 X115.000 Y50.000 E4397.55694 F7200
G1 X120.000 Y50.000 E4397.73155 F7200
G1 X125.000 Y50.000 E4397.90617 F7200
G1 X130.000 Y50.000 E4398.08079 F7200
G1 X135.000 Y50.000 E4398.25540 F7200
G1 X140.000 Y50.000 E4398.43002 F7200
G1 X145.000 Y50.000 E4398.60463 F7200
G1 X150.000 Y50.000 E4398.77925 F7200
G1 X155.000 Y50.000 E4398.95386 F7200
G1 X160.000 Y50.000 E4399.12848 F7200
G1 X165.000 Y50.000 E4399.30310 F7200
G1 X170.000 Y50.000 E4399.47771 F7200
G1 X170.000 Y55.000 E4399.65233 F7200
G1 X170.000 Y60.000 E4399.82694 F7200
G1 X170.000 Y65.000 E4400.00156 F7200
G1 X170.000 Y70.000 E4400.17617 F7200
G1 X170.000 Y75.000 E4400.35079 F7200
G1 X170.000 Y80.000 E4400.52541 F7200
G1 X170.000 Y85.000 E4400.70002 F7200
G1 X170.000 Y90.000 E4400.87464 F7200
G1 X170.000 Y95.000 E4401.04925 F7200
G1 X170.000 Y100.000 E4401.22387 F7200
G1 X170.000 Y105.000 E4401.39848 F7200
G1 X170.000 Y110.000 E4401.57310 F7200
G1 X170.000 Y115.000 E4401.74772 F7200
G1 X170.000 Y120.000 E4401.92233 F7200
G1 X170.000 Y125.000 E4402.09695 F7200
G1 X170.000 Y130.000 E4402.27156 F7200
G1 X170.000 Y135.000 E4402.44618 F7200
G1 X170.000 Y140.000 E4402.62079 F7200
G1 X170.000 Y145.000 E4402.79541 F7200
G1 X170.000 Y150.000 E4402.97003 F7200
G1 X170.000 Y155.000 E4403.14464 F7200
G1 X170.000 Y160.000 E4403.31926 F7200
G1 X170.000 Y165.000 E4403.49387 F7200
G1 X170.000 Y170.000 E4403.66849 F7200
G1 X165.000 Y170.000 E4403.84310 F7200
G1 X160.000 Y170.000 E4404.01772 F7200
G1 X155.000 Y170.000 E4404.19234 F7200
G1 X150.000 Y170.000 E4404.36695 F7200
G1 X145.000 Y170.000 E4404.54157 F7200
G1 X140.000 Y170.000 E4404.71618 F7200
G1 X135.000 Y170.000 E4404.89080 F7200
G1 X130.000 Y170.000 E4405.06541 F7200
G1 X125.000 Y170.000 E4405.24003 F7200
G1 X120.000 Y170.000 E4405.41465 F7200
G1 X115.000 Y170.000 E4405.58926 F7200
G1 X110.000 Y170.000 E4405.76388 F7200
G1 X105.000 Y170.000 E4405.93849 F7200
G1 X100.000 Y170.000 E4406.11311 F7200
G1 X95.000 Y170.000 E4406.28772 F7200
G1 X90.000 Y170.000 E4406.46234 F7200
G1 X85.000 Y170.000 E4406.63696 F7200
G1 X80.000 Y170.000 E4406.81157 F7200
G1 X75.000 Y170.000 E4406.98619 F7200
G1 X70.000 Y170.000 E4407.16080 F7200
G1 X65.000 Y170.000 E4407.33542 F7200
G1 X60.000 Y170.000 E4407.51003 F7200
G1 X55.000 Y170.000 E4407.68465 F7200
G1 X50.000 Y170.000 E4407.85927 F7200
G1 X50.000 Y165.000 E4408.03388 F7200
G1 X50.000 Y160.000 E4408.20850 F7200
G1 X50.000 Y155.000 E4408.38311 F7200
G1 X50.000 Y150.000 E4408.55773 F7200
G1 X50.000 Y145.000 E4408.73234 F7200
G1 X50.000 Y140.000 E4408.90696 F7200
G1 X50.000 Y135.000 E4409.08158 F7200
G1 X50.000 Y130.000 E4409.25619 F7200
G1 X50.000 Y125.000 E4409.43081 F7200
G1 X50.000 Y120.000 E4409.60542 F7200
G1 X50.000 Y115.000 E4409.78004 F7200
G1 X50.000 Y110.000 E4409.95465 F7200
G1 X50.000 Y105.000 E4410.12927 F7200
G1 X50.000 Y100.000 E4410.30389 F7200
G1 X50.000 Y95.000 E4410.47850 F7200
G1 X50.000 Y90.000 E4410.65312 F7200
G1 X50.000 Y85.000 E4410.82773 F7200
G1 X50.000 Y80.000 E4411.00235 F7200
G1 X50.000 Y75.000 E4411.17696 F7200
G1 X50.000 Y70.000 E4411.35158 F7200
G1 X50.000 Y65.000 E4411.52620 F7200
G1 X50.000 Y60.000 E4411.70081 F7200
G1 X50.000 Y55.000 E4411.87543 F7200
G1 X50.000 Y50.000 E4412.05004 F7200
;TYPE:Sparse infill
G1 X51.000 Y51.000 F12000
G1 X169.000 Y51.000 E4416.17097 F15000
G1 X169.000 Y56.000 F12000
G1 X51.000 Y56.000 E4420.29190 F15000
G1 X51.000 Y61.000 F12000
G1 X169.000 Y61.000 E4424.41283 F15000
G1 X169.000 Y66.000 F12000
G1 X51.000 Y66.000 E4428.53377 F15000
G1 X51.000 Y71.000 F12000
G1 X169.000 Y71.000 E4432.65470 F15000
G1 X169.000 Y76.000 F12000
G1 X51.000 Y76.000 E4436.77563 F15000
G1 X51.000 Y81.000 F12000
G1 X169.000 Y81.000 E4440.89656 F15000
G1 X169.000 Y86.000 F12000
G1 X51.000 Y86.000 E4445.01749 F15000
G1 X51.000 Y91.000 F12000
G1 X169.000 Y91.000 E4449.13842 F15000
G1 X169.000 Y96.000 F12000
G1 X51.000 Y96.000 E4453.25935 F15000
G1 X51.000 Y101.000 F12000
G1 X169.000 Y101.000 E4457.38028 F15000
G1 X169.000 Y106.000 F12000
G1 X51.000 Y106.000 E4461.50121 F15000
G1 X51.000 Y111.000 F12000
G1 X169.000 Y111.000 E4465.62214 F15000
G1 X169.000 Y116.000 F12000
G1 X51.000 Y116.000 E4469.74307 F15000
G1 X51.000 Y121.000 F12000
G1 X169.000 Y121.000 E4473.86400 F15000
G1 X169.000 Y126.000 F12000
G1 X51.000 Y126.000 E4477.98493 F15000
G1 X51.000 Y131.000 F12000
G1 X169.000 Y131.000 E4482.10586 F15000
G1 X169.000 Y136.000 F12000
G1 X51.000 Y136.000 E4486.22680 F15000
G1 X51.000 Y141.000 F12000
G1 X169.000 Y141.000 E4490.34773 F15000
G1 X169.000 Y146.000 F12000
G1 X51.000 Y146.000 E4494.46866 F15000
G1 X51.000 Y151.000 F12000
G1 X169.000 Y151.000 E4498.58959 F15000
G1 X169.000 Y156.000 F12000
G1 X51.000 Y156.000 E4502.71052 F15000
G1 X51.000 Y161.000 F12000
G1 X169.000 Y161.000 E4506.83145 F15000
G1 X169.000 Y166.000 F12000
G1 X51.000 Y166.000 E4510.95238 F15000
;LAYER_CHANGE
;Z:8.000
G1 Z8.000 F600
;TYPE:Outer wall
G1 X50.000 Y50.000 F7200
G1 X55.000 Y50.000 E4511.12700 F7200
G1 X60.000 Y50.000 E4511.30161 F7200
G1 X65.000 Y50.000 E4511.47623 F7200
G1 X70.000 Y50.000 E4511.65084 F7200
G1 X75.000 Y50.000 E4511.82546 F7200
G1 X80.000 Y50.000 E4512.00007 F7200
G1 X85.000 Y50.000 E4512.17469 F7200
G1 X90.000 Y50.000 E4512.34931 F7200
G1 X95.000 Y50.000 E4512.52392 F7200
G1 X100.000 Y50.000 E4512.69854 F7200
G1 X105.000 Y50.000 E4512.87315 F7200
G1 X110.000 Y50.000 E4513.04777 F7200
G1 X115.000 Y50.000 E4513.22238 F7200
G1 X120.000 Y50.000 E4513.39700 F7200
G1 X125.000 Y50.000 E4513.57162 F7200
G1 X130.000 Y50.000 E4513.74623 F7200
G1 X135.000 Y50.000 E4513.92085 F7200
G1 X140.000 Y50.000 E4514.09546 F7200
G1 X145.000 Y50.000 E4514.27008 F7200
G1 X150.000 Y50.000 E4514.44469 F7200
G1 X155.000 Y50.000 E4514.61931 F7200
G1 X160.000 Y50.000 E4514.79393 F7200
G1 X165.000 Y50.000 E4514.96854 F7200
G1 X170.000 Y50.000 E4515.14316 F7200
G1 X170.000 Y55.000 E4515.31777 F7200
G1 X170.000 Y60.000 E4515.49239 F7200
G1 X170.000 Y65.000 E4515.66700 F7200
G1 X170.000 Y70.000 E4515.84162 F7200
G1 X170.000 Y75.000 E4516.01624 F7200
G1 X170.000 Y80.000 E4516.19085 F7200
G1 X170.000 Y85.000 E4516.36547 F7200
G1 X170.000 Y90.000 E4516.54008 F7200
G1 X170.000 Y95.000 E4516.71470 F7200
G1 X170.000 Y100.000 E4516.88931 F7200
G1 X170.000 Y105.000 E4517.06393 F7200
G1 X170.000 Y110.000 E4517.23855 F7200
G1 X170.000 Y115.000 E4517.41316 F7200
G1 X170.000 Y120.000 E4517.58778 F7200
G1 X170.000 Y125.000 E4517.76239 F7200
G1 X170.000 Y130.000 E4517.93701 F7200
G1 X170.000 Y135.000 E4518.11162 F7200
G1 X170.000 Y140.000 E4518.28624 F7200
G1 X170.000 Y145.000 E4518.46086 F7200
G1 X170.000 Y150.000 E4518.63547 F7200
G1 X170.000 Y155.000 E4518.81009 F7200
G1 X170.000 Y160.000 E4518.98470 F7200
G1 X170.000 Y165.000 E4519.15932 F7200
G1 X170.000 Y170.000 E4519.33393 F7200
G1 X165.000 Y170.000 E4519.50855 F7200
G1 X160.000 Y170.000 E4519.68317 F7200
G1 X155.000 Y170.000 E4519.85778 F7200
G1 X150.000 Y170.000 E4520.03240 F7200
G1 X145.000 Y170.000 E4520.20701 F7200
G1 X140.000 Y170.000 E4520.38163 F7200
G1 X135.000 Y170.000 E4520.55624 F7200
G1 X130.000 Y170.000 E4520.73086 F7200
G1 X125.000 Y170.000 E4520.90548 F7200
G1 X120.000 Y170.000 E4521.08009 F7200
G1 X115.000 Y170.000 E4521.25471 F7200
G1 X110.000 Y170.000 E4521.42932 F7200
G1 X105.000 Y170.000 E4521.60394 F7200
G1 X100.000 Y170.000 E4521.77855 F7200
G1 X95.000 Y170.000 E4521.95317 F7200
G1 X90.000 Y170.000 E4522.12779 F7200
G1 X85.000 Y170.000 E4522.30240 F7200
G1 X80.000 Y170.000 E4522.47702 F7200
G1 X75.000 Y170.000 E4522.65163 F7200
G1 X70.000 Y170.000 E4522.82625 F7200
G1 X65.000 Y170.000 E4523.00086 F7200
G1 X60.000 Y170.000 E4523.17548 F7200
G1 X55.000 Y170.000 E4523.35010 F7200
G1 X50.000 Y170.000 E4523.52471 F7200
G1 X50.000 Y165.000 E4523.69933 F7200
G1 X50.000 Y160.000 E4523.87394 F7200
G1 X50.000 Y155.000 E4524.04856 F7200
G1 X50.000 Y150.000 E4524.22317 F7200
G1 X50.000 Y145.000 E4524.39779 F7200
G1 X50.000 Y140.000 E4524.57241 F7200
G1 X50.000 Y135.000 E4524.74702 F7200
G1 X50.000 Y130.000 E4524.92164 F7200
G1 X50.000 Y125.000 E4525.09625 F7200
G1 X50.000 Y120.000 E4525.27087 F7200
G1 X50.000 Y115.000 E4525.44548 F7200
G1 X50.000 Y110.000 E4525.62010 F7200
G1 X50.000 Y105.000 E4525.79472 F7200
G1 X50.000 Y100.000 E4525.96933 F7200
G1 X50.000 Y95.000 E4526.14395 F7200
G1 X50.000 Y90.000 E4526.31856 F7200
G1 X50.000 Y85.000 E4526.49318 F7200
G1 X50.000 Y80.000 E4526.66779 F7200
G1 X50.000 Y75.000 E4526.84241 F7200
G1 X50.000 Y70.000 E4527.01703 F7200
G1 X50.000 Y65.000 E4527.19164 F7200
G1 X50.000 Y60.000 E4527.36626 F7200
G1 X50.000 Y55.000 E4527.54087 F7200
G1 X50.000 Y50.000 E4527.71549 F7200
;TYPE:Sparse infill
G1 X51.000 Y51.000 F12000
G1 X169.000 Y51.000 E4531.83642 F15000
G1 X169.000 Y56.000 F12000
G1 X51.000 Y56.000 E4535.95735 F15000
G1 X51.000 Y61.000 F12000
G1 X169.000 Y61.000 E4540.07828 F15000
G1 X169.000 Y66.000 F12000
G1 X51.000 Y66.000 E4544.19921 F15000
G1 X51.000 Y71.000 F12000
G1 X169.000 Y71.000 E4548.32014 F15000
G1 X169.000 Y76.000 F12000
G1 X51.000 Y76.000 E4552.44107 F15000
G1 X51.000 Y81.000 F12000
G1 X169.000 Y81.000 E4556.56200 F15000
G1 X169.000 Y86.000 F12000
G1 X51.000 Y86.000 E4560.68293 F15000
G1 X51.000 Y91.000 F12000
G1 X169.000 Y91.000 E4564.80386 F15000
G1 X169.000 Y96.000 F12000
G1 X51.000 Y96.000 E4568.92480 F15000
G1 X51.000 Y101.000 F12000
G1 X169.000 Y101.000 E4573.04573 F15000
G1 X169.000 Y106.000 F12000
G1 X51.000 Y106.000 E4577.16666 F15000
G1 X51.000 Y111.000 F12000
G1 X169.000 Y111.000 E4581.28759 F15000
G1 X169.000 Y116.000 F12000
G1 X51.000 Y116.000 E4585.40852 F15000
G1 X51.000 Y121.000 F12000
G1 X169.000 Y121.000 E4589.52945 F15000
G1 X169.000 Y126.000 F12000
G1 X51.000 Y126.000 E4593.65038 F15000
G1 X51.000 Y131.000 F12000
G1 X169.000 Y131.000 E4597.77131 F15000
G1 X169.000 Y136.000 F12000
G1 X51.000 Y136.000 E4601.89224 F15000
G1 X51.000 Y141.000 F12000
G1 X169.000 Y141.000 E4606.01317 F15000
G1 X169.000 Y146.000 F12000
G1 X51.000 Y146.000 E4610.13410 F15000
G1 X51.000 Y151.000 F12000
G1 X169.000 Y151.000 E4614.25503 F15000
G1 X169.000 Y156.000 F12000
G1 X51.000 Y156.000 E4618.37596 F15000
G1 X51.000 Y161.000 F12000
G1 X169.000 Y161.000 E4622.49689 F15000
G1 X169.000 Y166.000 F12000
G1 X51.000 Y166.000 E4626.61783 F15000
;LAYER_CHANGE
;Z:8.200
G1 Z8.200 F600
;TYPE:Outer wall
G1 X50.000 Y50.000 F7200
G1 X55.000 Y50.000 E4626.79244 F7200
G1 X60.000 Y50.000 E4626.96706 F7200
G1 X65.000 Y50.000 E4627.14167 F7200
G1 X70.000 Y50.000 E4627.31629 F7200
G1 X75.000 Y50.000 E4627.49090 F7200
G1 X80.000 Y50.000 E4627.66552 F7200
G1 X85.000 Y50.000 E4627.84014 F7200
G1 X90.000 Y50.000 E4628.01475 F7200
G1 X95.000 Y50.000 E4628.18937 F7200
G1 X100.000 Y50.000 E4628.36398 F7200
G1 X105.000 Y50.000 E4628.53860 F7200
G1 X110.000 Y50.000 E4628.71321 F7200
G1 X115.000 Y50.000 E4628.88783 F7200
G1 X120.000 Y50.000 E4629.06245 F7200
G1 X125.000 Y50.000 E4629.23706 F7200
G1 X130.000 Y50.000 E4629.41168 F7200
G1 X135.000 Y50.000 E4629.58629 F7200
G1 X140.000 Y50.000 E4629.76091 F7200
G1 X145.000 Y50.000 E4629.93552 F7200
G1 X150.000 Y50.000 E4630.11014 F7200
G1 X155.000 Y50.000 E4630.28476 F7200
G1 X160.000 Y50.000 E4630.45937 F7200
G1 X165.000 Y50.000 E4630.63399 F7200
G1 X170.000 Y50.000 E4630.80860 F7200
G1 X170.000 Y55.000 E4630.98322 F7200
G1 X170.000 Y60.000 E4631.15783 F7200
G1 X170.000 Y65.000 E4631.33245 F7200
G1 X170.000 Y70.000 E4631.50707 F7200
G1 X170.000 Y75.000 E4631.68168 F7200
G1 X170.000 Y80.000 E4631.85630 F7200
G1 X170.000 Y85.000 E4632.03091 F7200
G1 X170.000 Y90.000 E4632.20553 F7200
G1 X170.000 Y95.000 E4632.38014 F7200
G1 X170.000 Y100.000 E4632.55476 F7200
G1 X170.000 Y105.000 E4632.72938 F7200
G1 X170.000 Y110.000 E4632.90399 F7200
G1 X170.000 Y115.000 E4633.07861 F7200
G1 X170.000 Y120.000 E4633.25322 F7200
G1 X170.000 Y125.000 E4633.42784 F7200
G1 X170.000 Y130.000 E4633.60245 F7200
G1 X170.000 Y135.000 E4633.77707 F7200
G1 X170.000 Y140.000 E4633.95169 F7200
G1 X170.000 Y145.000 E4634.12630 F7200
G1 X170.000 Y150.000 E4634.30092 F7200
G1 X170.000 Y155.000 E4634.47553 F7200
G1 X170.000 Y160.000 E4634.65015 F7200
G1 X170.000 Y165.000 E4634.82476 F7200
G1 X170.000 Y170.000 E4634.99938 F7200
G1 X165.000 Y170.000 E4635.17400 F7200
G1 X160.000 Y170.000 E4635.34861 F7200
G1 X155.000 Y170.000 E4635.52323 F7200
G1 X150.000 Y170.000 E4635.69784 F7200
G1 X145.000 Y170.000 E4635.87246 F7200
G1 X140.000 Y170.000 E4636.04707 F7200
G1 X135.000 Y170.000 E4636.22169 F7200
G1 X130.000 Y170.000 E4636.39631 F7200
G1 X125.000 Y170.000 E4636.57092 F7200
G1 X120.000 Y170.000 E4636.74554 F7200
G1 X115.000 Y170.000 E4636.92015 F7200
G1 X110.000 Y170.000 E4637.09477 F7200
G1 X105.000 Y170.000 E4637.26938 F7200
G1 X100.000 Y170.000 E4637.44400 F7200
G1 X95.000 Y170.000 E4637.61862 F7200
G1 X90.000 Y170.000 E4637.79323 F7200
G1 X85.000 Y170.000 E4637.96785 F7200
G1 X80.000 Y170.000 E4638.14246 F7200
G1 X75.000 Y170.000 E4638.31708 F7200
G1 X70.000 Y170.000 E4638.49169 F7200
G1 X65.000 Y170.000 E4638.66631 F7200
G1 X60.000 Y170.000 E4638.84093 F7200
G1 X55.000 Y170.000 E4639.01554 F7200
G1 X50.000 Y170.000 E4639.19016 F7200
G1 X50.000 Y165.000 E4639.36477 F7200
G1 X50.000 Y160.000 E4639.53939 F7200
G1 X50.000 Y155.000 E4639.71400 F7200
G1 X50.000 Y150.000 E4639.88862 F7200
G1 X50.000 Y145.000 E4640.06324 F7200
G1 X50.000 Y140.000 E4640.23785 F7200
G1 X50.000 Y135.000 E4640.41247 F7200
G1 X50.000 Y130.000 E4640.58708 F7200
G1 X50.000 Y125.000 E4640.76170 F7200
G1 X50.000 Y120.000 E4640.93631 F7200
G1 X50.000 Y115.000 E4641.11093 F7200
G1 X50.000 Y110.000 E4641.28555 F7200
G1 X50.000 Y105.000 E4641.46016 F7200
G1 X50.000 Y100.000 E4641.63478 F7200
G1 X50.000 Y95.000 E4641.80939 F7200
G1 X50.000 Y90.000 E4641.98401 F7200
G1 X50.000 Y85.000 E4642.15862 F7200
G1 X50.000 Y80.000 E4642.33324 F7200
G1 X50.000 Y75.000 E4642.50785 F7200
G1 X50.000 Y70.000 E4642.68247 F7200
G1 X50.000 Y65.000 E4642.85709 F7200
G1 X50.000 Y60.000 E4643.03170 F7200
G1 X50.000 Y55.000 E4643.20632 F7200
G1 X50.000 Y50.000 E4643.38093 F7200
;TYPE:Sparse infill
G1 X51.000 Y51.000 F12000
G1 X169.000 Y51.000 E4647.50186 F15000
G1 X169.000 Y56.000 F12000
G1 X51.000 Y56.000 E4651.62279 F15000
G1 X51.000 Y61.000 F12000
G1 X169.000 Y61.000 E4655.74373 F15000
G1 X169.000 Y66.000 F12000
G1 X51.000 Y66.000 E4659.86466 F15000
G1 X51.000 Y71.000 F12000
G1 X169.000 Y71.000 E4663.98559 F15000
G1 X169.000 Y76.000 F12000
G1 X51.000 Y76.000 E4668.10652 F15000
G1 X51.000 Y81.000 F12000
G1 X169.000 Y81.000 E4672.22745 F15000
G1 X169.000 Y86.000 F12000
G1 X51.000 Y86.000 E4676.34838 F15000
G1 X51.000 Y91.000 F12000
G1 X169.000 Y91.000 E4680.46931 F15000
G1 X169.000 Y96.000 F12000
G1 X51.000 Y96.000 E4684.59024 F15000
G1 X51.000 Y101.000 F12000
G1 X169.000 Y101.000 E4688.71117 F15000
G1 X169.000 Y106.000 F12000
G1 X51.000 Y106.000 E4692.83210 F15000
G1 X51.000 Y111.000 F12000
G1 X169.000 Y111.000 E4696.95303 F15000
G1 X169.000 Y116.000 F12000
G1 X51.000 Y116.000 E4701.07396 F15000
G1 X51.000 Y121.000 F12000
G1 X169.000 Y121.000 E4705.19489 F15000
G1 X169.000 Y126.000 F12000
G1 X51.000 Y126.000 E4709.31583 F15000
G1 X51.000 Y131.000 F12000
G1 X169.000 Y131.000 E4713.43676 F15000
G1 X169.000 Y136.000 F12000
G1 X51.000 Y136.000 E4717.55769 F15000
G1 X51.000 Y141.000 F12000
G1 X169.000 Y141.000 E4721.67862 F15000
G1 X169.000 Y146.000 F12000
G1 X51.000 Y146.000 E4725.79955 F15000
G1 X51.000 Y151.000 F12000
G1 X169.000 Y151.000 E4729.92048 F15000
G1 X169.000 Y156.000 F12000
G1 X51.000 Y156.000 E4734.04141 F15000
G1 X51.000 Y161.000 F12000
G1 X169.000 Y161.000 E4738.16234 F15000
G1 X169.000 Y166.000 F12000
G1 X51.000 Y166.000 E4742.28327 F15000
;LAYER_CHANGE
;Z:8.400
G1 Z8.400 F600
;TYPE:Outer wall
G1 X50.000 Y50.000 F7200
G1 X55.000 Y50.000 E4742.45789 F7200
G1 X60.000 Y50.000 E4742.63250 F7200
G1 X65.000 Y50.000 E4742.80712 F7200
G1 X70.000 Y50.000 E4742.98173 F7200
G1 X75.000 Y50.000 E4743.15635 F7200
G1 X80.000 Y50.000 E4743.33097 F7200
G1 X85.000 Y50.000 E4743.50558 F7200
G1 X90.000 Y50.000 E4743.68020 F7200
G1 X95.000 Y50.000 E4743.85481 F7200
G1 X100.000 Y50.000 E4744.02943 F7200
G1 X105.000 Y50.000 E4744.20404 F7200
G1 X110.000 Y50.000 E4744.37866 F7200
G1 X115.000 Y50.000 E4744.55328 F7200
G1 X120.000 Y50.000 E4744.72789 F7200
G1 X125.000 Y50.000 E4744.90251 F7200
G1 X130.000 Y50.000 E4745.07712 F7200
G1 X135.000 Y50.000 E4745.25174 F7200
G1 X140.000 Y50.000 E4745.42635 F7200
G1 X145.000 Y50.000 E4745.60097 F7200
G1 X150.000 Y50.000 E4745.77559 F7200
G1 X155.000 Y50.000 E4745.95020 F7200
G1 X160.000 Y50.000 E4746.12482 F7200
G1 X165.000 Y50.000 E4746.29943 F7200
G1 X170.000 Y50.000 E4746.47405 F7200
G1 X170.000 Y55.000 E4746.64866 F7200
G1 X170.000 Y60.000 E4746.82328 F7200
G1 X170.000 Y65.000 E4746.99790 F7200
G1 X170.000 Y70.000 E4747.17251 F7200
G1 X170.000 Y75.000 E4747.34713 F7200
G1 X170.000 Y80.000 E4747.52174 F7200
G1 X170.000 Y85.000 E4747.69636 F7200
G1 X170.000 Y90.000 E4747.87097 F7200
G1 X170.000 Y95.000 E4748.04559 F7200
G1 X170.000 Y100.000 E4748.22021 F7200
G1 X170.000 Y105.000 E4748.39482 F7200
G1 X170.000 Y110.000 E4748.56944 F7200
G1 X170.000 Y115.000 E4748.74405 F7200
G1 X170.000 Y120.000 E4748.91867 F7200
G1 X170.000 Y125.000 E4749.09328 F7200
G1 X170.000 Y130.000 E4749.26790 F7200
G1 X170.000 Y135.000 E4749.44252 F7200
G1 X170.000 Y140.000 E4749.61713 F7200
G1 X170.000 Y145.000 E4749.79175 F7200
G1 X170.000 Y150.000 E4749.96636 F7200
G1 X170.000 Y155.000 E4750.14098 F7200
G1 X170.000 Y160.000 E4750.31559 F7200
G1 X170.000 Y165.000 E4750.49021 F7200
G1 X170.000 Y170.000 E4750.66483 F7200
G1 X165.000 Y170.000 E4750.83944 F7200
G1 X160.000 Y170.000 E4751.01406 F7200
G1 X155.000 Y170.000 E4751.18867 F7200
G1 X150.000 Y170.000 E4751.36329 F7200
G1 X145.000 Y170.000 E4751.53790 F7200
G1 X140.000 Y170.000 E4751.71252 F7200
G1 X135.000 Y170.000 E4751.88714 F7200
G1 X130.000 Y170.000 E4752.06175 F7200
G1 X125.000 Y170.000 E4752.23637 F7200
G1 X120.000 Y170.000 E4752.41098 F7200
G1 X115.000 Y170.000 E4752.58560 F7200
G1 X110.000 Y170.000 E4752.76021 F7200
G1 X105.000 Y170.000 E4752.93483 F7200
G1 X100.000 Y170.000 E4753.10945 F7200
G1 X95.000 Y170.000 E4753.28406 F7200
G1 X90.000 Y170.000 E4753.45868 F7200
G1 X85.000 Y170.000 E4753.63329 F7200
G1 X80.000 Y170.000 E4753.80791 F7200
G1 X75.000 Y170.000 E4753.98252 F7200
G1 X70.000 Y170.000 E4754.15714 F7200
G1 X65.000 Y170.000 E4754.33176 F7200
G1 X60.000 Y170.000 E4754.50637 F7200
G1 X55.000 Y170.000 E4754.68099 F7200
G1 X50.000 Y170.000 E4754.85560 F7200
G1 X50.000 Y165.000 E4755.03022 F7200
G1 X50.000 Y160.000 E4755.20483 F7200
G1 X50.000 Y155.000 E4755.37945 F7200
G1 X50.000 Y150.000 E4755.55406 F7200
G1 X50.000 Y145.000 E4755.72868 F7200
G1 X50.000 Y140.000 E4755.90330 F7200
G1 X50.000 Y135.000 E4756.07791 F7200
G1 X50.000 Y130.000 E4756.25253 F7200
G1 X50.000 Y125.000 E4756.42714 F7200
G1 X50.000 Y120.000 E4756.60176 F7200
G1 X50.000 Y115.000 E4756.77637 F7200
G1 X50.000 Y110.000 E4756.95099 F7200
G1 X50.000 Y105.000 E4757.12561 F7200
G1 X50.000 Y100.000 E4757.30022 F7200
G1 X50.000 Y95.000 E4757.47484 F7200
G1 X50.000 Y90.000 E4757.64945 F7200
G1 X50.000 Y85.000 E4757.82407 F7200
G1 X50.000 Y80.000 E4757.99868 F7200
G1 X50.000 Y75.000 E4758.17330 F7200
G1 X50.000 Y70.000 E4758.34792 F7200
G1 X50.000 Y65.000 E4758.52253 F7200
G1 X50.000 Y60.000 E4758.69715 F7200
G1 X50.000 Y55.000 E4758.87176 F7200
G1 X50.000 Y50.000 E4759.04638 F7200
;TYPE:Sparse infill
G1 X51.000 Y51.000 F12000
G1 X169.000 Y51.000 E4763.16731 F15000
G1 X169.000 Y56.000 F12000
G1 X51.000 Y56.000 E4767.28824 F15000
G1 X51.000 Y61.000 F12000
G1 X169.000 Y61.000 E4771.40917 F15000
G1 X169.000 Y66.000 F12000
G1 X51.000 Y66.000 E4775.53010 F15000
G1 X51.000 Y71.000 F12000
G1 X169.000 Y71.000 E4779.65103 F15000
G1 X169.000 Y76.000 F12000
G1 X51.000 Y76.000 E4783.77196 F15000
G1 X51.000 Y81.000 F12000
G1 X169.000 Y81.000 E4787.89289 F15000
G1 X169.000 Y86.000 F12000
G1 X51.000 Y86.000 E4792.01383 F15000
G1 X51.000 Y91.000 F12000
G1 X169.000 Y91.000 E4796.13476 F15000
G1 X169.000 Y96.000 F12000
G1 X51.000 Y96.000 E4800.25569 F15000
G1 X51.000 Y101.000 F12000
G1 X169.000 Y101.000 E4804.37662 F15000
G1 X169.000 Y106.000 F12000
G1 X51.000 Y106.000 E4808.49755 F15000
G1 X51.000 Y111.000 F12000
G1 X169.000 Y111.000 E4812.61848 F15000
G1 X169.000 Y116.000 F12000
G1 X51.000 Y116.000 E4816.73941 F15000
G1 X51.000 Y121.000 F12000
G1 X169.000 Y121.000 E4820.86034 F15000
G1 X169.000 Y126.000 F12000
G1 X51.000 Y126.000 E4824.98127 F15000
G1 X51.000 Y131.000 F12000
G1 X169.000 Y131.000 E4829.10220 F15000
G1 X169.000 Y136.000 F12000
G1 X51.000 Y136.000 E4833.22313 F15000
G1 X51.000 Y141.000 F12000
G1 X169.000 Y141.000 E4837.34406 F15000
G1 X169.000 Y146.000 F12000
G1 X51.000 Y146.000 E4841.46499 F15000
G1 X51.000 Y151.000 F12000
G1 X169.000 Y151.000 E4845.58592 F15000
G1 X169.000 Y156.000 F12000
G1 X51.000 Y156.000 E4849.70686 F15000
G1 X51.000 Y161.000 F12000
G1 X169.000 Y161.000 E4853.82779 F15000
G1 X169.000 Y166.000 F12000
G1 X51.000 Y166.000 E4857.94872 F15000
;LAYER_CHANGE
;Z:8.600
G1 Z8.600 F600
;TYPE:Outer wall
G1 X50.000 Y50.000 F7200
G1 X55.000 Y50.000 E4858.12333 F7200
G1 X60.000 Y50.000 E4858.29795 F7200
G1 X65.000 Y50.000 E4858.47256 F7200
G1 X70.000 Y50.000 E4858.64718 F7200
G1 X75.000 Y50.000 E4858.82180 F7200
G1 X80.000 Y50.000 E4858.99641 F7200
G1 X85.000 Y50.000 E4859.17103 F7200
G1 X90.000 Y50.000 E4859.34564 F7200
G1 X95.000 Y50.000 E4859.52026 F7200
G1 X100.000 Y50.000 E4859.69487 F7200
G1 X105.000 Y50.000 E4859.86949 F7200
G1 X110.000 Y50.000 E4860.04411 F7200
G1 X115.000 Y50.000 E4860.21872 F7200
G1 X120.000 Y50.000 E4860.39334 F7200
G1 X125.000 Y50.000 E4860.56795 F7200
G1 X130.000 Y50.000 E4860.74257 F7200
G1 X135.000 Y50.000 E4860.91718 F7200
G1 X140.000 Y50.000 E4861.09180 F7200
G1 X145.000 Y50.000 E4861.26642 F7200
G1 X150.000 Y50.000 E4861.44103 F7200
G1 X155.000 Y50.000 E4861.61565 F7200
G1 X160.000 Y50.000 E4861.79026 F7200
G1 X165.000 Y50.000 E4861.96488 F7200
G1 X170.000 Y50.000 E4862.13949 F7200
G1 X170.000 Y55.000 E4862.31411 F7200
G1 X170.000 Y60.000 E4862.48873 F7200
G1 X170.000 Y65.000 E4862.66334 F7200
G1 X170.000 Y70.000 E4862.83796 F7200
G1 X170.000 Y75.000 E4863.01257 F7200
G1 X170.000 Y80.000 E4863.18719 F7200
G1 X170.000 Y85.000 E4863.36180 F7200
G1 X170.000 Y90.000 E4863.53642 F7200
G1 X170.000 Y95.000 E4863.71104 F7200
G1 X170.000 Y100.000 E4863.88565 F7200
G1 X170.000 Y105.000 E4864.06027 F7200
G1 X170.000 Y110.000 E4864.23488 F7200
G1 X170.000 Y115.000 E4864.40950 F7200
G1 X170.000 Y120.000 E4864.58411 F7200
G1 X170.000 Y125.000 E4864.75873 F7200
G1 X170.000 Y130.000 E4864.93335 F7200
G1 X170.000 Y135.000 E4865.10796 F7200
G1 X170.000 Y140.000 E4865.28258 F7200
G1 X170.000 Y145.000 E4865.45719 F7200
G1 X170.000 Y150.000 E4865.63181 F7200
G1 X170.000 Y155.000 E4865.80642 F7200
G1 X170.000 Y160.000 E4865.98104 F7200
G1 X170.000 Y165.000 E4866.15566 F7200
G1 X170.000 Y170.000 E4866.33027 F7200
G1 X165.000 Y170.000 E4866.50489 F7200
G1 X160.000 Y170.000 E4866.67950 F7200
G1 X155.000 Y170.000 E4866.85412 F7200
G1 X150.000 Y170.000 E4867.02873 F7200
G1 X145.000 Y170.000 E4867.20335 F7200
G1 X140.000 Y170.000 E4867.37797 F7200
G1 X135.000 Y170.000 E4867.55258 F7200
G1 X130.000 Y170.000 E4867.72720 F7200
G1 X125.000 Y170.000 E4867.90181 F7200
G1 X120.000 Y170.000 E4868.07643 F7200
G1 X115.000 Y170.000 E4868.25104 F7200
G1 X110.000 Y170.000 E4868.42566 F7200
G1 X105.000 Y170.000 E4868.60027 F7200
G1 X100.000 Y170.000 E4868.77489 F7200
G1 X95.000 Y170.000 E4868.94951 F7200
G1 X90.000 Y170.000 E4869.12412 F7200
G1 X85.000 Y170.000 E4869.29874 F7200
G1 X80.000 Y170.000 E4869.47335 F7200
G1 X75.000 Y170.000 E4869.64797 F7200
G1 X70.000 Y170.000 E4869.82258 F7200
G1 X65.000 Y170.000 E4869.99720 F7200
G1 X60.000 Y170.000 E4870.17182 F7200
G1 X55.000 Y170.000 E4870.34643 F7200
G1 X50.000 Y170.000 E4870.52105 F7200
G1 X50.000 Y165.000 E4870.69566 F7200
G1 X50.000 Y160.000 E4870.87028 F7200
G1 X50.000 Y155.000 E4871.04489 F7200
G1 X50.000 Y150.000 E4871.21951 F7200
G1 X50.000 Y145.000 E4871.39413 F7200
G1 X50.000 Y140.000 E4871.56874 F7200
G1 X50.000 Y135.000 E4871.74336 F7200
G1 X50.000 Y130.000 E4871.91797 F7200
G1 X50.000 Y125.000 E4872.09259 F7200
G1 X50.000 Y120.000 E4872.26720 F7200
G1 X50.000 Y115.000 E4872.44182 F7200
G1 X50.000 Y110.000 E4872.61644 F7200
G1 X50.000 Y105.000 E4872.79105 F7200
G1 X50.000 Y100.000 E4872.96567 F7200
G1 X50.000 Y95.000 E4873.14028 F7200
G1 X50.000 Y90.000 E4873.31490 F7200
G1 X50.000 Y85.000 E4873.48951 F7200
G1 X50.000 Y80.000 E4873.66413 F7200
G1 X50.000 Y75.000 E4873.83875 F7200
G1 X50.000 Y70.000 E4874.01336 F7200
G1 X50.000 Y65.000 E4874.18798 F7200
G1 X50.000 Y60.000 E4874.36259 F7200
G1 X50.000 Y55.000 E4874.53721 F7200
G1 X50.000 Y50.000 E4874.71182 F7200
;TYPE:Sparse infill
G1 X51.000 Y51.000 F12000
G1 X169.000 Y51.000 E4878.83276 F15000
G1 X169.000 Y56.000 F12000
G1 X51.000 Y56.000 E4882.95369 F15000
G1 X51.000 Y61.000 F12000
G1 X169.000 Y61.000 E4887.07462 F15000
G1 X169.000 Y66.000 F12000
G1 X51.000 Y66.000 E4891.19555 F15000
G1 X51.000 Y71.000 F12000
G1 X169.000 Y71.000 E4895.31648 F15000
G1 X169.000 Y76.000 F12000
G1 X51.000 Y76.000 E4899.43741 F15000
G1 X51.000 Y81.000 F12000
G1 X169.000 Y81.000 E4903.55834 F15000
G1 X169.000 Y86.000 F12000
G1 X51.000 Y86.000 E4907.67927 F15000
G1 X51.000 Y91.000 F12000
G1 X169.000 Y91.000 E4911.80020 F15000
G1 X169.000 Y96.000 F12000
G1 X51.000 Y96.000 E4915.92113 F15000
G1 X51.000 Y101.000 F12000
G1 X169.000 Y101.000 E4920.04206 F15000
G1 X169.000 Y106.000 F12000
G1 X51.000 Y106.000 E4924.16299 F15000
G1 X51.000 Y111.000 F12000
G1 X169.000 Y111.000 E4928.28392 F15000
G1 X169.000 Y116.000 F12000
G1 X51.000 Y116.000 E4932.40486 F15000
G1 X51.000 Y121.000 F12000
G1 X169.000 Y121.000 E4936.52579 F15000
G1 X169.000 Y126.000 F12000
G1 X51.000 Y126.000 E4940.64672 F15000
G1 X51.000 Y131.000 F12000
G1 X169.000 Y131.000 E4944.76765 F15000
G1 X169.000 Y136.000 F12000
G1 X51.000 Y136.000 E4948.88858 F15000
G1 X51.000 Y141.000 F12000
G1 X169.000 Y141.000 E4953.00951 F15000
G1 X169.000 Y146.000 F12000
G1 X51.000 Y146.000 E4957.13044 F15000
G1 X51.000 Y151.000 F12000
G1 X169.000 Y151.000 E4961.25137 F15000
G1 X169.000 Y156.000 F12000
G1 X51.000 Y156.000 E4965.37230 F15000
G1 X51.000 Y161.000 F12000
G1 X169.000 Y161.000 E4969.49323 F15000
G1 X169.000 Y166.000 F12000
G1 X51.000 Y166.000 E4973.61416 F15000
;LAYER_CHANGE
;Z:8.800
G1 Z8.800 F600
;TYPE:Outer wall
G1 X50.000 Y50.000 F7200
G1 X55.000 Y50.000 E4973.78878 F7200
G1 X60.000 Y50.000 E4973.96339 F7200
G1 X65.000 Y50.000 E4974.13801 F7200
G1 X70.000 Y50.000 E4974.31263 F7200
G1 X75.000 Y50.000 E4974.48724 F7200
G1 X80.000 Y50.000 E4974.66186 F7200
G1 X85.000 Y50.000 E4974.83647 F7200
G1 X90.000 Y50.000 E4975.01109 F7200
G1 X95.000 Y50.000 E4975.18570 F7200
G1 X100.000 Y50.000 E4975.36032 F7200
G1 X105.000 Y50.000 E4975.53494 F7200
G1 X110.000 Y50.000 E4975.70955 F7200
G1 X115.000 Y50.000 E4975.88417 F7200
G1 X120.000 Y50.000 E4976.05878 F7200
G1 X125.000 Y50.000 E4976.23340 F7200
G1 X130.000 Y50.000 E4976.40801 F7200
G1 X135.000 Y50.000 E4976.58263 F7200
G1 X140.000 Y50.000 E4976.75725 F7200
G1 X145.000 Y50.000 E4976.93186 F7200
G1 X150.000 Y50.000 E4977.10648 F7200
G1 X155.000 Y50.000 E4977.28109 F7200
G1 X160.000 Y50.000 E4977.45571 F7200
G1 X165.000 Y50.000 E4977.63032 F7200
G1 X170.000 Y50.000 E4977.80494 F7200
G1 X170.000 Y55.000 E4977.97956 F7200
G1 X170.000 Y60.000 E4978.15417 F7200
G1 X170.000 Y65.000 E4978.32879 F7200
G1 X170.000 Y70.000 E4978.50340 F7200
G1 X170.000 Y75.000 E4978.67802 F7200
G1 X170.000 Y80.000 E4978.85263 F7200
G1 X170.000 Y85.000 E4979.02725 F7200
G1 X170.000 Y90.000 E4979.20187 F7200
G1 X170.000 Y95.000 E4979.37648 F7200
G1 X170.000 Y100.000 E4979.55110 F7200
G1 X170.000 Y105.000 E4979.72571 F7200
G1 X170.000 Y110.000 E4979.90033 F7200
G1 X170.000 Y115.000 E4980.07494 F7200
G1 X170.000 Y120.000 E4980.24956 F7200
G1 X170.000 Y125.000 E4980.42418 F7200
G1 X170.000 Y130.000 E4980.59879 F7200
G1 X170.000 Y135.000 E4980.77341 F7200
G1 X170.000 Y140.000 E4980.94802 F7200
G1 X170.000 Y145.000 E4981.12264 F7200
G1 X170.000 Y150.000 E4981.29725 F7200
G1 X170.000 Y155.000 E4981.47187 F7200
G1 X170.000 Y160.000 E4981.64648 F7200
G1 X170.000 Y165.000 E4981.82110 F7200
G1 X170.000 Y170.000 E4981.99572 F7200
G1 X165.000 Y170.000 E4982.17033 F7200
G1 X160.000 Y170.000 E4982.34495 F7200
G1 X155.000 Y170.000 E4982.51956 F7200
G1 X150.000 Y170.000 E4982.69418 F7200
G1 X145.000 Y170.000 E4982.86879 F7200
G1 X140.000 Y170.000 E4983.04341 F7200
G1 X135.000 Y170.000 E4983.21803 F7200
G1 X130.000 Y170.000 E4983.39264 F7200
G1 X125.000 Y170.000 E4983.56726 F7200
G1 X120.000 Y170.000 E4983.74187 F7200
G1 X115.000 Y170.000 E4983.91649 F7200
G1 X110.000 Y170.000 E4984.09110 F7200
G1 X105.000 Y170.000 E4984.26572 F7200
G1 X100.000 Y170.000 E4984.44034 F7200
G1 X95.000 Y170.000 E4984.61495 F7200
G1 X90.000 Y170.000 E4984.78957 F7200
G1 X85.000 Y170.000 E4984.96418 F7200
G1 X80.000 Y170.000 E4985.13880 F7200
G1 X75.000 Y170.000 E4985.31341 F7200
G1 X70.000 Y170.000 E4985.48803 F7200
G1 X65.000 Y170.000 E4985.66265 F7200
G1 X60.000 Y170.000 E4985.83726 F7200
G1 X55.000 Y170.000 E4986.01188 F7200
G1 X50.000 Y170.000 E4986.18649 F7200
G1 X50.000 Y165.000 E4986.36111 F7200
G1 X50.000 Y160.000 E4986.53572 F7200
G1 X50.000 Y155.000 E4986.71034 F7200
G1 X50.000 Y150.000 E4986.88496 F7200
G1 X50.000 Y145.000 E4987.05957 F7200
G1 X50.000 Y140.000 E4987.23419 F7200
G1 X50.000 Y135.000 E4987.40880 F7200
G1 X50.000 Y130.000 E4987.58342 F7200
G1 X50.000 Y125.000 E4987.75803 F7200
G1 X50.000 Y120.000 E4987.93265 F7200
G1 X50.000 Y115.000 E4988.10727 F7200
G1 X50.000 Y110.000 E4988.28188 F7200
G1 X50.000 Y105.000 E4988.45650 F7200
G1 X50.000 Y100.000 E4988.63111 F7200
G1 X50.000 Y95.000 E4988.80573 F7200
G1 X50.000 Y90.000 E4988.98034 F7200
G1 X50.000 Y85.000 E4989.15496 F7200
G1 X50.000 Y80.000 E4989.32958 F7200
G1 X50.000 Y75.000 E4989.50419 F7200
G1 X50.000 Y70.000 E4989.67881 F7200
G1 X50.000 Y65.000 E4989.85342 F7200
G1 X50.000 Y60.000 E4990.02804 F7200
G1 X50.000 Y55.000 E4990.20265 F7200
G1 X50.000 Y50.000 E4990.37727 F7200
;TYPE:Sparse infill
G1 X51.000 Y51.000 F12000
G1 X169.000 Y51.000 E4994.49820 F15000
G1 X169.000 Y56.000 F12000
G1 X51.000 Y56.000 E4998.61913 F15000
G1 X51.000 Y61.000 F12000
G1 X169.000 Y61.000 E5002.74006 F15000
G1 X169.000 Y66.000 F12000
G1 X51.000 Y66.000 E5006.86099 F15000
G1 X51.000 Y71.000 F12000
G1 X169.000 Y71.000 E5010.98192 F15000
G1 X169.000 Y76.000 F12000
G1 X51.000 Y76.000 E5015.10285 F15000
G1 X51.000 Y81.000 F12000
G1 X169.000 Y81.000 E5019.22379 F15000
G1 X169.000 Y86.000 F12000
G1 X51.000 Y86.000 E5023.34472 F15000
G1 X51.000 Y91.000 F12000
G1 X169.000 Y91.000 E5027.46565 F15000
G1 X169.000 Y96.000 F12000
G1 X51.000 Y96.000 E5031.58658 F15000
G1 X51.000 Y101.000 F12000
G1 X169.000 Y101.000 E5035.70751 F15000
G1 X169.000 Y106.000 F12000
G1 X51.000 Y106.000 E5039.82844 F15000
G1 X51.000 Y111.000 F12000
G1 X169.000 Y111.000 E5043.94937 F15000
G1 X169.000 Y116.000 F12000
G1 X51.000 Y116.000 E5048.07030 F15000
G1 X51.000 Y121.000 F12000
G1 X169.000 Y121.000 E5052.19123 F15000
G1 X169.000 Y126.000 F12000
G1 X51.000 Y126.000 E5056.31216 F15000
G1 X51.000 Y131.000 F12000
G1 X169.000 Y131.000 E5060.43309 F15000
G1 X169.000 Y136.000 F12000
G1 X51.000 Y136.000 E5064.55402 F15000
G1 X51.000 Y141.000 F12000
G1 X169.000 Y141.000 E5068.67495 F15000
G1 X169.000 Y146.000 F12000
G1 X51.000 Y146.000 E5072.79589 F15000
G1 X51.000 Y151.000 F12000
G1 X169.000 Y151.000 E5076.91682 F15000
G1 X169.000 Y156.000 F12000
G1 X51.000 Y156.000 E5081.03775 F15000
G1 X51.000 Y161.000 F12000
G1 X169.000 Y161.000 E5085.15868 F15000
G1 X169.000 Y166.000 F12000
G1 X51.000 Y166.000 E5089.27961 F15000
;LAYER_CHANGE
;Z:9.000
G1 Z9.000 F600
;TYPE:Outer wall
G1 X50.000 Y50.000 F7200
G1 X55.000 Y50.000 E5089.45422 F7200
G1 X60.000 Y50.000 E5089.62884 F7200
G1 X65.000 Y50.000 E5089.80346 F7200
G1 X70.000 Y50.000 E5089.97807 F7200
G1 X75.000 Y50.000 E5090.15269 F7200
G1 X80.000 Y50.000 E5090.32730 F7200
G1 X85.000 Y50.000 E5090.50192 F7200
G1 X90.000 Y50.000 E5090.67653 F7200
G1 X95.000 Y50.000 E5090.85115 F7200
G1 X100.000 Y50.000 E5091.02577 F7200
G1 X105.000 Y50.000 E5091.20038 F7200
G1 X110.000 Y50.000 E5091.37500 F7200
G1 X115.000 Y50.000 E5091.54961 F7200
G1 X120.000 Y50.000 E5091.72423 F7200
G1 X125.000 Y50.000 E5091.89884 F7200
G1 X130.000 Y50.000 E5092.07346 F7200
G1 X135.000 Y50.000 E5092.24808 F7200
G1 X140.000 Y50.000 E5092.42269 F7200
G1 X145.000 Y50.000 E5092.59731 F7200
G1 X150.000 Y50.000 E5092.77192 F7200
G1 X155.000 Y50.000 E5092.94654 F7200
G1 X160.000 Y50.000 E5093.12115 F7200
G1 X165.000 Y50.000 E5093.29577 F7200
G1 X170.000 Y50.000 E5093.47039 F7200
G1 X170.000 Y55.000 E5093.64500 F7200
G1 X170.000 Y60.000 E5093.81962 F7200
G1 X170.000 Y65.000 E5093.99423 F7200
G1 X170.000 Y70.000 E5094.16885 F7200
G1 X170.000 Y75.000 E5094.34346 F7200
G1 X170.000 Y80.000 E5094.51808 F7200
G1 X170.000 Y85.000 E5094.69269 F7200
G1 X170.000 Y90.000 E5094.86731 F7200
G1 X170.000 Y95.000 E5095.04193 F7200
G1 X170.000 Y100.000 E5095.21654 F7200
G1 X170.000 Y105.000 E5095.39116 F7200
G1 X170.000 Y110.000 E5095.56577 F7200
G1 X170.000 Y115.000 E5095.74039 F7200
G1 X170.000 Y120.000 E5095.91500 F7200
G1 X170.000 Y125.000 E5096.08962 F7200
G1 X170.000 Y130.000 E5096.26424 F7200
G1 X170.000 Y135.000 E5096.43885 F7200
G1 X170.000 Y140.000 E5096.61347 F7200
G1 X170.000 Y145.000 E5096.78808 F7200
G1 X170.000 Y150.000 E5096.96270 F7200
G1 X170.000 Y155.000 E5097.13731 F7200
G1 X170.000 Y160.000 E5097.31193 F7200
G1 X170.000 Y165.000 E5097.48655 F7200
G1 X170.000 Y170.000 E5097.66116 F7200
G1 X165.000 Y170.000 E5097.83578 F7200
G1 X160.000 Y170.000 E5098.01039 F7200
G1 X155.000 Y170.000 E5098.18501 F7200
G1 X150.000 Y170.000 E5098.35962 F7200
G1 X145.000 Y170.000 E5098.53424 F7200
G1 X140.000 Y170.000 E5098.70886 F7200
G1 X135.000 Y170.000 E5098.88347 F7200
G1 X130.000 Y170.000 E5099.05809 F7200
G1 X125.000 Y170.000 E5099.23270 F7200
G1 X120.000 Y170.000 E5099.40732 F7200
G1 X115.000 Y170.000 E5099.58193 F7200
G1 X110.000 Y170.000 E5099.75655 F7200
G1 X105.000 Y170.000 E5099.93117 F7200
G1 X100.000 Y170.000 E5100.10578 F7200
G1 X95.000 Y170.000 E5100.28040 F7200
G1 X90.000 Y170.000 E5100.45501 F7200
G1 X85.000 Y170.000 E5100.62963 F7200
G1 X80.000 Y170.000 E5100.80424 F7200
G1 X75.000 Y170.000 E5100.97886 F7200
G1 X70.000 Y170.000 E5101.15348 F7200
G1 X65.000 Y170.000 E5101.32809 F7200
G1 X60.000 Y170.000 E5101.50271 F7200
G1 X55.000 Y170.000 E5101.67732 F7200
G1 X50.000 Y170.000 E5101.85194 F7200
G1 X50.000 Y165.000 E5102.02655 F7200
G1 X50.000 Y160.000 E5102.20117 F7200
G1 X50.000 Y155.000 E5102.37579 F7200
G1 X50.000 Y150.000 E5102.55040 F7200
G1 X50.000 Y145.000 E5102.72502 F7200
G1 X50.000 Y140.000 E5102.89963 F7200
G1 X50.000 Y135.000 E5103.07425 F7200
G1 X50.000 Y130.000 E5103.24886 F7200
G1 X50.000 Y125.000 E5103.42348 F7200
G1 X50.000 Y120.000 E5103.59810 F7200
G1 X50.000 Y115.000 E5103.77271 F7200
G1 X50.000 Y110.000 E5103.94733 F7200
G1 X50.000 Y105.000 E5104.12194 F7200
G1 X50.000 Y100.000 E5104.29656 F7200
G1 X50.000 Y95.000 E5104.47117 F7200
G1 X50.000 Y90.000 E5104.64579 F7200
G1 X50.000 Y85.000 E5104.82041 F7200
G1 X50.000 Y80.000 E5104.99502 F7200
G1 X50.000 Y75.000 E5105.16964 F7200
G1 X50.000 Y70.000 E5105.34425 F7200
G1 X50.000 Y65.000 E5105.51887 F7200
G1 X50.000 Y60.000 E5105.69348 F7200
G1 X50.000 Y55.000 E5105.86810 F7200
G1 X50.000 Y50.000 E5106.04272 F7200
;TYPE:Sparse infill
G1 X51.000 Y51.000 F12000
G1 X169.000 Y51.000 E5110.16365 F15000
G1 X169.000 Y56.000 F12000
G1 X51.000 Y56.000 E5114.28458 F15000
G1 X51.000 Y61.000 F12000
G1 X169.000 Y61.000 E5118.40551 F15000
G1 X169.000 Y66.000 F12000
G1 X51.000 Y66.000 E5122.52644 F15000
G1 X51.000 Y71.000 F12000
G1 X169.000 Y71.000 E5126.64737 F15000
G1 X169.000 Y76.000 F12000
G1 X51.000 Y76.000 E5130.76830 F15000
G1 X51.000 Y81.000 F12000
G1 X169.000 Y81.000 E5134.88923 F15000
G1 X169.000 Y86.000 F12000
G1 X51.000 Y86.000 E5139.01016 F15000
G1 X51.000 Y91.000 F12000
G1 X169.000 Y91.000 E5143.13109 F15000
G1 X169.000 Y96.000 F12000
G1 X51.000 Y96.000 E5147.25202 F15000
G1 X51.000 Y101.000 F12000
G1 X169.000 Y101.000 E5151.37295 F15000
G1 X169.000 Y106.000 F12000
G1 X51.000 Y106.000 E5155.49388 F15000
G1 X51.000 Y111.000 F12000
G1 X169.000 Y111.000 E5159.61482 F15000
G1 X169.000 Y116.000 F12000
G1 X51.000 Y116.000 E5163.73575 F15000
G1 X51.000 Y121.000 F12000
G1 X169.000 Y121.000 E5167.85668 F15000
G1 X169.000 Y126.000 F12000
G1 X51.000 Y126.000 E5171.97761 F15000
G1 X51.000 Y131.000 F12000
G1 X169.000 Y131.000 E5176.09854 F15000
G1 X169.000 Y136.000 F12000
G1 X51.000 Y136.000 E5180.21947 F15000
G1 X51.000 Y141.000 F12000
G1 X169.000 Y141.000 E5184.34040 F15000
G1 X169.000 Y146.000 F12000
G1 X51.000 Y146.000 E5188.46133 F15000
G1 X51.000 Y151.000 F12000
G1 X169.000 Y151.000 E5192.58226 F15000
G1 X169.000 Y156.000 F12000
G1 X51.000 Y156.000 E5196.70319 F15000
G1 X51.000 Y161.000 F12000
G1 X169.000 Y161.000 E5200.82412 F15000
G1 X169.000 Y166.000 F12000
G1 X51.000 Y166.000 E5204.94505 F15000
;LAYER_CHANGE
;Z:9.200
G1 Z9.200 F600
;TYPE:Outer wall
G1 X50.000 Y50.000 F7200
G1 X55.000 Y50.000 E5205.11967 F7200
G1 X60.000 Y50.000 E5205.29429 F7200
G1 X65.000 Y50.000 E5205.46890 F7200
G1 X70.000 Y50.000 E5205.64352 F7200
G1 X75.000 Y50.000 E5205.81813 F7200
G1 X80.000 Y50.000 E5205.99275 F7200
G1 X85.000 Y50.000 E5206.16736 F7200
G1 X90.000 Y50.000 E5206.34198 F7200
G1 X95.000 Y50.000 E5206.51660 F7200
G1 X100.000 Y50.000 E5206.69121 F7200
G1 X105.000 Y50.000 E5206.86583 F7200
G1 X110.000 Y50.000 E5207.04044 F7200
G1 X115.000 Y50.000 E5207.21506 F7200
G1 X120.000 Y50.000 E5207.38967 F7200
G1 X125.000 Y50.000 E5207.56429 F7200
G1 X130.000 Y50.000 E5207.73890 F7200
G1 X135.000 Y50.000 E5207.91352 F7200
G1 X140.000 Y50.000 E5208.08814 F7200
G1 X145.000 Y50.000 E5208.26275 F7200
G1 X150.000 Y50.000 E5208.43737 F7200
G1 X155.000 Y50.000 E5208.61198 F7200
G1 X160.000 Y50.000 E5208.78660 F7200
G1 X165.000 Y50.000 E5208.96121 F7200
G1 X170.000 Y50.000 E5209.13583 F7200
G1 X170.000 Y55.000 E5209.31045 F7200
G1 X170.000 Y60.000 E5209.48506 F7200
G1 X170.000 Y65.000 E5209.65968 F7200
G1 X170.000 Y70.000 E5209.83429 F7200
G1 X170.000 Y75.000 E5210.00891 F7200
G1 X170.000 Y80.000 E5210.18352 F7200
G1 X170.000 Y85.000 E5210.35814 F7200
G1 X170.000 Y90.000 E5210.53276 F7200
G1 X170.000 Y95.000 E5210.70737 F7200
G1 X170.000 Y100.000 E5210.88199 F7200
G1 X170.000 Y105.000 E5211.05660 F7200
G1 X170.000 Y110.000 E5211.23122 F7200
G1 X170.000 Y115.000 E5211.40583 F7200
G1 X170.000 Y120.000 E5211.58045 F7200
G1 X170.000 Y125.000 E5211.75507 F7200
G1 X170.000 Y130.000 E5211.92968 F7200
G1 X170.000 Y135.000 E5212.10430 F7200
G1 X170.000 Y140.000 E5212.27891 F7200
G1 X170.000 Y145.000 E5212.45353 F7200
G1 X170.000 Y150.000 E5212.62814 F7200
G1 X170.000 Y155.000 E5212.80276 F7200
G1 X170.000 Y160.000 E5212.97738 F7200
G1 X170.000 Y165.000 E5213.15199 F7200
G1 X170.000 Y170.000 E5213.32661 F7200
G1 X165.000 Y170.000 E5213.50122 F7200
G1 X160.000 Y170.000 E5213.67584 F7200
G1 X155.000 Y170.000 E5213.85045 F7200
G1 X150.000 Y170.000 E5214.02507 F7200
G1 X145.000 Y170.000 E5214.19969 F7200
G1 X140.000 Y170.000 E5214.37430 F7200
G1 X135.000 Y170.000 E5214.54892 F7200
G1 X130.000 Y170.000 E5214.72353 F7200
G1 X125.000 Y170.000 E5214.89815 F7200
G1 X120.000 Y170.000 E5215.07276 F7200
G1 X115.000 Y170.000 E5215.24738 F7200
G1 X110.000 Y170.000 E5215.42200 F7200
G1 X105.000 Y170.000 E5215.59661 F7200
G1 X100.000 Y170.000 E5215.77123 F7200
G1 X95.000 Y170.000 E5215.94584 F7200
G1 X90.000 Y170.000 E5216.12046 F7200
G1 X85.000 Y170.000 E5216.29507 F7200
G1 X80.000 Y170.000 E5216.46969 F7200
G1 X75.000 Y170.000 E5216.64431 F7200
G1 X70.000 Y170.000 E5216.81892 F7200
G1 X65.000 Y170.000 E5216.99354 F7200
G1 X60.000 Y170.000 E5217.16815 F7200
G1 X55.000 Y170.000 E5217.34277 F7200
G1 X50.000 Y170.000 E5217.51738 F7200
G1 X50.000 Y165.000 E5217.69200 F7200
G1 X50.000 Y160.000 E5217.86662 F7200
G1 X50.000 Y155.000 E5218.04123 F7200
G1 X50.000 Y150.000 E5218.21585 F7200
G1 X50.000 Y145.000 E5218.39046 F7200
G1 X50.000 Y140.000 E5218.56508 F7200
G1 X50.000 Y135.000 E5218.73969 F7200
G1 X50.000 Y130.000 E5218.91431 F7200
G1 X50.000 Y125.000 E5219.08893 F7200
G1 X50.000 Y120.000 E5219.26354 F7200
G1 X50.000 Y115.000 E5219.43816 F7200
G1 X50.000 Y110.000 E5219.61277 F7200
G1 X50.000 Y105.000 E5219.78739 F7200
G1 X50.000 Y100.000 E5219.96200 F7200
G1 X50.000 Y95.000 E5220.13662 F7200
G1 X50.000 Y90.000 E5220.31124 F7200
G1 X50.000 Y85.000 E5220.48585 F7200
G1 X50.000 Y80.000 E5220.66047 F7200
G1 X50.000 Y75.000 E5220.83508 F7200
G1 X50.000 Y70.000 E5221.00970 F7200
G1 X50.000 Y65.000 E5221.18431 F7200
G1 X50.000 Y60.000 E5221.35893 F7200
G1 X50.000 Y55.000 E5221.53355 F7200
G1 X50.000 Y50.000 E5221.70816 F7200
;TYPE:Sparse infill
G1 X51.000 Y51.000 F12000
G1 X169.000 Y51.000 E5225.82909 F15000
G1 X169.000 Y56.000 F12000
G1 X51.000 Y56.000 E5229.95002 F15000
G1 X51.000 Y61.000 F12000
G1 X169.000 Y61.000 E5234.07095 F15000
G1 X169.000 Y66.000 F12000
G1 X51.000 Y66.000 E5238.19188 F15000
G1 X51.000 Y71.000 F12000
G1 X169.000 Y71.000 E5242.31282 F15000
G1 X169.000 Y76.000 F12000
G1 X51.000 Y76.000 E5246.43375 F15000
G1 X51.000 Y81.000 F12000
G1 X169.000 Y81.000 E5250.55468 F15000
G1 X169.000 Y86.000 F12000
G1 X51.000 Y86.000 E5254.67561 F15000
G1 X51.000 Y91.000 F12000
G1 X169.000 Y91.000 E5258.79654 F15000
G1 X169.000 Y96.000 F12000
G1 X51.000 Y96.000 E5262.91747 F15000
G1 X51.000 Y101.000 F12000
G1 X169.000 Y101.000 E5267.03840 F15000
G1 X169.000 Y106.000 F12000
G1 X51.000 Y106.000 E5271.15933 F15000
G1 X51.000 Y111.000 F12000
G1 X169.000 Y111.000 E5275.28026 F15000
G1 X169.000 Y116.000 F12000
G1 X51.000 Y116.000 E5279.40119 F15000
G1 X51.000 Y121.000 F12000
G1 X169.000 Y121.000 E5283.52212 F15000
G1 X169.000 Y126.000 F12000
G1 X51.000 Y126.000 E5287.64305 F15000
G1 X51.000 Y131.000 F12000
G1 X169.000 Y131.000 E5291.76398 F15000
G1 X169.000 Y136.000 F12000
G1 X51.000 Y136.000 E5295.88491 F15000
G1 X51.000 Y141.000 F12000
G1 X169.000 Y141.000 E5300.00585 F15000
G1 X169.000 Y146.000 F12000
G1 X51.000 Y146.000 E5304.12678 F15000
G1 X51.000 Y151.000 F12000
G1 X169.000 Y151.000 E5308.24771 F15000
G1 X169.000 Y156.000 F12000
G1 X51.000 Y156.000 E5312.36864 F15000
G1 X51.000 Y161.000 F12000
G1 X169.000 Y161.000 E5316.48957 F15000
G1 X169.000 Y166.000 F12000
G1 X51.000 Y166.000 E5320.61050 F15000
;LAYER_CHANGE
;Z:9.400
G1 Z9.400 F600
;TYPE:Outer wall
G1 X50.000 Y50.000 F7200
G1 X55.000 Y50.000 E5320.78511 F7200
G1 X60.000 Y50.000 E5320.95973 F7200
G1 X65.000 Y50.000 E5321.13435 F7200
G1 X70.000 Y50.000 E5321.30896 F7200
G1 X75.000 Y50.000 E5321.48358 F7200
G1 X80.000 Y50.000 E5321.65819 F7200
G1 X85.000 Y50.000 E5321.83281 F7200
G1 X90.000 Y50.000 E5322.00742 F7200
G1 X95.000 Y50.000 E5322.18204 F7200
G1 X100.000 Y50.000 E5322.35666 F7200
G1 X105.000 Y50.000 E5322.53127 F7200
G1 X110.000 Y50.000 E5322.70589 F7200
G1 X115.000 Y50.000 E5322.88050 F7200
G1 X120.000 Y50.000 E5323.05512 F7200
G1 X125.000 Y50.000 E5323.22973 F7200
G1 X130.000 Y50.000 E5323.40435 F7200
G1 X135.000 Y50.000 E5323.57897 F7200
G1 X140.000 Y50.000 E5323.75358 F7200
G1 X145.000 Y50.000 E5323.92820 F7200
G1 X150.000 Y50.000 E5324.10281 F7200
G1 X155.000 Y50.000 E5324.27743 F7200
G1 X160.000 Y50.000 E5324.45204 F7200
G1 X165.000 Y50.000 E5324.62666 F7200
G1 X170.000 Y50.000 E5324.80128 F7200
G1 X170.000 Y55.000 E5324.97589 F7200
G1 X170.000 Y60.000 E5325.15051 F7200
G1 X170.000 Y65.000 E5325.32512 F7200
G1 X170.000 Y70.000 E5325.49974 F7200
G1 X170.000 Y75.000 E5325.67435 F7200
G1 X170.000 Y80.000 E5325.84897 F7200
G1 X170.000 Y85.000 E5326.02359 F7200
G1 X170.000 Y90.000 E5326.19820 F7200
G1 X170.000 Y95.000 E5326.37282 F7200
G1 X170.000 Y100.000 E5326.54743 F7200
G1 X170.000 Y105.000 E5326.72205 F7200
G1 X170.000 Y110.000 E5326.89666 F7200
G1 X170.000 Y115.000 E5327.07128 F7200
G1 X170.000 Y120.000 E5327.24590 F7200
G1 X170.000 Y125.000 E5327.42051 F7200
G1 X170.000 Y130.000 E5327.59513 F7200
G1 X170.000 Y135.000 E5327.76974 F7200
G1 X170.000 Y140.000 E5327.94436 F7200
G1 X170.000 Y145.000 E5328.11897 F7200
G1 X170.000 Y150.000 E5328.29359 F7200
G1 X170.000 Y155.000 E5328.46821 F7200
G1 X170.000 Y160.000 E5328.64282 F7200
G1 X170.000 Y165.000 E5328.81744 F7200
G1 X170.000 Y170.000 E5328.99205 F7200
G1 X165.000 Y170.000 E5329.16667 F7200
G1 X160.000 Y170.000 E5329.34128 F7200
G1 X155.000 Y170.000 E5329.51590 F7200
G1 X150.000 Y170.000 E5329.69052 F7200
G1 X145.000 Y170.000 E5329.86513 F7200
G1 X140.000 Y170.000 E5330.03975 F7200
G1 X135.000 Y170.000 E5330.21436 F7200
G1 X130.000 Y170.000 E5330.38898 F7200
G1 X125.000 Y170.000 E5330.56359 F7200
G1 X120.000 Y170.000 E5330.73821 F7200
G1 X115.000 Y170.000 E5330.91283 F7200
G1 X110.000 Y170.000 E5331.08744 F7200
G1 X105.000 Y170.000 E5331.26206 F7200
G1 X100.000 Y170.000 E5331.43667 F7200
G1 X95.000 Y170.000 E5331.61129 F7200
G1 X90.000 Y170.000 E5331.78590 F7200
G1 X85.000 Y170.000 E5331.96052 F7200
G1 X80.000 Y170.000 E5332.13514 F7200
G1 X75.000 Y170.000 E5332.30975 F7200
G1 X70.000 Y170.000 E5332.48437 F7200
G1 X65.000 Y170.000 E5332.65898 F7200
G1 X60.000 Y170.000 E5332.83360 F7200
G1 X55.000 Y170.000 E5333.00821 F7200
G1 X50.000 Y170.000 E5333.18283 F7200
G1 X50.000 Y165.000 E5333.35745 F7200
G1 X50.000 Y160.000 E5333.53206 F7200
G1 X50.000 Y155.000 E5333.70668 F7200
G1 X50.000 Y150.000 E5333.88129 F7200
G1 X50.000 Y145.000 E5334.05591 F7200
G1 X50.000 Y140.000 E5334.23052 F7200
G1 X50.000 Y135.000 E5334.40514 F7200
G1 X50.000 Y130.000 E5334.57976 F7200
G1 X50.000 Y125.000 E5334.75437 F7200
G1 X50.000 Y120.000 E5334.92899 F7200
G1 X50.000 Y115.000 E5335.10360 F7200
G1 X50.000 Y110.000 E5335.27822 F7200
G1 X50.000 Y105.000 E5335.45283 F7200
G1 X50.000 Y100.000 E5335.62745 F7200
G1 X50.000 Y95.000 E5335.80207 F7200
G1 X50.000 Y90.000 E5335.97668 F7200
G1 X50.000 Y85.000 E5336.15130 F7200
G1 X50.000 Y80.000 E5336.32591 F7200
G1 X50.000 Y75.000 E5336.50053 F7200
G1 X50.000 Y70.000 E5336.67514 F7200
G1 X50.000 Y65.000 E5336.84976 F7200
G1 X50.000 Y60.000 E5337.02438 F7200
G1 X50.000 Y55.000 E5337.19899 F7200
G1 X50.000 Y50.000 E5337.37361 F7200
;TYPE:Sparse infill
G1 X51.000 Y51.000 F12000
G1 X169.000 Y51.000 E5341.49454 F15000
G1 X169.000 Y56.000 F12000
G1 X51.000 Y56.000 E5345.61547 F15000
G1 X51.000 Y61.000 F12000
G1 X169.000 Y61.000 E5349.73640 F15000
G1 X169.000 Y66.000 F12000
G1 X51.000 Y66.000 E5353.85733 F15000
G1 X51.000 Y71.000 F12000
G1 X169.000 Y71.000 E5357.97826 F15000
G1 X169.000 Y76.000 F12000
G1 X51.000 Y76.000 E5362.09919 F15000
G1 X51.000 Y81.000 F12000
G1 X169.000 Y81.000 E5366.22012 F15000
G1 X169.000 Y86.000 F12000
G1 X51.000 Y86.000 E5370.34105 F15000
G1 X51.000 Y91.000 F12000
G1 X169.000 Y91.000 E5374.46198 F15000
G1 X169.000 Y96.000 F12000
G1 X51.000 Y96.000 E5378.58291 F15000
G1 X51.000 Y101.000 F12000
G1 X169.000 Y101.000 E5382.70385 F15000
G1 X169.000 Y106.000 F12000
G1 X51.000 Y106.000 E5386.82478 F15000
G1 X51.000 Y111.000 F12000
G1 X169.000 Y111.000 E5390.94571 F15000
G1 X169.000 Y116.000 F12000
G1 X51.000 Y116.000 E5395.06664 F15000
G1 X51.000 Y121.000 F12000
G1 X169.000 Y121.000 E5399.18757 F15000
G1 X169.000 Y126.000 F12000
G1 X51.000 Y126.000 E5403.30850 F15000
G1 X51.000 Y131.000 F12000
G1 X169.000 Y131.000 E5407.42943 F15000
G1 X169.000 Y136.000 F12000
G1 X51.000 Y136.000 E5411.55036 F15000
G1 X51.000 Y141.000 F12000
G1 X169.000 Y141.000 E5415.67129 F15000
G1 X169.000 Y146.000 F12000
G1 X51.000 Y146.000 E5419.79222 F15000
G1 X51.000 Y151.000 F12000
G1 X169.000 Y151.000 E5423.91315 F15000
G1 X169.000 Y156.000 F12000
G1 X51.000 Y156.000 E5428.03408 F15000
G1 X51.000 Y161.000 F12000
G1 X169.000 Y161.000 E5432.15501 F15000
G1 X169.000 Y166.000 F12000
G1 X51.000 Y166.000 E5436.27594 F15000
;LAYER_CHANGE
;Z:9.600
G1 Z9.600 F600
;TYPE:Outer wall
G1 X50.000 Y50.000 F7200
G1 X55.000 Y50.000 E5436.45056 F7200
G1 X60.000 Y50.000 E5436.62518 F7200
G1 X65.000 Y50.000 E5436.79979 F7200
G1 X70.000 Y50.000 E5436.97441 F7200
G1 X75.000 Y50.000 E5437.14902 F7200
G1 X80.000 Y50.000 E5437.32364 F7200
G1 X85.000 Y50.000 E5437.49825 F7200
G1 X90.000 Y50.000 E5437.67287 F7200
G1 X95.000 Y50.000 E5437.84749 F7200
G1 X100.000 Y50.000 E5438.02210 F7200
G1 X105.000 Y50.000 E5438.19672 F7200
G1 X110.000 Y50.000 E5438.37133 F7200
G1 X115.000 Y50.000 E5438.54595 F7200
G1 X120.000 Y50.000 E5438.72056 F7200
G1 X125.000 Y50.000 E5438.89518 F7200
G1 X130.000 Y50.000 E5439.06980 F7200
G1 X135.000 Y50.000 E5439.24441 F7200
G1 X140.000 Y50.000 E5439.41903 F7200
G1 X145.000 Y50.000 E5439.59364 F7200
G1 X150.000 Y50.000 E5439.76826 F7200
G1 X155.000 Y50.000 E5439.94287 F7200
G1 X160.000 Y50.000 E5440.11749 F7200
G1 X165.000 Y50.000 E5440.29211 F7200
G1 X170.000 Y50.000 E5440.46672 F7200
G1 X170.000 Y55.000 E5440.64134 F7200
G1 X170.000 Y60.000 E5440.81595 F7200
G1 X170.000 Y65.000 E5440.99057 F7200
G1 X170.000 Y70.000 E5441.16518 F7200
G1 X170.000 Y75.000 E5441.33980 F7200
G1 X170.000 Y80.000 E5441.51442 F7200
G1 X170.000 Y85.000 E5441.68903 F7200
G1 X170.000 Y90.000 E5441.86365 F7200
G1 X170.000 Y95.000 E5442.03826 F7200
G1 X170.000 Y100.000 E5442.21288 F7200
G1 X170.000 Y105.000 E5442.38749 F7200
G1 X170.000 Y110.000 E5442.56211 F7200
G1 X170.000 Y115.000 E5442.73673 F7200
G1 X170.000 Y120.000 E5442.91134 F7200
G1 X170.000 Y125.000 E5443.08596 F7200
G1 X170.000 Y130.000 E5443.26057 F7200
G1 X170.000 Y135.000 E5443.43519 F7200
G1 X170.000 Y140.000 E5443.60980 F7200
G1 X170.000 Y145.000 E5443.78442 F7200
G1 X170.000 Y150.000 E5443.95904 F7200
G1 X170.000 Y155.000 E5444.13365 F7200
G1 X170.000 Y160.000 E5444.30827 F7200
G1 X170.000 Y165.000 E5444.48288 F7200
G1 X170.000 Y170.000 E5444.65750 F7200
G1 X165.000 Y170.000 E5444.83211 F7200
G1 X160.000 Y170.000 E5445.00673 F7200
G1 X155.000 Y170.000 E5445.18135 F7200
G1 X150.000 Y170.000 E5445.35596 F7200
G1 X145.000 Y170.000 E5445.53058 F7200
G1 X140.000 Y170.000 E5445.70519 F7200
G1 X135.000 Y170.000 E5445.87981 F7200
G1 X130.000 Y170.000 E5446.05442 F7200
G1 X125.000 Y170.000 E5446.22904 F7200
G1 X120.000 Y170.000 E5446.40366 F7200
G1 X115.000 Y170.000 E5446.57827 F7200
G1 X110.000 Y170.000 E5446.75289 F7200
G1 X105.000 Y170.000 E5446.92750 F7200
G1 X100.000 Y170.000 E5447.10212 F7200
G1 X95.000 Y170.000 E5447.27673 F7200
G1 X90.000 Y170.000 E5447.45135 F7200
G1 X85.000 Y170.000 E5447.62597 F7200
G1 X80.000 Y170.000 E5447.80058 F7200
G1 X75.000 Y170.000 E5447.97520 F7200
G1 X70.000 Y170.000 E5448.14981 F7200
G1 X65.000 Y170.000 E5448.32443 F7200
G1 X60.000 Y170.000 E5448.49904 F7200
G1 X55.000 Y170.000 E5448.67366 F7200
G1 X50.000 Y170.000 E5448.84828 F7200
G1 X50.000 Y165.000 E5449.02289 F7200
G1 X50.000 Y160.000 E5449.19751 F7200
G1 X50.000 Y155.000 E5449.37212 F7200
G1 X50.000 Y150.000 E5449.54674 F7200
G1 X50.000 Y145.000 E5449.72135 F7200
G1 X50.000 Y140.000 E5449.89597 F7200
G1 X50.000 Y135.000 E5450.07059 F7200
G1 X50.000 Y130.000 E5450.24520 F7200
G1 X50.000 Y125.000 E5450.41982 F7200
G1 X50.000 Y120.000 E5450.59443 F7200
G1 X50.000 Y115.000 E5450.76905 F7200
G1 X50.000 Y110.000 E5450.94366 F7200
G1 X50.000 Y105.000 E5451.11828 F7200
G1 X50.000 Y100.000 E5451.29290 F7200
G1 X50.000 Y95.000 E5451.46751 F7200
G1 X50.000 Y90.000 E5451.64213 F7200
G1 X50.000 Y85.000 E5451.81674 F7200
G1 X50.000 Y80.000 E5451.99136 F7200
G1 X50.000 Y75.000 E5452.16597 F7200
G1 X50.000 Y70.000 E5452.34059 F7200
G1 X50.000 Y65.000 E5452.51521 F7200
G1 X50.000 Y60.000 E5452.68982 F7200
G1 X50.000 Y55.000 E5452.86444 F7200
G1 X50.000 Y50.000 E5453.03905 F7200
;TYPE:Sparse infill
G1 X51.000 Y51.000 F12000
G1 X169.000 Y51.000 E5457.15998 F15000
G1 X169.000 Y56.000 F12000
G1 X51.000 Y56.000 E5461.28091 F15000
G1 X51.000 Y61.000 F12000
G1 X169.000 Y61.000 E5465.40185 F15000
G1 X169.000 Y66.000 F12000
G1 X51.000 Y66.000 E5469.52278 F15000
G1 X51.000 Y71.000 F12000
G1 X169.000 Y71.000 E5473.64371 F15000
G1 X169.000 Y76.000 F12000
G1 X51.000 Y76.000 E5477.76464 F15000
G1 X51.000 Y81.000 F12000
G1 X169.000 Y81.000 E5481.88557 F15000
G1 X169.000 Y86.000 F12000
G1 X51.000 Y86.000 E5486.00650 F15000
G1 X51.000 Y91.000 F12000
G1 X169.000 Y91.000 E5490.12743 F15000
G1 X169.000 Y96.000 F12000
G1 X51.000 Y96.000 E5494.24836 F15000
G1 X51.000 Y101.000 F12000
G1 X169.000 Y101.000 E5498.36929 F15000
G1 X169.000 Y106.000 F12000
G1 X51.000 Y106.000 E5502.49022 F15000
G1 X51.000 Y111.000 F12000
G1 X169.000 Y111.000 E5506.61115 F15000
G1 X169.000 Y116.000 F12000
G1 X51.000 Y116.000 E5510.73208 F15000
G1 X51.000 Y121.000 F12000
G1 X169.000 Y121.000 E5514.85301 F15000
G1 X169.000 Y126.000 F12000
G1 X51.000 Y126.000 E5518.97394 F15000
G1 X51.000 Y131.000 F12000
G1 X169.000 Y131.000 E5523.09488 F15000
G1 X169.000 Y136.000 F12000
G1 X51.000 Y136.000 E5527.21581 F15000
G1 X51.000 Y141.000 F12000
G1 X169.000 Y141.000 E5531.33674 F15000
G1 X169.000 Y146.000 F12000
G1 X51.000 Y146.000 E5535.45767 F15000
G1 X51.000 Y151.000 F12000
G1 X169.000 Y151.000 E5539.57860 F15000
G1 X169.000 Y156.000 F12000
G1 X51.000 Y156.000 E5543.69953 F15000
G1 X51.000 Y161.000 F12000
G1 X169.000 Y161.000 E5547.82046 F15000
G1 X169.000 Y166.000 F12000
G1 X51.000 Y166.000 E5551.94139 F15000
;LAYER_CHANGE
;Z:9.800
G1 Z9.800 F600
;TYPE:Outer wall
G1 X50.000 Y50.000 F7200
G1 X55.000 Y50.000 E5552.11601 F7200
G1 X60.000 Y50.000 E5552.29062 F7200
G1 X65.000 Y50.000 E5552.46524 F7200
G1 X70.000 Y50.000 E5552.63985 F7200
G1 X75.000 Y50.000 E5552.81447 F7200
G1 X80.000 Y50.000 E5552.98908 F7200
G1 X85.000 Y50.000 E5553.16370 F7200
G1 X90.000 Y50.000 E5553.33832 F7200
G1 X95.000 Y50.000 E5553.51293 F7200
G1 X100.000 Y50.000 E5553.68755 F7200
G1 X105.000 Y50.000 E5553.86216 F7200
G1 X110.000 Y50.000 E5554.03678 F7200
G1 X115.000 Y50.000 E5554.21139 F7200
G1 X120.000 Y50.000 E5554.38601 F7200
G1 X125.000 Y50.000 E5554.56063 F7200
G1 X130.000 Y50.000 E5554.73524 F7200
G1 X135.000 Y50.000 E5554.90986 F7200
G1 X140.000 Y50.000 E5555.08447 F7200
G1 X145.000 Y50.000 E5555.25909 F7200
G1 X150.000 Y50.000 E5555.43370 F7200
G1 X155.000 Y50.000 E5555.60832 F7200
G1 X160.000 Y50.000 E5555.78294 F7200
G1 X165.000 Y50.000 E5555.95755 F7200
G1 X170.000 Y50.000 E5556.13217 F7200
G1 X170.000 Y55.000 E5556.30678 F7200
G1 X170.000 Y60.000 E5556.48140 F7200
G1 X170.000 Y65.000 E5556.65601 F7200
G1 X170.000 Y70.000 E5556.83063 F7200
G1 X170.000 Y75.000 E5557.00525 F7200
G1 X170.000 Y80.000 E5557.17986 F7200
G1 X170.000 Y85.000 E5557.35448 F7200
G1 X170.000 Y90.000 E5557.52909 F7200
G1 X170.000 Y95.000 E5557.70371 F7200
G1 X170.000 Y100.000 E5557.87832 F7200
G1 X170.000 Y105.000 E5558.05294 F7200
G1 X170.000 Y110.000 E5558.22756 F7200
G1 X170.000 Y115.000 E5558.40217 F7200
G1 X170.000 Y120.000 E5558.57679 F7200
G1 X170.000 Y125.000 E5558.75140 F7200
G1 X170.000 Y130.000 E5558.92602 F7200
G1 X170.000 Y135.000 E5559.10063 F7200
G1 X170.000 Y140.000 E5559.27525 F7200
G1 X170.000 Y145.000 E5559.44987 F7200
G1 X170.000 Y150.000 E5559.62448 F7200
G1 X170.000 Y155.000 E5559.79910 F7200
G1 X170.000 Y160.000 E5559.97371 F7200
G1 X170.000 Y165.000 E5560.14833 F7200
G1 X170.000 Y170.000 E5560.32294 F7200
G1 X165.000 Y170.000 E5560.49756 F7200
G1 X160.000 Y170.000 E5560.67218 F7200
G1 X155.000 Y170.000 E5560.84679 F7200
G1 X150.000 Y170.000 E5561.02141 F7200
G1 X145.000 Y170.000 E5561.19602 F7200
G1 X140.000 Y170.000 E5561.37064 F7200
G1 X135.000 Y170.000 E5561.54525 F7200
G1 X130.000 Y170.000 E5561.71987 F7200
G1 X125.000 Y170.000 E5561.89449 F7200
G1 X120.000 Y170.000 E5562.06910 F7200
G1 X115.000 Y170.000 E5562.24372 F7200
G1 X110.000 Y170.000 E5562.41833 F7200
G1 X105.000 Y170.000 E5562.59295 F7200
G1 X100.000 Y170.000 E5562.76756 F7200
G1 X95.000 Y170.000 E5562.94218 F7200
G1 X90.000 Y170.000 E5563.11680 F7200
G1 X85.000 Y170.000 E5563.29141 F7200
G1 X80.000 Y170.000 E5563.46603 F7200
G1 X75.000 Y170.000 E5563.64064 F7200
G1 X70.000 Y170.000 E5563.81526 F7200
G1 X65.000 Y170.000 E5563.98987 F7200
G1 X60.000 Y170.000 E5564.16449 F7200
G1 X55.000 Y170.000 E5564.33911 F7200
G1 X50.000 Y170.000 E5564.51372 F7200
G1 X50.000 Y165.000 E5564.68834 F7200
G1 X50.000 Y160.000 E5564.86295 F7200
G1 X50.000 Y155.000 E5565.03757 F7200
G1 X50.000 Y150.000 E5565.21218 F7200
G1 X50.000 Y145.000 E5565.38680 F7200
G1 X50.000 Y140.000 E5565.56142 F7200
G1 X50.000 Y135.000 E5565.73603 F7200
G1 X50.000 Y130.000 E5565.91065 F7200
G1 X50.000 Y125.000 E5566.08526 F7200
G1 X50.000 Y120.000 E5566.25988 F7200
G1 X50.000 Y115.000 E5566.43449 F7200
G1 X50.000 Y110.000 E5566.60911 F7200
G1 X50.000 Y105.000 E5566.78373 F7200
G1 X50.000 Y100.000 E5566.95834 F7200
G1 X50.000 Y95.000 E5567.13296 F7200
G1 X50.000 Y90.000 E5567.30757 F7200
G1 X50.000 Y85.000 E5567.48219 F7200
G1 X50.000 Y80.000 E5567.65680 F7200
G1 X50.000 Y75.000 E5567.83142 F7200
G1 X50.000 Y70.000 E5568.00604 F7200
G1 X50.000 Y65.000 E5568.18065 F7200
G1 X50.000 Y60.000 E5568.35527 F7200
G1 X50.000 Y55.000 E5568.52988 F7200
G1 X50.000 Y50.000 E5568.70450 F7200
;TYPE:Sparse infill
G1 X51.000 Y51.000 F12000
G1 X169.000 Y51.000 E5572.82543 F15000
G1 X169.000 Y56.000 F12000
G1 X51.000 Y56.000 E5576.94636 F15000
G1 X51.000 Y61.000 F12000
G1 X169.000 Y61.000 E5581.06729 F15000
G1 X169.000 Y66.000 F12000
G1 X51.000 Y66.000 E5585.18822 F15000
G1 X51.000 Y71.000 F12000
G1 X169.000 Y71.000 E5589.30915 F15000
G1 X169.000 Y76.000 F12000
G1 X51.000 Y76.000 E5593.43008 F15000
G1 X51.000 Y81.000 F12000
G1 X169.000 Y81.000 E5597.55101 F15000
G1 X169.000 Y86.000 F12000
G1 X51.000 Y86.000 E5601.67194 F15000
G1 X51.000 Y91.000 F12000
G1 X169.000 Y91.000 E5605.79288 F15000
G1 X169.000 Y96.000 F12000
G1 X51.000 Y96.000 E5609.91381 F15000
G1 X51.000 Y101.000 F12000
G1 X169.000 Y101.000 E5614.03474 F15000
G1 X169.000 Y106.000 F12000
G1 X51.000 Y106.000 E5618.15567 F15000
G1 X51.000 Y111.000 F12000
G1 X169.000 Y111.000 E5622.27660 F15000
G1 X169.000 Y116.000 F12000
G1 X51.000 Y116.000 E5626.39753 F15000
G1 X51.000 Y121.000 F12000
G1 X169.000 Y121.000 E5630.51846 F15000
G1 X169.000 Y126.000 F12000
G1 X51.000 Y126.000 E5634.63939 F15000
G1 X51.000 Y131.000 F12000
G1 X169.000 Y131.000 E5638.76032 F15000
G1 X169.000 Y136.000 F12000
G1 X51.000 Y136.000 E5642.88125 F15000
G1 X51.000 Y141.000 F12000
G1 X169.000 Y141.000 E5647.00218 F15000
G1 X169.000 Y146.000 F12000
G1 X51.000 Y146.000 E5651.12311 F15000
G1 X51.000 Y151.000 F12000
G1 X169.000 Y151.000 E5655.24404 F15000
G1 X169.000 Y156.000 F12000
G1 X51.000 Y156.000 E5659.36497 F15000
G1 X51.000 Y161.000 F12000
G1 X169.000 Y161.000 E5663.48591 F15000
G1 X169.000 Y166.000 F12000
G1 X51.000 Y166.000 E5667.60684 F15000
;LAYER_CHANGE
;Z:10.000
G1 Z10.000 F600
;TYPE:Outer wall
G1 X50.000 Y50.000 F7200
G1 X55.000 Y50.000 E5667.78145 F7200
G1 X60.000 Y50.000 E5667.95607 F7200
G1 X65.000 Y50.000 E5668.13068 F7200
G1 X70.000 Y50.000 E5668.30530 F7200
G1 X75.000 Y50.000 E5668.47991 F7200
G1 X80.000 Y50.000 E5668.65453 F7200
G1 X85.000 Y50.000 E5668.82915 F7200
G1 X90.000 Y50.000 E5669.00376 F7200
G1 X95.000 Y50.000 E5669.17838 F7200
G1 X100.000 Y50.000 E5669.35299 F7200
G1 X105.000 Y50.000 E5669.52761 F7200
G1 X110.000 Y50.000 E5669.70222 F7200
G1 X115.000 Y50.000 E5669.87684 F7200
G1 X120.000 Y50.000 E5670.05146 F7200
G1 X125.000 Y50.000 E5670.22607 F7200
G1 X130.000 Y50.000 E5670.40069 F7200
G1 X135.000 Y50.000 E5670.57530 F7200
G1 X140.000 Y50.000 E5670.74992 F7200
G1 X145.000 Y50.000 E5670.92453 F7200
G1 X150.000 Y50.000 E5671.09915 F7200
G1 X155.000 Y50.000 E5671.27377 F7200
G1 X160.000 Y50.000 E5671.44838 F7200
G1 X165.000 Y50.000 E5671.62300 F7200
G1 X170.000 Y50.000 E5671.79761 F7200
G1 X170.000 Y55.000 E5671.97223 F7200
G1 X170.000 Y60.000 E5672.14684 F7200
G1 X170.000 Y65.000 E5672.32146 F7200
G1 X170.000 Y70.000 E5672.49608 F7200
G1 X170.000 Y75.000 E5672.67069 F7200
G1 X170.000 Y80.000 E5672.84531 F7200
G1 X170.000 Y85.000 E5673.01992 F7200
G1 X170.000 Y90.000 E5673.19454 F7200
G1 X170.000 Y95.000 E5673.36915 F7200
G1 X170.000 Y100.000 E5673.54377 F7200
G1 X170.000 Y105.000 E5673.71839 F7200
G1 X170.000 Y110.000 E5673.89300 F7200
G1 X170.000 Y115.000 E5674.06762 F7200
G1 X170.000 Y120.000 E5674.24223 F7200
G1 X170.000 Y125.000 E5674.41685 F7200
G1 X170.000 Y130.000 E5674.59146 F7200
G1 X170.000 Y135.000 E5674.76608 F7200
G1 X170.000 Y140.000 E5674.94070 F7200
G1 X170.000 Y145.000 E5675.11531 F7200
G1 X170.000 Y150.000 E5675.28993 F7200
G1 X170.000 Y155.000 E5675.46454 F7200
G1 X170.000 Y160.000 E5675.63916 F7200
G1 X170.000 Y165.000 E5675.81377 F7200
G1 X170.000 Y170.000 E5675.98839 F7200
G1 X165.000 Y170.000 E5676.16301 F7200
G1 X160.000 Y170.000 E5676.33762 F7200
G1 X155.000 Y170.000 E5676.51224 F7200
G1 X150.000 Y170.000 E5676.68685 F7200
G1 X145.000 Y170.000 E5676.86147 F7200
G1 X140.000 Y170.000 E5677.03608 F7200
G1 X135.000 Y170.000 E5677.21070 F7200
G1 X130.000 Y170.000 E5677.38532 F7200
G1 X125.000 Y170.000 E5677.55993 F7200
G1 X120.000 Y170.000 E5677.73455 F7200
G1 X115.000 Y170.000 E5677.90916 F7200
G1 X110.000 Y170.000 E5678.08378 F7200
G1 X105.000 Y170.000 E5678.25839 F7200
G1 X100.000 Y170.000 E5678.43301 F7200
G1 X95.000 Y170.000 E5678.60763 F7200
G1 X90.000 Y170.000 E5678.78224 F7200
G1 X85.000 Y170.000 E5678.95686 F7200
G1 X80.000 Y170.000 E5679.13147 F7200
G1 X75.000 Y170.000 E5679.30609 F7200
G1 X70.000 Y170.000 E5679.48070 F7200
G1 X65.000 Y170.000 E5679.65532 F7200
G1 X60.000 Y170.000 E5679.82994 F7200
G1 X55.000 Y170.000 E5680.00455 F7200
G1 X50.000 Y170.000 E5680.17917 F7200
G1 X50.000 Y165.000 E5680.35378 F7200
G1 X50.000 Y160.000 E5680.52840 F7200
G1 X50.000 Y155.000 E5680.70301 F7200
G1 X50.000 Y150.000 E5680.87763 F7200
G1 X50.000 Y145.000 E5681.05225 F7200
G1 X50.000 Y140.000 E5681.22686 F7200
G1 X50.000 Y135.000 E5681.40148 F7200
G1 X50.000 Y130.000 E5681.57609 F7200
G1 X50.000 Y125.000 E5681.75071 F7200
G1 X50.000 Y120.000 E5681.92532 F7200
G1 X50.000 Y115.000 E5682.09994 F7200
G1 X50.000 Y110.000 E5682.27456 F7200
G1 X50.000 Y105.000 E5682.44917 F7200
G1 X50.000 Y100.000 E5682.62379 F7200
G1 X50.000 Y95.000 E5682.79840 F7200
G1 X50.000 Y90.000 E5682.97302 F7200
G1 X50.000 Y85.000 E5683.14763 F7200
G1 X50.000 Y80.000 E5683.32225 F7200
G1 X50.000 Y75.000 E5683.49687 F7200
G1 X50.000 Y70.000 E5683.67148 F7200
G1 X50.000 Y65.000 E5683.84610 F7200
G1 X50.000 Y60.000 E5684.02071 F7200
G1 X50.000 Y55.000 E5684.19533 F7200
G1 X50.000 Y50.000 E5684.36994 F7200
;TYPE:Sparse infill
G1 X51.000 Y51.000 F12000
G1 X169.000 Y51.000 E5688.49087 F15000
G1 X169.000 Y56.000 F12000
G1 X51.000 Y56.000 E5692.61181 F15000
G1 X51.000 Y61.000 F12000
G1 X169.000 Y61.000 E5696.73274 F15000
G1 X169.000 Y66.000 F12000
G1 X51.000 Y66.000 E5700.85367 F15000
G1 X51.000 Y71.000 F12000
G1 X169.000 Y71.000 E5704.97460 F15000
G1 X169.000 Y76.000 F12000
G1 X51.000 Y76.000 E5709.09553 F15000
G1 X51.000 Y81.000 F12000
G1 X169.000 Y81.000 E5713.21646 F15000
G1 X169.000 Y86.000 F12000
G1 X51.000 Y86.000 E5717.33739 F15000
G1 X51.000 Y91.000 F12000
G1 X169.000 Y91.000 E5721.45832 F15000
G1 X169.000 Y96.000 F12000
G1 X51.000 Y96.000 E5725.57925 F15000
G1 X51.000 Y101.000 F12000
G1 X169.000 Y101.000 E5729.70018 F15000
G1 X169.000 Y106.000 F12000
G1 X51.000 Y106.000 E5733.82111 F15000
G1 X51.000 Y111.000 F12000
G1 X169.000 Y111.000 E5737.94204 F15000
G1 X169.000 Y116.000 F12000
G1 X51.000 Y116.000 E5742.06297 F15000
G1 X51.000 Y121.000 F12000
G1 X169.000 Y121.000 E5746.18391 F15000
G1 X169.000 Y126.000 F12000
G1 X51.000 Y126.000 E5750.30484 F15000
G1 X51.000 Y131.000 F12000
G1 X169.000 Y131.000 E5754.42577 F15000
G1 X169.000 Y136.000 F12000
G1 X51.000 Y136.000 E5758.54670 F15000
G1 X51.000 Y141.000 F12000
G1 X169.000 Y141.000 E5762.66763 F15000
G1 X169.000 Y146.000 F12000
G1 X51.000 Y146.000 E5766.78856 F15000
G1 X51.000 Y151.000 F12000
G1 X169.000 Y151.000 E5770.90949 F15000
G1 X169.000 Y156.000 F12000
G1 X51.000 Y156.000 E5775.03042 F15000
G1 X51.000 Y161.000 F12000
G1 X169.000 Y161.000 E5779.15135 F15000
G1 X169.000 Y166.000 F12000
G1 X51.000 Y166.000 E5783.27228 F15000
;LAYER_CHANGE
;Z:10.200
G1 Z10.200 F600
;TYPE:Outer wall
G1 X50.000 Y50.000 F7200
G1 X55.000 Y50.000 E5783.44690 F7200
G1 X60.000 Y50.000 E5783.62151 F7200
G1 X65.000 Y50.000 E5783.79613 F7200
G1 X70.000 Y50.000 E5783.97074 F7200
G1 X75.000 Y50.000 E5784.14536 F7200
G1 X80.000 Y50.000 E5784.31998 F7200
G1 X85.000 Y50.000 E5784.49459 F7200
G1 X90.000 Y50.000 E5784.66921 F7200
G1 X95.000 Y50.000 E5784.84382 F7200
G1 X100.000 Y50.000 E5785.01844 F7200
G1 X105.000 Y50.000 E5785.19305 F7200
G1 X110.000 Y50.000 E5785.36767 F7200
G1 X115.000 Y50.000 E5785.54229 F7200
G1 X120.000 Y50.000 E5785.71690 F7200
G1 X125.000 Y50.000 E5785.89152 F7200
G1 X130.000 Y50.000 E5786.06613 F7200
G1 X135.000 Y50.000 E5786.24075 F7200
G1 X140.000 Y50.000 E5786.41536 F7200
G1 X145.000 Y50.000 E5786.58998 F7200
G1 X150.000 Y50.000 E5786.76460 F7200
G1 X155.000 Y50.000 E5786.93921 F7200
G1 X160.000 Y50.000 E5787.11383 F7200
G1 X165.000 Y50.000 E5787.28844 F7200
G1 X170.000 Y50.000 E5787.46306 F7200
G1 X170.000 Y55.000 E5787.63767 F7200
G1 X170.000 Y60.000 E5787.81229 F7200
G1 X170.000 Y65.000 E5787.98691 F7200
G1 X170.000 Y70.000 E5788.16152 F7200
G1 X170.000 Y75.000 E5788.33614 F7200
G1 X170.000 Y80.000 E5788.51075 F7200
G1 X170.000 Y85.000 E5788.68537 F7200
G1 X170.000 Y90.000 E5788.85998 F7200
G1 X170.000 Y95.000 E5789.03460 F7200
G1 X170.000 Y100.000 E5789.20922 F7200
G1 X170.000 Y105.000 E5789.38383 F7200
G1 X170.000 Y110.000 E5789.55845 F7200
G1 X170.000 Y115.000 E5789.73306 F7200
G1 X170.000 Y120.000 E5789.90768 F7200
G1 X170.000 Y125.000 E5790.08229 F7200
G1 X170.000 Y130.000 E5790.25691 F7200
G1 X170.000 Y135.000 E5790.43153 F7200
G1 X170.000 Y140.000 E5790.60614 F7200
G1 X170.000 Y145.000 E5790.78076 F7200
G1 X170.000 Y150.000 E5790.95537 F7200
G1 X170.000 Y155.000 E5791.12999 F7200
G1 X170.000 Y160.000 E5791.30460 F7200
G1 X170.000 Y165.000 E5791.47922 F7200
G1 X170.000 Y170.000 E5791.65384 F7200
G1 X165.000 Y170.000 E5791.82845 F7200
G1 X160.000 Y170.000 E5792.00307 F7200
G1 X155.000 Y170.000 E5792.17768 F7200
G1 X150.000 Y170.000 E5792.35230 F7200
G1 X145.000 Y170.000 E5792.52691 F7200
G1 X140.000 Y170.000 E5792.70153 F7200
G1 X135.000 Y170.000 E5792.87615 F7200
G1 X130.000 Y170.000 E5793.05076 F7200
G1 X125.000 Y170.000 E5793.22538 F7200
G1 X120.000 Y170.000 E5793.39999 F7200
G1 X115.000 Y170.000 E5793.57461 F7200
G1 X110.000 Y170.000 E5793.74922 F7200
G1 X105.000 Y170.000 E5793.92384 F7200
G1 X100.000 Y170.000 E5794.09846 F7200
G1 X95.000 Y170.000 E5794.27307 F7200
G1 X90.000 Y170.000 E5794.44769 F7200
G1 X85.000 Y170.000 E5794.62230 F7200
G1 X80.000 Y170.000 E5794.79692 F7200
G1 X75.000 Y170.000 E5794.97153 F7200
G1 X70.000 Y170.000 E5795.14615 F7200
G1 X65.000 Y170.000 E5795.32077 F7200
G1 X60.000 Y170.000 E5795.49538 F7200
G1 X55.000 Y170.000 E5795.67000 F7200
G1 X50.000 Y170.000 E5795.84461 F7200
G1 X50.000 Y165.000 E5796.01923 F7200
G1 X50.000 Y160.000 E5796.19384 F7200
G1 X50.000 Y155.000 E5796.36846 F7200
G1 X50.000 Y150.000 E5796.54308 F7200
G1 X50.000 Y145.000 E5796.71769 F7200
G1 X50.000 Y140.000 E5796.89231 F7200
G1 X50.000 Y135.000 E5797.06692 F7200
G1 X50.000 Y130.000 E5797.24154 F7200
G1 X50.000 Y125.000 E5797.41615 F7200
G1 X50.000 Y120.000 E5797.59077 F7200
G1 X50.000 Y115.000 E5797.76539 F7200
G1 X50.000 Y110.000 E5797.94000 F7200
G1 X50.000 Y105.000 E5798.11462 F7200
G1 X50.000 Y100.000 E5798.28923 F7200
G1 X50.000 Y95.000 E5798.46385 F7200
G1 X50.000 Y90.000 E5798.63846 F7200
G1 X50.000 Y85.000 E5798.81308 F7200
G1 X50.000 Y80.000 E5798.98770 F7200
G1 X50.000 Y75.000 E5799.16231 F7200
G1 X50.000 Y70.000 E5799.33693 F7200
G1 X50.000 Y65.000 E5799.51154 F7200
G1 X50.000 Y60.000 E5799.68616 F7200
G1 X50.000 Y55.000 E5799.86077 F7200
G1 X50.000 Y50.000 E5800.03539 F7200
;TYPE:Sparse infill
G1 X51.000 Y51.000 F12000
G1 X169.000 Y51.000 E5804.15632 F15000
G1 X169.000 Y56.000 F12000
G1 X51.000 Y56.000 E5808.27725 F15000
G1 X51.000 Y61.000 F12000
G1 X169.000 Y61.000 E5812.39818 F15000
G1 X169.000 Y66.000 F12000
G1 X51.000 Y66.000 E5816.51911 F15000
G1 X51.000 Y71.000 F12000
G1 X169.000 Y71.000 E5820.64004 F15000
G1 X169.000 Y76.000 F12000
G1 X51.000 Y76.000 E5824.76097 F15000
G1 X51.000 Y81.000 F12000
G1 X169.000 Y81.000 E5828.88191 F15000
G1 X169.000 Y86.000 F12000
G1 X51.000 Y86.000 E5833.00284 F15000
G1 X51.000 Y91.000 F12000
G1 X169.000 Y91.000 E5837.12377 F15000
G1 X169.000 Y96.000 F12000
G1 X51.000 Y96.000 E5841.24470 F15000
G1 X51.000 Y101.000 F12000
G1 X169.000 Y101.000 E5845.36563 F15000
G1 X169.000 Y106.000 F12000
G1 X51.000 Y106.000 E5849.48656 F15000
G1 X51.000 Y111.000 F12000
G1 X169.000 Y111.000 E5853.60749 F15000
G1 X169.000 Y116.000 F12000
G1 X51.000 Y116.000 E5857.72842 F15000
G1 X51.000 Y121.000 F12000
G1 X169.000 Y121.000 E5861.84935 F15000
G1 X169.000 Y126.000 F12000
G1 X51.000 Y126.000 E5865.97028 F15000
G1 X51.000 Y131.000 F12000
G1 X169.000 Y131.000 E5870.09121 F15000
G1 X169.000 Y136.000 F12000
G1 X51.000 Y136.000 E5874.21214 F15000
G1 X51.000 Y141.000 F12000
G1 X169.000 Y141.000 E5878.33307 F15000
G1 X169.000 Y146.000 F12000
G1 X51.000 Y146.000 E5882.45400 F15000
G1 X51.000 Y151.000 F12000
G1 X169.000 Y151.000 E5886.57494 F15000
G1 X169.000 Y156.000 F12000
G1 X51.000 Y156.000 E5890.69587 F15000
G1 X51.000 Y161.000 F12000
G1 X169.000 Y161.000 E5894.81680 F15000
G1 X169.000 Y166.000 F12000
G1 X51.000 Y166.000 E5898.93773 F15000
;LAYER_CHANGE
;Z:10.400
G1 Z10.400 F600
;TYPE:Outer wall
G1 X50.000 Y50.000 F7200
G1 X55.000 Y50.000 E5899.11234 F7200
G1 X60.000 Y50.000 E5899.28696 F7200
G1 X65.000 Y50.000 E5899.46157 F7200
G1 X70.000 Y50.000 E5899.63619 F7200
G1 X75.000 Y50.000 E5899.81081 F7200
G1 X80.000 Y50.000 E5899.98542 F7200
G1 X85.000 Y50.000 E5900.16004 F7200
G1 X90.000 Y50.000 E5900.33465 F7200
G1 X95.000 Y50.000 E5900.50927 F7200
G1 X100.000 Y50.000 E5900.68388 F7200
G1 X105.000 Y50.000 E5900.85850 F7200
G1 X110.000 Y50.000 E5901.03312 F7200
G1 X115.000 Y50.000 E5901.20773 F7200
G1 X120.000 Y50.000 E5901.38235 F7200
G1 X125.000 Y50.000 E5901.55696 F7200
G1 X130.000 Y50.000 E5901.73158 F7200
G1 X135.000 Y50.000 E5901.90619 F7200
G1 X140.000 Y50.000 E5902.08081 F7200
G1 X145.000 Y50.000 E5902.25543 F7200
G1 X150.000 Y50.000 E5902.43004 F7200
G1 X155.000 Y50.000 E5902.60466 F7200
G1 X160.000 Y50.000 E5902.77927 F7200
G1 X165.000 Y50.000 E5902.95389 F7200
G1 X170.000 Y50.000 E5903.12850 F7200
G1 X170.000 Y55.000 E5903.30312 F7200
G1 X170.000 Y60.000 E5903.47774 F7200
G1 X170.000 Y65.000 E5903.65235 F7200
G1 X170.000 Y70.000 E5903.82697 F7200
G1 X170.000 Y75.000 E5904.00158 F7200
G1 X170.000 Y80.000 E5904.17620 F7200
G1 X170.000 Y85.000 E5904.35081 F7200
G1 X170.000 Y90.000 E5904.52543 F7200
G1 X170.000 Y95.000 E5904.70005 F7200
G1 X170.000 Y100.000 E5904.87466 F7200
G1 X170.000 Y105.000 E5905.04928 F7200
G1 X170.000 Y110.000 E5905.22389 F7200
G1 X170.000 Y115.000 E5905.39851 F7200
G1 X170.000 Y120.000 E5905.57312 F7200
G1 X170.000 Y125.000 E5905.74774 F7200
G1 X170.000 Y130.000 E5905.92236 F7200
G1 X170.000 Y135.000 E5906.09697 F7200
G1 X170.000 Y140.000 E5906.27159 F7200
G1 X170.000 Y145.000 E5906.44620 F7200
G1 X170.000 Y150.000 E5906.62082 F7200
G1 X170.000 Y155.000 E5906.79543 F7200
G1 X170.000 Y160.000 E5906.97005 F7200
G1 X170.000 Y165.000 E5907.14467 F7200
G1 X170.000 Y170.000 E5907.31928 F7200
G1 X165.000 Y170.000 E5907.49390 F7200
G1 X160.000 Y170.000 E5907.66851 F7200
G1 X155.000 Y170.000 E5907.84313 F7200
G1 X150.000 Y170.000 E5908.01774 F7200
G1 X145.000 Y170.000 E5908.19236 F7200
G1 X140.000 Y170.000 E5908.36698 F7200
G1 X135.000 Y170.000 E5908.54159 F7200
G1 X130.000 Y170.000 E5908.71621 F7200
G1 X125.000 Y170.000 E5908.89082 F7200
G1 X120.000 Y170.000 E5909.06544 F7200
G1 X115.000 Y170.000 E5909.24005 F7200
G1 X110.000 Y170.000 E5909.41467 F7200
G1 X105.000 Y170.000 E5909.58929 F7200
G1 X100.000 Y170.000 E5909.76390 F7200
G1 X95.000 Y170.000 E5909.93852 F7200
G1 X90.000 Y170.000 E5910.11313 F7200
G1 X85.000 Y170.000 E5910.28775 F7200
G1 X80.000 Y170.000 E5910.46236 F7200
G1 X75.000 Y170.000 E5910.63698 F7200
G1 X70.000 Y170.000 E5910.81160 F7200
G1 X65.000 Y170.000 E5910.98621 F7200
G1 X60.000 Y170.000 E5911.16083 F7200
G1 X55.000 Y170.000 E5911.33544 F7200
G1 X50.000 Y170.000 E5911.51006 F7200
G1 X50.000 Y165.000 E5911.68467 F7200
G1 X50.000 Y160.000 E5911.85929 F7200
G1 X50.000 Y155.000 E5912.03391 F7200
G1 X50.000 Y150.000 E5912.20852 F7200
G1 X50.000 Y145.000 E5912.38314 F7200
G1 X50.000 Y140.000 E5912.55775 F7200
G1 X50.000 Y135.000 E5912.73237 F7200
G1 X50.000 Y130.000 E5912.90698 F7200
G1 X50.000 Y125.000 E5913.08160 F7200
G1 X50.000 Y120.000 E5913.25622 F7200
G1 X50.000 Y115.000 E5913.43083 F7200
G1 X50.000 Y110.000 E5913.60545 F7200
G1 X50.000 Y105.000 E5913.78006 F7200
G1 X50.000 Y100.000 E5913.95468 F7200
G1 X50.000 Y95.000 E5914.12929 F7200
G1 X50.000 Y90.000 E5914.30391 F7200
G1 X50.000 Y85.000 E5914.47853 F7200
G1 X50.000 Y80.000 E5914.65314 F7200
G1 X50.000 Y75.000 E5914.82776 F7200
G1 X50.000 Y70.000 E5915.00237 F7200
G1 X50.000 Y65.000 E5915.17699 F7200
G1 X50.000 Y60.000 E5915.35160 F7200
G1 X50.000 Y55.000 E5915.52622 F7200
G1 X50.000 Y50.000 E5915.70084 F7200
;TYPE:Sparse infill
G1 X51.000 Y51.000 F12000
G1 X169.000 Y51.000 E5919.82177 F15000
G1 X169.000 Y56.000 F12000
G1 X51.000 Y56.000 E5923.94270 F15000
G1 X51.000 Y61.000 F12000
G1 X169.000 Y61.000 E5928.06363 F15000
G1 X169.000 Y66.000 F12000
G1 X51.000 Y66.000 E5932.18456 F15000
G1 X51.000 Y71.000 F12000
G1 X169.000 Y71.000 E5936.30549 F15000
G1 X169.000 Y76.000 F12000
G1 X51.000 Y76.000 E5940.42642 F15000
G1 X51.000 Y81.000 F12000
G1 X169.000 Y81.000 E5944.54735 F15000
G1 X169.000 Y86.000 F12000
G1 X51.000 Y86.000 E5948.66828 F15000
G1 X51.000 Y91.000 F12000
G1 X169.000 Y91.000 E5952.78921 F15000
G1 X169.000 Y96.000 F12000
G1 X51.000 Y96.000 E5956.91014 F15000
G1 X51.000 Y101.000 F12000
G1 X169.000 Y101.000 E5961.03107 F15000
G1 X169.000 Y106.000 F12000
G1 X51.000 Y106.000 E5965.15200 F15000
G1 X51.000 Y111.000 F12000
G1 X169.000 Y111.000 E5969.27294 F15000
G1 X169.000 Y116.000 F12000
G1 X51.000 Y116.000 E5973.39387 F15000
G1 X51.000 Y121.000 F12000
G1 X169.000 Y121.000 E5977.51480 F15000
G1 X169.000 Y126.000 F12000
G1 X51.000 Y126.000 E5981.63573 F15000
G1 X51.000 Y131.000 F12000
G1 X169.000 Y131.000 E5985.75666 F15000
G1 X169.000 Y136.000 F12000
G1 X51.000 Y136.000 E5989.87759 F15000
G1 X51.000 Y141.000 F12000
G1 X169.000 Y141.000 E5993.99852 F15000
G1 X169.000 Y146.000 F12000
G1 X51.000 Y146.000 E5998.11945 F15000
G1 X51.000 Y151.000 F12000
G1 X169.000 Y151.000 E6002.24038 F15000
G1 X169.000 Y156.000 F12000
G1 X51.000 Y156.000 E6006.36131 F15000
G1 X51.000 Y161.000 F12000
G1 X169.000 Y161.000 E6010.48224 F15000
G1 X169.000 Y166.000 F12000
G1 X51.000 Y166.000 E6014.60317 F15000
;LAYER_CHANGE
;Z:10.600
G1 Z10.600 F600
;TYPE:Outer wall
G1 X50.000 Y50.000 F7200
G1 X55.000 Y50.000 E6014.77779 F7200
G1 X60.000 Y50.000 E6014.95240 F7200
G1 X65.000 Y50.000 E6015.12702 F7200
G1 X70.000 Y50.000 E6015.30164 F7200
G1 X75.000 Y50.000 E6015.47625 F7200
G1 X80.000 Y50.000 E6015.65087 F7200
G1 X85.000 Y50.000 E6015.82548 F7200
G1 X90.000 Y50.000 E6016.00010 F7200
G1 X95.000 Y50.000 E6016.17471 F7200
G1 X100.000 Y50.000 E6016.34933 F7200
G1 X105.000 Y50.000 E6016.52395 F7200
G1 X110.000 Y50.000 E6016.69856 F7200
G1 X115.000 Y50.000 E6016.87318 F7200
G1 X120.000 Y50.000 E6017.04779 F7200
G1 X125.000 Y50.000 E6017.22241 F7200
G1 X130.000 Y50.000 E6017.39702 F7200
G1 X135.000 Y50.000 E6017.57164 F7200
G1 X140.000 Y50.000 E6017.74626 F7200
G1 X145.000 Y50.000 E6017.92087 F7200
G1 X150.000 Y50.000 E6018.09549 F7200
G1 X155.000 Y50.000 E6018.27010 F7200
G1 X160.000 Y50.000 E6018.44472 F7200
G1 X165.000 Y50.000 E6018.61933 F7200
G1 X170.000 Y50.000 E6018.79395 F7200
G1 X170.000 Y55.000 E6018.96857 F7200
G1 X170.000 Y60.000 E6019.14318 F7200
G1 X170.000 Y65.000 E6019.31780 F7200
G1 X170.000 Y70.000 E6019.49241 F7200
G1 X170.000 Y75.000 E6019.66703 F7200
G1 X170.000 Y80.000 E6019.84164 F7200
G1 X170.000 Y85.000 E6020.01626 F7200
G1 X170.000 Y90.000 E6020.19088 F7200
G1 X170.000 Y95.000 E6020.36549 F7200
G1 X170.000 Y100.000 E6020.54011 F7200
G1 X170.000 Y105.000 E6020.71472 F7200
G1 X170.000 Y110.000 E6020.88934 F7200
G1 X170.000 Y115.000 E6021.06395 F7200
G1 X170.000 Y120.000 E6021.23857 F7200
G1 X170.000 Y125.000 E6021.41319 F7200
G1 X170.000 Y130.000 E6021.58780 F7200
G1 X170.000 Y135.000 E6021.76242 F7200
G1 X170.000 Y140.000 E6021.93703 F7200
G1 X170.000 Y145.000 E6022.11165 F7200
G1 X170.000 Y150.000 E6022.28626 F7200
G1 X170.000 Y155.000 E6022.46088 F7200
G1 X170.000 Y160.000 E6022.63550 F7200
G1 X170.000 Y165.000 E6022.81011 F7200
G1 X170.000 Y170.000 E6022.98473 F7200
G1 X165.000 Y170.000 E6023.15934 F7200
G1 X160.000 Y170.000 E6023.33396 F7200
G1 X155.000 Y170.000 E6023.50857 F7200
G1 X150.000 Y170.000 E6023.68319 F7200
G1 X145.000 Y170.000 E6023.85781 F7200
G1 X140.000 Y170.000 E6024.03242 F7200
G1 X135.000 Y170.000 E6024.20704 F7200
G1 X130.000 Y170.000 E6024.38165 F7200
G1 X125.000 Y170.000 E6024.55627 F7200
G1 X120.000 Y170.000 E6024.73088 F7200
G1 X115.000 Y170.000 E6024.90550 F7200
G1 X110.000 Y170.000 E6025.08012 F7200
G1 X105.000 Y170.000 E6025.25473 F7200
G1 X100.000 Y170.000 E6025.42935 F7200
G1 X95.000 Y170.000 E6025.60396 F7200
G1 X90.000 Y170.000 E6025.77858 F7200
G1 X85.000 Y170.000 E6025.95319 F7200
G1 X80.000 Y170.000 E6026.12781 F7200
G1 X75.000 Y170.000 E6026.30243 F7200
G1 X70.000 Y170.000 E6026.47704 F7200
G1 X65.000 Y170.000 E6026.65166 F7200
G1 X60.000 Y170.000 E6026.82627 F7200
G1 X55.000 Y170.000 E6027.00089 F7200
G1 X50.000 Y170.000 E6027.17550 F7200
G1 X50.000 Y165.000 E6027.35012 F7200
G1 X50.000 Y160.000 E6027.52474 F7200
G1 X50.000 Y155.000 E6027.69935 F7200
G1 X50.000 Y150.000 E6027.87397 F7200
G1 X50.000 Y145.000 E6028.04858 F7200
G1 X50.000 Y140.000 E6028.22320 F7200
G1 X50.000 Y135.000 E6028.39781 F7200
G1 X50.000 Y130.000 E6028.57243 F7200
G1 X50.000 Y125.000 E6028.74705 F7200
G1 X50.000 Y120.000 E6028.92166 F7200
G1 X50.000 Y115.000 E6029.09628 F7200
G1 X50.000 Y110.000 E6029.27089 F7200
G1 X50.000 Y105.000 E6029.44551 F7200
G1 X50.000 Y100.000 E6029.62012 F7200
G1 X50.000 Y95.000 E6029.79474 F7200
G1 X50.000 Y90.000 E6029.96936 F7200
G1 X50.000 Y85.000 E6030.14397 F7200
G1 X50.000 Y80.000 E6030.31859 F7200
G1 X50.000 Y75.000 E6030.49320 F7200
G1 X50.000 Y70.000 E6030.66782 F7200
G1 X50.000 Y65.000 E6030.84243 F7200
G1 X50.000 Y60.000 E6031.01705 F7200
G1 X50.000 Y55.000 E6031.19167 F7200
G1 X50.000 Y50.000 E6031.36628 F7200
;TYPE:Sparse infill
G1 X51.000 Y51.000 F12000
G1 X169.000 Y51.000 E6035.48721 F15000
G1 X169.000 Y56.000 F12000
G1 X51.000 Y56.000 E6039.60814 F15000
G1 X51.000 Y61.000 F12000
G1 X169.000 Y61.000 E6043.72907 F15000
G1 X169.000 Y66.000 F12000
G1 X51.000 Y66.000 E6047.85000 F15000
G1 X51.000 Y71.000 F12000
G1 X169.000 Y71.000 E6051.97093 F15000
G1 X169.000 Y76.000 F12000
G1 X51.000 Y76.000 E6056.09187 F15000
G1 X51.000 Y81.000 F12000
G1 X169.000 Y81.000 E6060.21280 F15000
G1 X169.000 Y86.000 F12000
G1 X51.000 Y86.000 E6064.33373 F15000
G1 X51.000 Y91.000 F12000
G1 X169.000 Y91.000 E6068.45466 F15000
G1 X169.000 Y96.000 F12000
G1 X51.000 Y96.000 E6072.57559 F15000
G1 X51.000 Y101.000 F12000
G1 X169.000 Y101.000 E6076.69652 F15000
G1 X169.000 Y106.000 F12000
G1 X51.000 Y106.000 E6080.81745 F15000
G1 X51.000 Y111.000 F12000
G1 X169.000 Y111.000 E6084.93838 F15000
G1 X169.000 Y116.000 F12000
G1 X51.000 Y116.000 E6089.05931 F15000
G1 X51.000 Y121.000 F12000
G1 X169.000 Y121.000 E6093.18024 F15000
G1 X169.000 Y126.000 F12000
G1 X51.000 Y126.000 E6097.30117 F15000
G1 X51.000 Y131.000 F12000
G1 X169.000 Y131.000 E6101.42210 F15000
G1 X169.000 Y136.000 F12000
G1 X51.000 Y136.000 E6105.54303 F15000
G1 X51.000 Y141.000 F12000
G1 X169.000 Y141.000 E6109.66397 F15000
G1 X169.000 Y146.000 F12000
G1 X51.000 Y146.000 E6113.78490 F15000
G1 X51.000 Y151.000 F12000
G1 X169.000 Y151.000 E6117.90583 F15000
G1 X169.000 Y156.000 F12000
G1 X51.000 Y156.000 E6122.02676 F15000
G1 X51.000 Y161.000 F12000
G1 X169.000 Y161.000 E6126.14769 F15000
G1 X169.000 Y166.000 F12000
G1 X51.000 Y166.000 E6130.26862 F15000
;LAYER_CHANGE
;Z:10.800
G1 Z10.800 F600
;TYPE:Outer wall
G1 X50.000 Y50.000 F7200
G1 X55.000 Y50.000 E6130.44323 F7200
G1 X60.000 Y50.000 E6130.61785 F7200
G1 X65.000 Y50.000 E6130.79247 F7200
G1 X70.000 Y50.000 E6130.96708 F7200
G1 X75.000 Y50.000 E6131.14170 F7200
G1 X80.000 Y50.000 E6131.31631 F7200
G1 X85.000 Y50.000 E6131.49093 F7200
G1 X90.000 Y50.000 E6131.66554 F7200
G1 X95.000 Y50.000 E6131.84016 F7200
G1 X100.000 Y50.000 E6132.01478 F7200
G1 X105.000 Y50.000 E6132.18939 F7200
G1 X110.000 Y50.000 E6132.36401 F7200
G1 X115.000 Y50.000 E6132.53862 F7200
G1 X120.000 Y50.000 E6132.71324 F7200
G1 X125.000 Y50.000 E6132.88785 F7200
G1 X130.000 Y50.000 E6133.06247 F7200
G1 X135.000 Y50.000 E6133.23709 F7200
G1 X140.000 Y50.000 E6133.41170 F7200
G1 X145.000 Y50.000 E6133.58632 F7200
G1 X150.000 Y50.000 E6133.76093 F7200
G1 X155.000 Y50.000 E6133.93555 F7200
G1 X160.000 Y50.000 E6134.11016 F7200
G1 X165.000 Y50.000 E6134.28478 F7200
G1 X170.000 Y50.000 E6134.45940 F7200
G1 X170.000 Y55.000 E6134.63401 F7200
G1 X170.000 Y60.000 E6134.80863 F7200
G1 X170.000 Y65.000 E6134.98324 F7200
G1 X170.000 Y70.000 E6135.15786 F7200
G1 X170.000 Y75.000 E6135.33247 F7200
G1 X170.000 Y80.000 E6135.50709 F7200
G1 X170.000 Y85.000 E6135.68171 F7200
G1 X170.000 Y90.000 E6135.85632 F7200
G1 X170.000 Y95.000 E6136.03094 F7200
G1 X170.000 Y100.000 E6136.20555 F7200
G1 X170.000 Y105.000 E6136.38017 F7200
G1 X170.000 Y110.000 E6136.55478 F7200
G1 X170.000 Y115.000 E6136.72940 F7200
G1 X170.000 Y120.000 E6136.90402 F7200
G1 X170.000 Y125.000 E6137.07863 F7200
G1 X170.000 Y130.000 E6137.25325 F7200
G1 X170.000 Y135.000 E6137.42786 F7200
G1 X170.000 Y140.000 E6137.60248 F7200
G1 X170.000 Y145.000 E6137.77709 F7200
G1 X170.000 Y150.000 E6137.95171 F7200
G1 X170.000 Y155.000 E6138.12633 F7200
G1 X170.000 Y160.000 E6138.30094 F7200
G1 X170.000 Y165.000 E6138.47556 F7200
G1 X170.000 Y170.000 E6138.65017 F7200
G1 X165.000 Y170.000 E6138.82479 F7200
G1 X160.000 Y170.000 E6138.99940 F7200
G1 X155.000 Y170.000 E6139.17402 F7200
G1 X150.000 Y170.000 E6139.34864 F7200
G1 X145.000 Y170.000 E6139.52325 F7200
G1 X140.000 Y170.000 E6139.69787 F7200
G1 X135.000 Y170.000 E6139.87248 F7200
G1 X130.000 Y170.000 E6140.04710 F7200
G1 X125.000 Y170.000 E6140.22171 F7200
G1 X120.000 Y170.000 E6140.39633 F7200
G1 X115.000 Y170.000 E6140.57095 F7200
G1 X110.000 Y170.000 E6140.74556 F7200
G1 X105.000 Y170.000 E6140.92018 F7200
G1 X100.000 Y170.000 E6141.09479 F7200
G1 X95.000 Y170.000 E6141.26941 F7200
G1 X90.000 Y170.000 E6141.44402 F7200
G1 X85.000 Y170.000 E6141.61864 F7200
G1 X80.000 Y170.000 E6141.79326 F7200
G1 X75.000 Y170.000 E6141.96787 F7200
G1 X70.000 Y170.000 E6142.14249 F7200
G1 X65.000 Y170.000 E6142.31710 F7200
G1 X60.000 Y170.000 E6142.49172 F7200
G1 X55.000 Y170.000 E6142.66633 F7200
G1 X50.000 Y170.000 E6142.84095 F7200
G1 X50.000 Y165.000 E6143.01557 F7200
G1 X50.000 Y160.000 E6143.19018 F7200
G1 X50.000 Y155.000 E6143.36480 F7200
G1 X50.000 Y150.000 E6143.53941 F7200
G1 X50.000 Y145.000 E6143.71403 F7200
G1 X50.000 Y140.000 E6143.88864 F7200
G1 X50.000 Y135.000 E6144.06326 F7200
G1 X50.000 Y130.000 E6144.23788 F7200
G1 X50.000 Y125.000 E6144.41249 F7200
G1 X50.000 Y120.000 E6144.58711 F7200
G1 X50.000 Y115.000 E6144.76172 F7200
G1 X50.000 Y110.000 E6144.93634 F7200
G1 X50.000 Y105.000 E6145.11095 F7200
G1 X50.000 Y100.000 E6145.28557 F7200
G1 X50.000 Y95.000 E6145.46019 F7200
G1 X50.000 Y90.000 E6145.63480 F7200
G1 X50.000 Y85.000 E6145.80942 F7200
G1 X50.000 Y80.000 E6145.98403 F7200
G1 X50.000 Y75.000 E6146.15865 F7200
G1 X50.000 Y70.000 E6146.33326 F7200
G1 X50.000 Y65.000 E6146.50788 F7200
G1 X50.000 Y60.000 E6146.68250 F7200
G1 X50.000 Y55.000 E6146.85711 F7200
G1 X50.000 Y50.000 E6147.03173 F7200
;TYPE:Sparse infill
G1 X51.000 Y51.000 F12000
G1 X169.000 Y51.000 E6151.15266 F15000
G1 X169.000 Y56.000 F12000
G1 X51.000 Y56.000 E6155.27359 F15000
G1 X51.000 Y61.000 F12000
G1 X169.000 Y61.000 E6159.39452 F15000
G1 X169.000 Y66.000 F12000
G1 X51.000 Y66.000 E6163.51545 F15000
G1 X51.000 Y71.000 F12000
G1 X169.000 Y71.000 E6167.63638 F15000
G1 X169.000 Y76.000 F12000
G1 X51.000 Y76.000 E6171.75731 F15000
G1 X51.000 Y81.000 F12000
G1 X169.000 Y81.000 E6175.87824 F15000
G1 X169.000 Y86.000 F12000
G1 X51.000 Y86.000 E6179.99917 F15000
G1 X51.000 Y91.000 F12000
G1 X169.000 Y91.000 E6184.12010 F15000
G1 X169.000 Y96.000 F12000
G1 X51.000 Y96.000 E6188.24103 F15000
G1 X51.000 Y101.000 F12000
G1 X169.000 Y101.000 E6192.36196 F15000
G1 X169.000 Y106.000 F12000
G1 X51.000 Y106.000 E6196.48290 F15000
G1 X51.000 Y111.000 F12000
G1 X169.000 Y111.000 E6200.60383 F15000
G1 X169.000 Y116.000 F12000
G1 X51.000 Y116.000 E6204.72476 F15000
G1 X51.000 Y121.000 F12000
G1 X169.000 Y121.000 E6208.84569 F15000
G1 X169.000 Y126.000 F12000
G1 X51.000 Y126.000 E6212.96662 F15000
G1 X51.000 Y131.000 F12000
G1 X169.000 Y131.000 E6217.08755 F15000
G1 X169.000 Y136.000 F12000
G1 X51.000 Y136.000 E6221.20848 F15000
G1 X51.000 Y141.000 F12000
G1 X169.000 Y141.000 E6225.32941 F15000
G1 X169.000 Y146.000 F12000
G1 X51.000 Y146.000 E6229.45034 F15000
G1 X51.000 Y151.000 F12000
G1 X169.000 Y151.000 E6233.57127 F15000
G1 X169.000 Y156.000 F12000
G1 X51.000 Y156.000 E6237.69220 F15000
G1 X51.000 Y161.000 F12000
G1 X169.000 Y161.000 E6241.81313 F15000
G1 X169.000 Y166.000 F12000
G1 X51.000 Y166.000 E6245.93406 F15000
;LAYER_CHANGE
;Z:11.000
G1 Z11.000 F600
;TYPE:Outer wall
G1 X50.000 Y50.000 F7200
G1 X55.000 Y50.000 E6246.10868 F7200
G1 X60.000 Y50.000 E6246.28330 F7200
G1 X65.000 Y50.000 E6246.45791 F7200
G1 X70.000 Y50.000 E6246.63253 F7200
G1 X75.000 Y50.000 E6246.80714 F7200
G1 X80.000 Y50.000 E6246.98176 F7200
G1 X85.000 Y50.000 E6247.15637 F7200
G1 X90.000 Y50.000 E6247.33099 F7200
G1 X95.000 Y50.000 E6247.50561 F7200
G1 X100.000 Y50.000 E6247.68022 F7200
G1 X105.000 Y50.000 E6247.85484 F7200
G1 X110.000 Y50.000 E6248.02945 F7200
G1 X115.000 Y50.000 E6248.20407 F7200
G1 X120.000 Y50.000 E6248.37868 F7200
G1 X125.000 Y50.000 E6248.55330 F7200
G1 X130.000 Y50.000 E6248.72792 F7200
G1 X135.000 Y50.000 E6248.90253 F7200
G1 X140.000 Y50.000 E6249.07715 F7200
G1 X145.000 Y50.000 E6249.25176 F7200
G1 X150.000 Y50.000 E6249.42638 F7200
G1 X155.000 Y50.000 E6249.60099 F7200
G1 X160.000 Y50.000 E6249.77561 F7200
G1 X165.000 Y50.000 E6249.95023 F7200
G1 X170.000 Y50.000 E6250.12484 F7200
G1 X170.000 Y55.000 E6250.29946 F7200
G1 X170.000 Y60.000 E6250.47407 F7200
G1 X170.000 Y65.000 E6250.64869 F7200
G1 X170.000 Y70.000 E6250.82330 F7200
G1 X170.000 Y75.000 E6250.99792 F7200
G1 X170.000 Y80.000 E6251.17254 F7200
G1 X170.000 Y85.000 E6251.34715 F7200
G1 X170.000 Y90.000 E6251.52177 F7200
G1 X170.000 Y95.000 E6251.69638 F7200
G1 X170.000 Y100.000 E6251.87100 F7200
G1 X170.000 Y105.000 E6252.04561 F7200
G1 X170.000 Y110.000 E6252.22023 F7200
G1 X170.000 Y115.000 E6252.39485 F7200
G1 X170.000 Y120.000 E6252.56946 F7200
G1 X170.000 Y125.000 E6252.74408 F7200
G1 X170.000 Y130.000 E6252.91869 F7200
G1 X170.000 Y135.000 E6253.09331 F7200
G1 X170.000 Y140.000 E6253.26792 F7200
G1 X170.000 Y145.000 E6253.44254 F7200
G1 X170.000 Y150.000 E6253.61716 F7200
G1 X170.000 Y155.000 E6253.79177 F7200
G1 X170.000 Y160.000 E6253.96639 F7200
G1 X170.000 Y165.000 E6254.14100 F7200
G1 X170.000 Y170.000 E6254.31562 F7200
G1 X165.000 Y170.000 E6254.49023 F7200
G1 X160.000 Y170.000 E6254.66485 F7200
G1 X155.000 Y170.000 E6254.83947 F7200
G1 X150.000 Y170.000 E6255.01408 F7200
G1 X145.000 Y170.000 E6255.18870 F7200
G1 X140.000 Y170.000 E6255.36331 F7200
G1 X135.000 Y170.000 E6255.53793 F7200
G1 X130.000 Y170.000 E6255.71254 F7200
G1 X125.000 Y170.000 E6255.88716 F7200
G1 X120.000 Y170.000 E6256.06178 F7200
G1 X115.000 Y170.000 E6256.23639 F7200
G1 X110.000 Y170.000 E6256.41101 F7200
G1 X105.000 Y170.000 E6256.58562 F7200
G1 X100.000 Y170.000 E6256.76024 F7200
G1 X95.000 Y170.000 E6256.93485 F7200
G1 X90.000 Y170.000 E6257.10947 F7200
G1 X85.000 Y170.000 E6257.28409 F7200
G1 X80.000 Y170.000 E6257.45870 F7200
G1 X75.000 Y170.000 E6257.63332 F7200
G1 X70.000 Y170.000 E6257.80793 F7200
G1 X65.000 Y170.000 E6257.98255 F7200
G1 X60.000 Y170.000 E6258.15716 F7200
G1 X55.000 Y170.000 E6258.33178 F7200
G1 X50.000 Y170.000 E6258.50640 F7200
G1 X50.000 Y165.000 E6258.68101 F7200
G1 X50.000 Y160.000 E6258.85563 F7200
G1 X50.000 Y155.000 E6259.03024 F7200
G1 X50.000 Y150.000 E6259.20486 F7200
G1 X50.000 Y145.000 E6259.37947 F7200
G1 X50.000 Y140.000 E6259.55409 F7200
G1 X50.000 Y135.000 E6259.72871 F7200
G1 X50.000 Y130.000 E6259.90332 F7200
G1 X50.000 Y125.000 E6260.07794 F7200
G1 X50.000 Y120.000 E6260.25255 F7200
G1 X50.000 Y115.000 E6260.42717 F7200
G1 X50.000 Y110.000 E6260.60178 F7200
G1 X50.000 Y105.000 E6260.77640 F7200
G1 X50.000 Y100.000 E6260.95102 F7200
G1 X50.000 Y95.000 E6261.12563 F7200
G1 X50.000 Y90.000 E6261.30025 F7200
G1 X50.000 Y85.000 E6261.47486 F7200
G1 X50.000 Y80.000 E6261.64948 F7200
G1 X50.000 Y75.000 E6261.82409 F7200
G1 X50.000 Y70.000 E6261.99871 F7200
G1 X50.000 Y65.000 E6262.17333 F7200
G1 X50.000 Y60.000 E6262.34794 F7200
G1 X50.000 Y55.000 E6262.52256 F7200
G1 X50.000 Y50.000 E6262.69717 F7200
;TYPE:Sparse infill
G1 X51.000 Y51.000 F12000
G1 X169.000 Y51.000 E6266.81810 F15000
G1 X169.000 Y56.000 F12000
G1 X51.000 Y56.000 E6270.93903 F15000
G1 X51.000 Y61.000 F12000
G1 X169.000 Y61.000 E6275.05996 F15000
G1 X169.000 Y66.000 F12000
G1 X51.000 Y66.000 E6279.18090 F15000
G1 X51.000 Y71.000 F12000
G1 X169.000 Y71.000 E6283.30183 F15000
G1 X169.000 Y76.000 F12000
G1 X51.000 Y76.000 E6287.42276 F15000
G1 X51.000 Y81.000 F12000
G1 X169.000 Y81.000 E6291.54369 F15000
G1 X169.000 Y86.000 F12000
G1 X51.000 Y86.000 E6295.66462 F15000
G1 X51.000 Y91.000 F12000
G1 X169.000 Y91.000 E6299.78555 F15000
G1 X169.000 Y96.000 F12000
G1 X51.000 Y96.000 E6303.90648 F15000
G1 X51.000 Y101.000 F12000
G1 X169.000 Y101.000 E6308.02741 F15000
G1 X169.000 Y106.000 F12000
G1 X51.000 Y106.000 E6312.14834 F15000
G1 X51.000 Y111.000 F12000
G1 X169.000 Y111.000 E6316.26927 F15000
G1 X169.000 Y116.000 F12000
G1 X51.000 Y116.000 E6320.39020 F15000
G1 X51.000 Y121.000 F12000
G1 X169.000 Y121.000 E6324.51113 F15000
G1 X169.000 Y126.000 F12000
G1 X51.000 Y126.000 E6328.63206 F15000
G1 X51.000 Y131.000 F12000
G1 X169.000 Y131.000 E6332.75299 F15000
G1 X169.000 Y136.000 F12000
G1 X51.000 Y136.000 E6336.87393 F15000
G1 X51.000 Y141.000 F12000
G1 X169.000 Y141.000 E6340.99486 F15000
G1 X169.000 Y146.000 F12000
G1 X51.000 Y146.000 E6345.11579 F15000
G1 X51.000 Y151.000 F12000
G1 X169.000 Y151.000 E6349.23672 F15000
G1 X169.000 Y156.000 F12000
G1 X51.000 Y156.000 E6353.35765 F15000
G1 X51.000 Y161.000 F12000
G1 X169.000 Y161.000 E6357.47858 F15000
G1 X169.000 Y166.000 F12000
G1 X51.000 Y166.000 E6361.59951 F15000
;LAYER_CHANGE
;Z:11.200
G1 Z11.200 F600
;TYPE:Outer wall
G1 X50.000 Y50.000 F7200
G1 X55.000 Y50.000 E6361.77413 F7200
G1 X60.000 Y50.000 E6361.94874 F7200
G1 X65.000 Y50.000 E6362.12336 F7200
G1 X70.000 Y50.000 E6362.29797 F7200
G1 X75.000 Y50.000 E6362.47259 F7200
G1 X80.000 Y50.000 E6362.64720 F7200
G1 X85.000 Y50.000 E6362.82182 F7200
G1 X90.000 Y50.000 E6362.99644 F7200
G1 X95.000 Y50.000 E6363.17105 F7200
G1 X100.000 Y50.000 E6363.34567 F7200
G1 X105.000 Y50.000 E6363.52028 F7200
G1 X110.000 Y50.000 E6363.69490 F7200
G1 X115.000 Y50.000 E6363.86951 F7200
G1 X120.000 Y50.000 E6364.04413 F7200
G1 X125.000 Y50.000 E6364.21875 F7200
G1 X130.000 Y50.000 E6364.39336 F7200
G1 X135.000 Y50.000 E6364.56798 F7200
G1 X140.000 Y50.000 E6364.74259 F7200
G1 X145.000 Y50.000 E6364.91721 F7200
G1 X150.000 Y50.000 E6365.09182 F7200
G1 X155.000 Y50.000 E6365.26644 F7200
G1 X160.000 Y50.000 E6365.44106 F7200
G1 X165.000 Y50.000 E6365.61567 F7200
G1 X170.000 Y50.000 E6365.79029 F7200
G1 X170.000 Y55.000 E6365.96490 F7200
G1 X170.000 Y60.000 E6366.13952 F7200
G1 X170.000 Y65.000 E6366.31413 F7200
G1 X170.000 Y70.000 E6366.48875 F7200
G1 X170.000 Y75.000 E6366.66337 F7200
G1 X170.000 Y80.000 E6366.83798 F7200
G1 X170.000 Y85.000 E6367.01260 F7200
G1 X170.000 Y90.000 E6367.18721 F7200
G1 X170.000 Y95.000 E6367.36183 F7200
G1 X170.000 Y100.000 E6367.53644 F7200
G1 X170.000 Y105.000 E6367.71106 F7200
G1 X170.000 Y110.000 E6367.88568 F7200
G1 X170.000 Y115.000 E6368.06029 F7200
G1 X170.000 Y120.000 E6368.23491 F7200
G1 X170.000 Y125.000 E6368.40952 F7200
G1 X170.000 Y130.000 E6368.58414 F7200
G1 X170.000 Y135.000 E6368.75875 F7200
G1 X170.000 Y140.000 E6368.93337 F7200
G1 X170.000 Y145.000 E6369.10799 F7200
G1 X170.000 Y150.000 E6369.28260 F7200
G1 X170.000 Y155.000 E6369.45722 F7200
G1 X170.000 Y160.000 E6369.63183 F7200
G1 X170.000 Y165.000 E6369.80645 F7200
G1 X170.000 Y170.000 E6369.98106 F7200
G1 X165.000 Y170.000 E6370.15568 F7200
G1 X160.000 Y170.000 E6370.33030 F7200
G1 X155.000 Y170.000 E6370.50491 F7200
G1 X150.000 Y170.000 E6370.67953 F7200
G1 X145.000 Y170.000 E6370.85414 F7200
G1 X140.000 Y170.000 E6371.02876 F7200
G1 X135.000 Y170.000 E6371.20337 F7200
G1 X130.000 Y170.000 E6371.37799 F7200
G1 X125.000 Y170.000 E6371.55261 F7200
G1 X120.000 Y170.000 E6371.72722 F7200
G1 X115.000 Y170.000 E6371.90184 F7200
G1 X110.000 Y170.000 E6372.07645 F7200
G1 X105.000 Y170.000 E6372.25107 F7200
G1 X100.000 Y170.000 E6372.42568 F7200
G1 X95.000 Y170.000 E6372.60030 F7200
G1 X90.000 Y170.000 E6372.77492 F7200
G1 X85.000 Y170.000 E6372.94953 F7200
G1 X80.000 Y170.000 E6373.12415 F7200
G1 X75.000 Y170.000 E6373.29876 F7200
G1 X70.000 Y170.000 E6373.47338 F7200
G1 X65.000 Y170.000 E6373.64799 F7200
G1 X60.000 Y170.000 E6373.82261 F7200
G1 X55.000 Y170.000 E6373.99723 F7200
G1 X50.000 Y170.000 E6374.17184 F7200
G1 X50.000 Y165.000 E6374.34646 F7200
G1 X50.000 Y160.000 E6374.52107 F7200
G1 X50.000 Y155.000 E6374.69569 F7200
G1 X50.000 Y150.000 E6374.87030 F7200
G1 X50.000 Y145.000 E6375.04492 F7200
G1 X50.000 Y140.000 E6375.21954 F7200
G1 X50.000 Y135.000 E6375.39415 F7200
G1 X50.000 Y130.000 E6375.56877 F7200
G1 X50.000 Y125.000 E6375.74338 F7200
G1 X50.000 Y120.000 E6375.91800 F7200
G1 X50.000 Y115.000 E6376.09261 F7200
G1 X50.000 Y110.000 E6376.26723 F7200
G1 X50.000 Y105.000 E6376.44185 F7200
G1 X50.000 Y100.000 E6376.61646 F7200
G1 X50.000 Y95.000 E6376.79108 F7200
G1 X50.000 Y90.000 E6376.96569 F7200
G1 X50.000 Y85.000 E6377.14031 F7200
G1 X50.000 Y80.000 E6377.31492 F7200
G1 X50.000 Y75.000 E6377.48954 F7200
G1 X50.000 Y70.000 E6377.66416 F7200
G1 X50.000 Y65.000 E6377.83877 F7200
G1 X50.000 Y60.000 E6378.01339 F7200
G1 X50.000 Y55.000 E6378.18800 F7200
G1 X50.000 Y50.000 E6378.36262 F7200
;TYPE:Sparse infill
G1 X51.000 Y51.000 F12000
G1 X169.000 Y51.000 E6382.48355 F15000
G1 X169.000 Y56.000 F12000
G1 X51.000 Y56.000 E6386.60448 F15000
G1 X51.000 Y61.000 F12000
G1 X169.000 Y61.000 E6390.72541 F15000
G1 X169.000 Y66.000 F12000
G1 X51.000 Y66.000 E6394.84634 F15000
G1 X51.000 Y71.000 F12000
G1 X169.000 Y71.000 E6398.96727 F15000
G1 X169.000 Y76.000 F12000
G1 X51.000 Y76.000 E6403.08820 F15000
G1 X51.000 Y81.000 F12000
G1 X169.000 Y81.000 E6407.20913 F15000
G1 X169.000 Y86.000 F12000
G1 X51.000 Y86.000 E6411.33006 F15000
G1 X51.000 Y91.000 F12000
G1 X169.000 Y91.000 E6415.45099 F15000
G1 X169.000 Y96.000 F12000
G1 X51.000 Y96.000 E6419.57193 F15000
G1 X51.000 Y101.000 F12000
G1 X169.000 Y101.000 E6423.69286 F15000
G1 X169.000 Y106.000 F12000
G1 X51.000 Y106.000 E6427.81379 F15000
G1 X51.000 Y111.000 F12000
G1 X169.000 Y111.000 E6431.93472 F15000
G1 X169.000 Y116.000 F12000
G1 X51.000 Y116.000 E6436.05565 F15000
G1 X51.000 Y121.000 F12000
G1 X169.000 Y121.000 E6440.17658 F15000
G1 X169.000 Y126.000 F12000
G1 X51.000 Y126.000 E6444.29751 F15000
G1 X51.000 Y131.000 F12000
G1 X169.000 Y131.000 E6448.41844 F15000
G1 X169.000 Y136.000 F12000
G1 X51.000 Y136.000 E6452.53937 F15000
G1 X51.000 Y141.000 F12000
G1 X169.000 Y141.000 E6456.66030 F15000
G1 X169.000 Y146.000 F12000
G1 X51.000 Y146.000 E6460.78123 F15000
G1 X51.000 Y151.000 F12000
G1 X169.000 Y151.000 E6464.90216 F15000
G1 X169.000 Y156.000 F12000
G1 X51.000 Y156.000 E6469.02309 F15000
G1 X51.000 Y161.000 F12000
G1 X169.000 Y161.000 E6473.14402 F15000
G1 X169.000 Y166.000 F12000
G1 X51.000 Y166.000 E6477.26496 F15000
;LAYER_CHANGE
;Z:11.400
G1 Z11.400 F600
;TYPE:Outer wall
G1 X50.000 Y50.000 F7200
G1 X55.000 Y50.000 E6477.43957 F7200
G1 X60.000 Y50.000 E6477.61419 F7200
G1 X65.000 Y50.000 E6477.78880 F7200
G1 X70.000 Y50.000 E6477.96342 F7200
G1 X75.000 Y50.000 E6478.13803 F7200
G1 X80.000 Y50.000 E6478.31265 F7200
G1 X85.000 Y50.000 E6478.48727 F7200
G1 X90.000 Y50.000 E6478.66188 F7200
G1 X95.000 Y50.000 E6478.83650 F7200
G1 X100.000 Y50.000 E6479.01111 F7200
G1 X105.000 Y50.000 E6479.18573 F7200
G1 X110.000 Y50.000 E6479.36034 F7200
G1 X115.000 Y50.000 E6479.53496 F7200
G1 X120.000 Y50.000 E6479.70958 F7200
G1 X125.000 Y50.000 E6479.88419 F7200
G1 X130.000 Y50.000 E6480.05881 F7200
G1 X135.000 Y50.000 E6480.23342 F7200
G1 X140.000 Y50.000 E6480.40804 F7200
G1 X145.000 Y50.000 E6480.58265 F7200
G1 X150.000 Y50.000 E6480.75727 F7200
G1 X155.000 Y50.000 E6480.93189 F7200
G1 X160.000 Y50.000 E6481.10650 F7200
G1 X165.000 Y50.000 E6481.28112 F7200
G1 X170.000 Y50.000 E6481.45573 F7200
G1 X170.000 Y55.000 E6481.63035 F7200
G1 X170.000 Y60.000 E6481.80496 F7200
G1 X170.000 Y65.000 E6481.97958 F7200
G1 X170.000 Y70.000 E6482.15420 F7200
G1 X170.000 Y75.000 E6482.32881 F7200
G1 X170.000 Y80.000 E6482.50343 F7200
G1 X170.000 Y85.000 E6482.67804 F7200
G1 X170.000 Y90.000 E6482.85266 F7200
G1 X170.000 Y95.000 E6483.02727 F7200
G1 X170.000 Y100.000 E6483.20189 F7200
G1 X170.000 Y105.000 E6483.37651 F7200
G1 X170.000 Y110.000 E6483.55112 F7200
G1 X170.000 Y115.000 E6483.72574 F7200
G1 X170.000 Y120.000 E6483.90035 F7200
G1 X170.000 Y125.000 E6484.07497 F7200
G1 X170.000 Y130.000 E6484.24958 F7200
G1 X170.000 Y135.000 E6484.42420 F7200
G1 X170.000 Y140.000 E6484.59882 F7200
G1 X170.000 Y145.000 E6484.77343 F7200
G1 X170.000 Y150.000 E6484.94805 F7200
G1 X170.000 Y155.000 E6485.12266 F7200
G1 X170.000 Y160.000 E6485.29728 F7200
G1 X170.000 Y165.000 E6485.47189 F7200
G1 X170.000 Y170.000 E6485.64651 F7200
G1 X165.000 Y170.000 E6485.82113 F7200
G1 X160.000 Y170.000 E6485.99574 F7200
G1 X155.000 Y170.000 E6486.17036 F7200
G1 X150.000 Y170.000 E6486.34497 F7200
G1 X145.000 Y170.000 E6486.51959 F7200
G1 X140.000 Y170.000 E6486.69420 F7200
G1 X135.000 Y170.000 E6486.86882 F7200
G1 X130.000 Y170.000 E6487.04344 F7200
G1 X125.000 Y170.000 E6487.21805 F7200
G1 X120.000 Y170.000 E6487.39267 F7200
G1 X115.000 Y170.000 E6487.56728 F7200
G1 X110.000 Y170.000 E6487.74190 F7200
G1 X105.000 Y170.000 E6487.91651 F7200
G1 X100.000 Y170.000 E6488.09113 F7200
G1 X95.000 Y170.000 E6488.26575 F7200
G1 X90.000 Y170.000 E6488.44036 F7200
G1 X85.000 Y170.000 E6488.61498 F7200
G1 X80.000 Y170.000 E6488.78959 F7200
G1 X75.000 Y170.000 E6488.96421 F7200
G1 X70.000 Y170.000 E6489.13882 F7200
G1 X65.000 Y170.000 E6489.31344 F7200
G1 X60.000 Y170.000 E6489.48806 F7200
G1 X55.000 Y170.000 E6489.66267 F7200
G1 X50.000 Y170.000 E6489.83729 F7200
G1 X50.000 Y165.000 E6490.01190 F7200
G1 X50.000 Y160.000 E6490.18652 F7200
G1 X50.000 Y155.000 E6490.36113 F7200
G1 X50.000 Y150.000 E6490.53575 F7200
G1 X50.000 Y145.000 E6490.71037 F7200
G1 X50.000 Y140.000 E6490.88498 F7200
G1 X50.000 Y135.000 E6491.05960 F7200
G1 X50.000 Y130.000 E6491.23421 F7200
G1 X50.000 Y125.000 E6491.40883 F7200
G1 X50.000 Y120.000 E6491.58344 F7200
G1 X50.000 Y115.000 E6491.75806 F7200
G1 X50.000 Y110.000 E6491.93268 F7200
G1 X50.000 Y105.000 E6492.10729 F7200
G1 X50.000 Y100.000 E6492.28191 F7200
G1 X50.000 Y95.000 E6492.45652 F7200
G1 X50.000 Y90.000 E6492.63114 F7200
G1 X50.000 Y85.000 E6492.80575 F7200
G1 X50.000 Y80.000 E6492.98037 F7200
G1 X50.000 Y75.000 E6493.15499 F7200
G1 X50.000 Y70.000 E6493.32960 F7200
G1 X50.000 Y65.000 E6493.50422 F7200
G1 X50.000 Y60.000 E6493.67883 F7200
G1 X50.000 Y55.000 E6493.85345 F7200
G1 X50.000 Y50.000 E6494.02806 F7200
;TYPE:Sparse infill
G1 X51.000 Y51.000 F12000
G1 X169.000 Y51.000 E6498.14899 F15000
G1 X169.000 Y56.000 F12000
G1 X51.000 Y56.000 E6502.26993 F15000
G1 X51.000 Y61.000 F12000
G1 X169.000 Y61.000 E6506.39086 F15000
G1 X169.000 Y66.000 F12000
G1 X51.000 Y66.000 E6510.51179 F15000
G1 X51.000 Y71.000 F12000
G1 X169.000 Y71.000 E6514.63272 F15000
G1 X169.000 Y76.000 F12000
G1 X51.000 Y76.000 E6518.75365 F15000
G1 X51.000 Y81.000 F12000
G1 X169.000 Y81.000 E6522.87458 F15000
G1 X169.000 Y86.000 F12000
G1 X51.000 Y86.000 E6526.99551 F15000
G1 X51.000 Y91.000 F12000
G1 X169.000 Y91.000 E6531.11644 F15000
G1 X169.000 Y96.000 F12000
G1 X51.000 Y96.000 E6535.23737 F15000
G1 X51.000 Y101.000 F12000
G1 X169.000 Y101.000 E6539.35830 F15000
G1 X169.000 Y106.000 F12000
G1 X51.000 Y106.000 E6543.47923 F15000
G1 X51.000 Y111.000 F12000
G1 X169.000 Y111.000 E6547.60016 F15000
G1 X169.000 Y116.000 F12000
G1 X51.000 Y116.000 E6551.72109 F15000
G1 X51.000 Y121.000 F12000
G1 X169.000 Y121.000 E6555.84202 F15000
G1 X169.000 Y126.000 F12000
G1 X51.000 Y126.000 E6559.96296 F15000
G1 X51.000 Y131.000 F12000
G1 X169.000 Y131.000 E6564.08389 F15000
G1 X169.000 Y136.000 F12000
G1 X51.000 Y136.000 E6568.20482 F15000
G1 X51.000 Y141.000 F12000
G1 X169.000 Y141.000 E6572.32575 F15000
G1 X169.000 Y146.000 F12000
G1 X51.000 Y146.000 E6576.44668 F15000
G1 X51.000 Y151.000 F12000
G1 X169.000 Y151.000 E6580.56761 F15000
G1 X169.000 Y156.000 F12000
G1 X51.000 Y156.000 E6584.68854 F15000
G1 X51.000 Y161.000 F12000
G1 X169.000 Y161.000 E6588.80947 F15000
G1 X169.000 Y166.000 F12000
G1 X51.000 Y166.000 E6592.93040 F15000
;LAYER_CHANGE
;Z:11.600
G1 Z11.600 F600
;TYPE:Outer wall
G1 X50.000 Y50.000 F7200
G1 X55.000 Y50.000 E6593.10502 F7200
G1 X60.000 Y50.000 E6593.27963 F7200
G1 X65.000 Y50.000 E6593.45425 F7200
G1 X70.000 Y50.000 E6593.62886 F7200
G1 X75.000 Y50.000 E6593.80348 F7200
G1 X80.000 Y50.000 E6593.97810 F7200
G1 X85.000 Y50.000 E6594.15271 F7200
G1 X90.000 Y50.000 E6594.32733 F7200
G1 X95.000 Y50.000 E6594.50194 F7200
G1 X100.000 Y50.000 E6594.67656 F7200
G1 X105.000 Y50.000 E6594.85117 F7200
G1 X110.000 Y50.000 E6595.02579 F7200
G1 X115.000 Y50.000 E6595.20041 F7200
G1 X120.000 Y50.000 E6595.37502 F7200
G1 X125.000 Y50.000 E6595.54964 F7200
G1 X130.000 Y50.000 E6595.72425 F7200
G1 X135.000 Y50.000 E6595.89887 F7200
G1 X140.000 Y50.000 E6596.07348 F7200
G1 X145.000 Y50.000 E6596.24810 F7200
G1 X150.000 Y50.000 E6596.42272 F7200
G1 X155.000 Y50.000 E6596.59733 F7200
G1 X160.000 Y50.000 E6596.77195 F7200
G1 X165.000 Y50.000 E6596.94656 F7200
G1 X170.000 Y50.000 E6597.12118 F7200
G1 X170.000 Y55.000 E6597.29579 F7200
G1 X170.000 Y60.000 E6597.47041 F7200
G1 X170.000 Y65.000 E6597.64503 F7200
G1 X170.000 Y70.000 E6597.81964 F7200
G1 X170.000 Y75.000 E6597.99426 F7200
G1 X170.000 Y80.000 E6598.16887 F7200
G1 X170.000 Y85.000 E6598.34349 F7200
G1 X170.000 Y90.000 E6598.51810 F7200
G1 X170.000 Y95.000 E6598.69272 F7200
G1 X170.000 Y100.000 E6598.86734 F7200
G1 X170.000 Y105.000 E6599.04195 F7200
G1 X170.000 Y110.000 E6599.21657 F7200
G1 X170.000 Y115.000 E6599.39118 F7200
G1 X170.000 Y120.000 E6599.56580 F7200
G1 X170.000 Y125.000 E6599.74041 F7200
G1 X170.000 Y130.000 E6599.91503 F7200
G1 X170.000 Y135.000 E6600.08965 F7200
G1 X170.000 Y140.000 E6600.26426 F7200
G1 X170.000 Y145.000 E6600.43888 F7200
G1 X170.000 Y150.000 E6600.61349 F7200
G1 X170.000 Y155.000 E6600.78811 F7200
G1 X170.000 Y160.000 E6600.96272 F7200
G1 X170.000 Y165.000 E6601.13734 F7200
G1 X170.000 Y170.000 E6601.31196 F7200
G1 X165.000 Y170.000 E6601.48657 F7200
G1 X160.000 Y170.000 E6601.66119 F7200
G1 X155.000 Y170.000 E6601.83580 F7200
G1 X150.000 Y170.000 E6602.01042 F7200
G1 X145.000 Y170.000 E6602.18503 F7200
G1 X140.000 Y170.000 E6602.35965 F7200
G1 X135.000 Y170.000 E6602.53427 F7200
G1 X130.000 Y170.000 E6602.70888 F7200
G1 X125.000 Y170.000 E6602.88350 F7200
G1 X120.000 Y170.000 E6603.05811 F7200
G1 X115.000 Y170.000 E6603.23273 F7200
G1 X110.000 Y170.000 E6603.40734 F7200
G1 X105.000 Y170.000 E6603.58196 F7200
G1 X100.000 Y170.000 E6603.75658 F7200
G1 X95.000 Y170.000 E6603.93119 F7200
G1 X90.000 Y170.000 E6604.10581 F7200
G1 X85.000 Y170.000 E6604.28042 F7200
G1 X80.000 Y170.000 E6604.45504 F7200
G1 X75.000 Y170.000 E6604.62965 F7200
G1 X70.000 Y170.000 E6604.80427 F7200
G1 X65.000 Y170.000 E6604.97889 F7200
G1 X60.000 Y170.000 E6605.15350 F7200
G1 X55.000 Y170.000 E6605.32812 F7200
G1 X50.000 Y170.000 E6605.50273 F7200
G1 X50.000 Y165.000 E6605.67735 F7200
G1 X50.000 Y160.000 E6605.85196 F7200
G1 X50.000 Y155.000 E6606.02658 F7200
G1 X50.000 Y150.000 E6606.20120 F7200
G1 X50.000 Y145.000 E6606.37581 F7200
G1 X50.000 Y140.000 E6606.55043 F7200
G1 X50.000 Y135.000 E6606.72504 F7200
G1 X50.000 Y130.000 E6606.89966 F7200
G1 X50.000 Y125.000 E6607.07427 F7200
G1 X50.000 Y120.000 E6607.24889 F7200
G1 X50.000 Y115.000 E6607.42351 F7200
G1 X50.000 Y110.000 E6607.59812 F7200
G1 X50.000 Y105.000 E6607.77274 F7200
G1 X50.000 Y100.000 E6607.94735 F7200
G1 X50.000 Y95.000 E6608.12197 F7200
G1 X50.000 Y90.000 E6608.29658 F7200
G1 X50.000 Y85.000 E6608.47120 F7200
G1 X50.000 Y80.000 E6608.64582 F7200
G1 X50.000 Y75.000 E6608.82043 F7200
G1 X50.000 Y70.000 E6608.99505 F7200
G1 X50.000 Y65.000 E6609.16966 F7200
G1 X50.000 Y60.000 E6609.34428 F7200
G1 X50.000 Y55.000 E6609.51889 F7200
G1 X50.000 Y50.000 E6609.69351 F7200
;TYPE:Sparse infill
G1 X51.000 Y51.000 F12000
G1 X169.000 Y51.000 E6613.81444 F15000
G1 X169.000 Y56.000 F12000
G1 X51.000 Y56.000 E6617.93537 F15000
G1 X51.000 Y61.000 F12000
G1 X169.000 Y61.000 E6622.05630 F15000
G1 X169.000 Y66.000 F12000
G1 X51.000 Y66.000 E6626.17723 F15000
G1 X51.000 Y71.000 F12000
G1 X169.000 Y71.000 E6630.29816 F15000
G1 X169.000 Y76.000 F12000
G1 X51.000 Y76.000 E6634.41909 F15000
G1 X51.000 Y81.000 F12000
G1 X169.000 Y81.000 E6638.54002 F15000
G1 X169.000 Y86.000 F12000
G1 X51.000 Y86.000 E6642.66096 F15000
G1 X51.000 Y91.000 F12000
G1 X169.000 Y91.000 E6646.78189 F15000
G1 X169.000 Y96.000 F12000
G1 X51.000 Y96.000 E6650.90282 F15000
G1 X51.000 Y101.000 F12000
G1 X169.000 Y101.000 E6655.02375 F15000
G1 X169.000 Y106.000 F12000
G1 X51.000 Y106.000 E6659.14468 F15000
G1 X51.000 Y111.000 F12000
G1 X169.000 Y111.000 E6663.26561 F15000
G1 X169.000 Y116.000 F12000
G1 X51.000 Y116.000 E6667.38654 F15000
G1 X51.000 Y121.000 F12000
G1 X169.000 Y121.000 E6671.50747 F15000
G1 X169.000 Y126.000 F12000
G1 X51.000 Y126.000 E6675.62840 F15000
G1 X51.000 Y131.000 F12000
G1 X169.000 Y131.000 E6679.74933 F15000
G1 X169.000 Y136.000 F12000
G1 X51.000 Y136.000 E6683.87026 F15000
G1 X51.000 Y141.000 F12000
G1 X169.000 Y141.000 E6687.99119 F15000
G1 X169.000 Y146.000 F12000
G1 X51.000 Y146.000 E6692.11212 F15000
G1 X51.000 Y151.000 F12000
G1 X169.000 Y151.000 E6696.23305 F15000
G1 X169.000 Y156.000 F12000
G1 X51.000 Y156.000 E6700.35399 F15000
G1 X51.000 Y161.000 F12000
G1 X169.000 Y161.000 E6704.47492 F15000
G1 X169.000 Y166.000 F12000
G1 X51.000 Y166.000 E6708.59585 F15000
;LAYER_CHANGE
;Z:11.800
G1 Z11.800 F600
;TYPE:Outer wall
G1 X50.000 Y50.000 F7200
G1 X55.000 Y50.000 E6708.77046 F7200
G1 X60.000 Y50.000 E6708.94508 F7200
G1 X65.000 Y50.000 E6709.11969 F7200
G1 X70.000 Y50.000 E6709.29431 F7200
G1 X75.000 Y50.000 E6709.46893 F7200
G1 X80.000 Y50.000 E6709.64354 F7200
G1 X85.000 Y50.000 E6709.81816 F7200
G1 X90.000 Y50.000 E6709.99277 F7200
G1 X95.000 Y50.000 E6710.16739 F7200
G1 X100.000 Y50.000 E6710.34200 F7200
G1 X105.000 Y50.000 E6710.51662 F7200
G1 X110.000 Y50.000 E6710.69124 F7200
G1 X115.000 Y50.000 E6710.86585 F7200
G1 X120.000 Y50.000 E6711.04047 F7200
G1 X125.000 Y50.000 E6711.21508 F7200
G1 X130.000 Y50.000 E6711.38970 F7200
G1 X135.000 Y50.000 E6711.56431 F7200
G1 X140.000 Y50.000 E6711.73893 F7200
G1 X145.000 Y50.000 E6711.91355 F7200
G1 X150.000 Y50.000 E6712.08816 F7200
G1 X155.000 Y50.000 E6712.26278 F7200
G1 X160.000 Y50.000 E6712.43739 F7200
G1 X165.000 Y50.000 E6712.61201 F7200
G1 X170.000 Y50.000 E6712.78662 F7200
G1 X170.000 Y55.000 E6712.96124 F7200
G1 X170.000 Y60.000 E6713.13586 F7200
G1 X170.000 Y65.000 E6713.31047 F7200
G1 X170.000 Y70.000 E6713.48509 F7200
G1 X170.000 Y75.000 E6713.65970 F7200
G1 X170.000 Y80.000 E6713.83432 F7200
G1 X170.000 Y85.000 E6714.00893 F7200
G1 X170.000 Y90.000 E6714.18355 F7200
G1 X170.000 Y95.000 E6714.35817 F7200
G1 X170.000 Y100.000 E6714.53278 F7200
G1 X170.000 Y105.000 E6714.70740 F7200
G1 X170.000 Y110.000 E6714.88201 F7200
G1 X170.000 Y115.000 E6715.05663 F7200
G1 X170.000 Y120.000 E6715.23124 F7200
G1 X170.000 Y125.000 E6715.40586 F7200
G1 X170.000 Y130.000 E6715.58048 F7200
G1 X170.000 Y135.000 E6715.75509 F7200
G1 X170.000 Y140.000 E6715.92971 F7200
G1 X170.000 Y145.000 E6716.10432 F7200
G1 X170.000 Y150.000 E6716.27894 F7200
G1 X170.000 Y155.000 E6716.45355 F7200
G1 X170.000 Y160.000 E6716.62817 F7200
G1 X170.000 Y165.000 E6716.80279 F7200
G1 X170.000 Y170.000 E6716.97740 F7200
G1 X165.000 Y170.000 E6717.15202 F7200
G1 X160.000 Y170.000 E6717.32663 F7200
G1 X155.000 Y170.000 E6717.50125 F7200
G1 X150.000 Y170.000 E6717.67586 F7200
G1 X145.000 Y170.000 E6717.85048 F7200
G1 X140.000 Y170.000 E6718.02510 F7200
G1 X135.000 Y170.000 E6718.19971 F7200
G1 X130.000 Y170.000 E6718.37433 F7200
G1 X125.000 Y170.000 E6718.54894 F7200
G1 X120.000 Y170.000 E6718.72356 F7200
G1 X115.000 Y170.000 E6718.89817 F7200
G1 X110.000 Y170.000 E6719.07279 F7200
G1 X105.000 Y170.000 E6719.24741 F7200
G1 X100.000 Y170.000 E6719.42202 F7200
G1 X95.000 Y170.000 E6719.59664 F7200
G1 X90.000 Y170.000 E6719.77125 F7200
G1 X85.000 Y170.000 E6719.94587 F7200
G1 X80.000 Y170.000 E6720.12048 F7200
G1 X75.000 Y170.000 E6720.29510 F7200
G1 X70.000 Y170.000 E6720.46972 F7200
G1 X65.000 Y170.000 E6720.64433 F7200
G1 X60.000 Y170.000 E6720.81895 F7200
G1 X55.000 Y170.000 E6720.99356 F7200
G1 X50.000 Y170.000 E6721.16818 F7200
G1 X50.000 Y165.000 E6721.34279 F7200
G1 X50.000 Y160.000 E6721.51741 F7200
G1 X50.000 Y155.000 E6721.69203 F7200
G1 X50.000 Y150.000 E6721.86664 F7200
G1 X50.000 Y145.000 E6722.04126 F7200
G1 X50.000 Y140.000 E6722.21587 F7200
G1 X50.000 Y135.000 E6722.39049 F7200
G1 X50.000 Y130.000 E6722.56510 F7200
G1 X50.000 Y125.000 E6722.73972 F7200
G1 X50.000 Y120.000 E6722.91434 F7200
G1 X50.000 Y115.000 E6723.08895 F7200
G1 X50.000 Y110.000 E6723.26357 F7200
G1 X50.000 Y105.000 E6723.43818 F7200
G1 X50.000 Y100.000 E6723.61280 F7200
G1 X50.000 Y95.000 E6723.78741 F7200
G1 X50.000 Y90.000 E6723.96203 F7200
G1 X50.000 Y85.000 E6724.13665 F7200
G1 X50.000 Y80.000 E6724.31126 F7200
G1 X50.000 Y75.000 E6724.48588 F7200
G1 X50.000 Y70.000 E6724.66049 F7200
G1 X50.000 Y65.000 E6724.83511 F7200
G1 X50.000 Y60.000 E6725.00972 F7200
G1 X50.000 Y55.000 E6725.18434 F7200
G1 X50.000 Y50.000 E6725.35895 F7200
;TYPE:Sparse infill
G1 X51.000 Y51.000 F12000
G1 X169.000 Y51.000 E6729.47989 F15000
G1 X169.000 Y56.000 F12000
G1 X51.000 Y56.000 E6733.60082 F15000
G1 X51.000 Y61.000 F12000
G1 X169.000 Y61.000 E6737.72175 F15000
G1 X169.000 Y66.000 F12000
G1 X51.000 Y66.000 E6741.84268 F15000
G1 X51.000 Y71.000 F12000
G1 X169.000 Y71.000 E6745.96361 F15000
G1 X169.000 Y76.000 F12000
G1 X51.000 Y76.000 E6750.08454 F15000
G1 X51.000 Y81.000 F12000
G1 X169.000 Y81.000 E6754.20547 F15000
G1 X169.000 Y86.000 F12000
G1 X51.000 Y86.000 E6758.32640 F15000
G1 X51.000 Y91.000 F12000
G1 X169.000 Y91.000 E6762.44733 F15000
G1 X169.000 Y96.000 F12000
G1 X51.000 Y96.000 E6766.56826 F15000
G1 X51.000 Y101.000 F12000
G1 X169.000 Y101.000 E6770.68919 F15000
G1 X169.000 Y106.000 F12000
G1 X51.000 Y106.000 E6774.81012 F15000
G1 X51.000 Y111.000 F12000
G1 X169.000 Y111.000 E6778.93105 F15000
G1 X169.000 Y116.000 F12000
G1 X51.000 Y116.000 E6783.05199 F15000
G1 X51.000 Y121.000 F12000
G1 X169.000 Y121.000 E6787.17292 F15000
G1 X169.000 Y126.000 F12000
G1 X51.000 Y126.000 E6791.29385 F15000
G1 X51.000 Y131.000 F12000
G1 X169.000 Y131.000 E6795.41478 F15000
G1 X169.000 Y136.000 F12000
G1 X51.000 Y136.000 E6799.53571 F15000
G1 X51.000 Y141.000 F12000
G1 X169.000 Y141.000 E6803.65664 F15000
G1 X169.000 Y146.000 F12000
G1 X51.000 Y146.000 E6807.77757 F15000
G1 X51.000 Y151.000 F12000
G1 X169.000 Y151.000 E6811.89850 F15000
G1 X169.000 Y156.000 F12000
G1 X51.000 Y156.000 E6816.01943 F15000
G1 X51.000 Y161.000 F12000
G1 X169.000 Y161.000 E6820.14036 F15000
G1 X169.000 Y166.000 F12000
G1 X51.000 Y166.000 E6824.26129 F15000
;LAYER_CHANGE
;Z:12.000
G1 Z12.000 F600
;TYPE:Outer wall
G1 X50.000 Y50.000 F7200
G1 X55.000 Y50.000 E6824.43591 F7200
G1 X60.000 Y50.000 E6824.61052 F7200
G1 X65.000 Y50.000 E6824.78514 F7200
G1 X70.000 Y50.000 E6824.95976 F7200
G1 X75.000 Y50.000 E6825.13437 F7200
G1 X80.000 Y50.000 E6825.30899 F7200
G1 X85.000 Y50.000 E6825.48360 F7200
G1 X90.000 Y50.000 E6825.65822 F7200
G1 X95.000 Y50.000 E6825.83283 F7200
G1 X100.000 Y50.000 E6826.00745 F7200
G1 X105.000 Y50.000 E6826.18207 F7200
G1 X110.000 Y50.000 E6826.35668 F7200
G1 X115.000 Y50.000 E6826.53130 F7200
G1 X120.000 Y50.000 E6826.70591 F7200
G1 X125.000 Y50.000 E6826.88053 F7200
G1 X130.000 Y50.000 E6827.05514 F7200
G1 X135.000 Y50.000 E6827.22976 F7200
G1 X140.000 Y50.000 E6827.40438 F7200
G1 X145.000 Y50.000 E6827.57899 F7200
G1 X150.000 Y50.000 E6827.75361 F7200
G1 X155.000 Y50.000 E6827.92822 F7200
G1 X160.000 Y50.000 E6828.10284 F7200
G1 X165.000 Y50.000 E6828.27745 F7200
G1 X170.000 Y50.000 E6828.45207 F7200
G1 X170.000 Y55.000 E6828.62669 F7200
G1 X170.000 Y60.000 E6828.80130 F7200
G1 X170.000 Y65.000 E6828.97592 F7200
G1 X170.000 Y70.000 E6829.15053 F7200
G1 X170.000 Y75.000 E6829.32515 F7200
G1 X170.000 Y80.000 E6829.49976 F7200
G1 X170.000 Y85.000 E6829.67438 F7200
G1 X170.000 Y90.000 E6829.84900 F7200
G1 X170.000 Y95.000 E6830.02361 F7200
G1 X170.000 Y100.000 E6830.19823 F7200
G1 X170.000 Y105.000 E6830.37284 F7200
G1 X170.000 Y110.000 E6830.54746 F7200
G1 X170.000 Y115.000 E6830.72207 F7200
G1 X170.000 Y120.000 E6830.89669 F7200
G1 X170.000 Y125.000 E6831.07131 F7200
G1 X170.000 Y130.000 E6831.24592 F7200
G1 X170.000 Y135.000 E6831.42054 F7200
G1 X170.000 Y140.000 E6831.59515 F7200
G1 X170.000 Y145.000 E6831.76977 F7200
G1 X170.000 Y150.000 E6831.94438 F7200
G1 X170.000 Y155.000 E6832.11900 F7200
G1 X170.000 Y160.000 E6832.29362 F7200
G1 X170.000 Y165.000 E6832.46823 F7200
G1 X170.000 Y170.000 E6832.64285 F7200
G1 X165.000 Y170.000 E6832.81746 F7200
G1 X160.000 Y170.000 E6832.99208 F7200
G1 X155.000 Y170.000 E6833.16669 F7200
G1 X150.000 Y170.000 E6833.34131 F7200
G1 X145.000 Y170.000 E6833.51593 F7200
G1 X140.000 Y170.000 E6833.69054 F7200
G1 X135.000 Y170.000 E6833.86516 F7200
G1 X130.000 Y170.000 E6834.03977 F7200
G1 X125.000 Y170.000 E6834.21439 F7200
G1 X120.000 Y170.000 E6834.38900 F7200
G1 X115.000 Y170.000 E6834.56362 F7200
G1 X110.000 Y170.000 E6834.73824 F7200
G1 X105.000 Y170.000 E6834.91285 F7200
G1 X100.000 Y170.000 E6835.08747 F7200
G1 X95.000 Y170.000 E6835.26208 F7200
G1 X90.000 Y170.000 E6835.43670 F7200
G1 X85.000 Y170.000 E6835.61131 F7200
G1 X80.000 Y170.000 E6835.78593 F7200
G1 X75.000 Y170.000 E6835.96055 F7200
G1 X70.000 Y170.000 E6836.13516 F7200
G1 X65.000 Y170.000 E6836.30978 F7200
G1 X60.000 Y170.000 E6836.48439 F7200
G1 X55.000 Y170.000 E6836.65901 F7200
G1 X50.000 Y170.000 E6836.83362 F7200
G1 X50.000 Y165.000 E6837.00824 F7200
G1 X50.000 Y160.000 E6837.18286 F7200
G1 X50.000 Y155.000 E6837.35747 F7200
G1 X50.000 Y150.000 E6837.53209 F7200
G1 X50.000 Y145.000 E6837.70670 F7200
G1 X50.000 Y140.000 E6837.88132 F7200
G1 X50.000 Y135.000 E6838.05593 F7200
G1 X50.000 Y130.000 E6838.23055 F7200
G1 X50.000 Y125.000 E6838.40516 F7200
G1 X50.000 Y120.000 E6838.57978 F7200
G1 X50.000 Y115.000 E6838.75440 F7200
G1 X50.000 Y110.000 E6838.92901 F7200
G1 X50.000 Y105.000 E6839.10363 F7200
G1 X50.000 Y100.000 E6839.27824 F7200
G1 X50.000 Y95.000 E6839.45286 F7200
G1 X50.000 Y90.000 E6839.62747 F7200
G1 X50.000 Y85.000 E6839.80209 F7200
G1 X50.000 Y80.000 E6839.97671 F7200
G1 X50.000 Y75.000 E6840.15132 F7200
G1 X50.000 Y70.000 E6840.32594 F7200
G1 X50.000 Y65.000 E6840.50055 F7200
G1 X50.000 Y60.000 E6840.67517 F7200
G1 X50.000 Y55.000 E6840.84978 F7200
G1 X50.000 Y50.000 E6841.02440 F7200
;TYPE:Sparse infill
G1 X51.000 Y51.000 F12000
G1 X169.000 Y51.000 E6845.14533 F15000
G1 X169.000 Y56.000 F12000
G1 X51.000 Y56.000 E6849.26626 F15000
G1 X51.000 Y61.000 F12000
G1 X169.000 Y61.000 E6853.38719 F15000
G1 X169.000 Y66.000 F12000
G1 X51.000 Y66.000 E6857.50812 F15000
G1 X51.000 Y71.000 F12000
G1 X169.000 Y71.000 E6861.62905 F15000
G1 X169.000 Y76.000 F12000
G1 X51.000 Y76.000 E6865.74999 F15000
G1 X51.000 Y81.000 F12000
G1 X169.000 Y81.000 E6869.87092 F15000
G1 X169.000 Y86.000 F12000
G1 X51.000 Y86.000 E6873.99185 F15000
G1 X51.000 Y91.000 F12000
G1 X169.000 Y91.000 E6878.11278 F15000
G1 X169.000 Y96.000 F12000
G1 X51.000 Y96.000 E6882.23371 F15000
G1 X51.000 Y101.000 F12000
G1 X169.000 Y101.000 E6886.35464 F15000
G1 X169.000 Y106.000 F12000
G1 X51.000 Y106.000 E6890.47557 F15000
G1 X51.000 Y111.000 F12000
G1 X169.000 Y111.000 E6894.59650 F15000
G1 X169.000 Y116.000 F12000
G1 X51.000 Y116.000 E6898.71743 F15000
G1 X51.000 Y121.000 F12000
G1 X169.000 Y121.000 E6902.83836 F15000
G1 X169.000 Y126.000 F12000
G1 X51.000 Y126.000 E6906.95929 F15000
G1 X51.000 Y131.000 F12000
G1 X169.000 Y131.000 E6911.08022 F15000
G1 X169.000 Y136.000 F12000
G1 X51.000 Y136.000 E6915.20115 F15000
G1 X51.000 Y141.000 F12000
G1 X169.000 Y141.000 E6919.32208 F15000
G1 X169.000 Y146.000 F12000
G1 X51.000 Y146.000 E6923.44302 F15000
G1 X51.000 Y151.000 F12000
G1 X169.000 Y151.000 E6927.56395 F15000
G1 X169.000 Y156.000 F12000
G1 X51.000 Y156.000 E6931.68488 F15000
G1 X51.000 Y161.000 F12000
G1 X169.000 Y161.000 E6935.80581 F15000
G1 X169.000 Y166.000 F12000
G1 X51.000 Y166.000 E6939.92674 F15000
;LAYER_CHANGE
;Z:12.200
G1 Z12.200 F600
;TYPE:Outer wall
G1 X50.000 Y50.000 F7200
G1 X55.000 Y50.000 E6940.10135 F7200
G1 X60.000 Y50.000 E6940.27597 F7200
G1 X65.000 Y50.000 E6940.45059 F7200
G1 X70.000 Y50.000 E6940.62520 F7200
G1 X75.000 Y50.000 E6940.79982 F7200
G1 X80.000 Y50.000 E6940.97443 F7200
G1 X85.000 Y50.000 E6941.14905 F7200
G1 X90.000 Y50.000 E6941.32366 F7200
G1 X95.000 Y50.000 E6941.49828 F7200
G1 X100.000 Y50.000 E6941.67290 F7200
G1 X105.000 Y50.000 E6941.84751 F7200
G1 X110.000 Y50.000 E6942.02213 F7200
G1 X115.000 Y50.000 E6942.19674 F7200
G1 X120.000 Y50.000 E6942.37136 F7200
G1 X125.000 Y50.000 E6942.54597 F7200
G1 X130.000 Y50.000 E6942.72059 F7200
G1 X135.000 Y50.000 E6942.89521 F7200
G1 X140.000 Y50.000 E6943.06982 F7200
G1 X145.000 Y50.000 E6943.24444 F7200
G1 X150.000 Y50.000 E6943.41905 F7200
G1 X155.000 Y50.000 E6943.59367 F7200
G1 X160.000 Y50.000 E6943.76828 F7200
G1 X165.000 Y50.000 E6943.94290 F7200
G1 X170.000 Y50.000 E6944.11752 F7200
G1 X170.000 Y55.000 E6944.29213 F7200
G1 X170.000 Y60.000 E6944.46675 F7200
G1 X170.000 Y65.000 E6944.64136 F7200
G1 X170.000 Y70.000 E6944.81598 F7200
G1 X170.000 Y75.000 E6944.99059 F7200
G1 X170.000 Y80.000 E6945.16521 F7200
G1 X170.000 Y85.000 E6945.33983 F7200
G1 X170.000 Y90.000 E6945.51444 F7200
G1 X170.000 Y95.000 E6945.68906 F7200
G1 X170.000 Y100.000 E6945.86367 F7200
G1 X170.000 Y105.000 E6946.03829 F7200
G1 X170.000 Y110.000 E6946.21290 F7200
G1 X170.000 Y115.000 E6946.38752 F7200
G1 X170.000 Y120.000 E6946.56214 F7200
G1 X170.000 Y125.000 E6946.73675 F7200
G1 X170.000 Y130.000 E6946.91137 F7200
G1 X170.000 Y135.000 E6947.08598 F7200
G1 X170.000 Y140.000 E6947.26060 F7200
G1 X170.000 Y145.000 E6947.43521 F7200
G1 X170.000 Y150.000 E6947.60983 F7200
G1 X170.000 Y155.000 E6947.78445 F7200
G1 X170.000 Y160.000 E6947.95906 F7200
G1 X170.000 Y165.000 E6948.13368 F7200
G1 X170.000 Y170.000 E6948.30829 F7200
G1 X165.000 Y170.000 E6948.48291 F7200
G1 X160.000 Y170.000 E6948.65752 F7200
G1 X155.000 Y170.000 E6948.83214 F7200
G1 X150.000 Y170.000 E6949.00676 F7200
G1 X145.000 Y170.000 E6949.18137 F7200
G1 X140.000 Y170.000 E6949.35599 F7200
G1 X135.000 Y170.000 E6949.53060 F7200
G1 X130.000 Y170.000 E6949.70522 F7200
G1 X125.000 Y170.000 E6949.87983 F7200
G1 X120.000 Y170.000 E6950.05445 F7200
G1 X115.000 Y170.000 E6950.22907 F7200
G1 X110.000 Y170.000 E6950.40368 F7200
G1 X105.000 Y170.000 E6950.57830 F7200
G1 X100.000 Y170.000 E6950.75291 F7200
G1 X95.000 Y170.000 E6950.92753 F7200
G1 X90.000 Y170.000 E6951.10214 F7200
G1 X85.000 Y170.000 E6951.27676 F7200
G1 X80.000 Y170.000 E6951.45137 F7200
G1 X75.000 Y170.000 E6951.62599 F7200
G1 X70.000 Y170.000 E6951.80061 F7200
G1 X65.000 Y170.000 E6951.97522 F7200
G1 X60.000 Y170.000 E6952.14984 F7200
G1 X55.000 Y170.000 E6952.32445 F7200
G1 X50.000 Y170.000 E6952.49907 F7200
G1 X50.000 Y165.000 E6952.67368 F7200
G1 X50.000 Y160.000 E6952.84830 F7200
G1 X50.000 Y155.000 E6953.02292 F7200
G1 X50.000 Y150.000 E6953.19753 F7200
G1 X50.000 Y145.000 E6953.37215 F7200
G1 X50.000 Y140.000 E6953.54676 F7200
G1 X50.000 Y135.000 E6953.72138 F7200
G1 X50.000 Y130.000 E6953.89599 F7200
G1 X50.000 Y125.000 E6954.07061 F7200
G1 X50.000 Y120.000 E6954.24523 F7200
G1 X50.000 Y115.000 E6954.41984 F7200
G1 X50.000 Y110.000 E6954.59446 F7200
G1 X50.000 Y105.000 E6954.76907 F7200
G1 X50.000 Y100.000 E6954.94369 F7200
G1 X50.000 Y95.000 E6955.11830 F7200
G1 X50.000 Y90.000 E6955.29292 F7200
G1 X50.000 Y85.000 E6955.46754 F7200
G1 X50.000 Y80.000 E6955.64215 F7200
G1 X50.000 Y75.000 E6955.81677 F7200
G1 X50.000 Y70.000 E6955.99138 F7200
G1 X50.000 Y65.000 E6956.16600 F7200
G1 X50.000 Y60.000 E6956.34061 F7200
G1 X50.000 Y55.000 E6956.51523 F7200
G1 X50.000 Y50.000 E6956.68985 F7200
;TYPE:Sparse infill
G1 X51.000 Y51.000 F12000
G1 X169.000 Y51.000 E6960.81078 F15000
G1 X169.000 Y56.000 F12000
G1 X51.000 Y56.000 E6964.93171 F15000
G1 X51.000 Y61.000 F12000
G1 X169.000 Y61.000 E6969.05264 F15000
G1 X169.000 Y66.000 F12000
G1 X51.000 Y66.000 E6973.17357 F15000
G1 X51.000 Y71.000 F12000
G1 X169.000 Y71.000 E6977.29450 F15000
G1 X169.000 Y76.000 F12000
G1 X51.000 Y76.000 E6981.41543 F15000
G1 X51.000 Y81.000 F12000
G1 X169.000 Y81.000 E6985.53636 F15000
G1 X169.000 Y86.000 F12000
G1 X51.000 Y86.000 E6989.65729 F15000
G1 X51.000 Y91.000 F12000
G1 X169.000 Y91.000 E6993.77822 F15000
G1 X169.000 Y96.000 F12000
G1 X51.000 Y96.000 E6997.89915 F15000
G1 X51.000 Y101.000 F12000
G1 X169.000 Y101.000 E7002.02008 F15000
G1 X169.000 Y106.000 F12000
G1 X51.000 Y106.000 E7006.14102 F15000
G1 X51.000 Y111.000 F12000
G1 X169.000 Y111.000 E7010.26195 F15000
G1 X169.000 Y116.000 F12000
G1 X51.000 Y116.000 E7014.38288 F15000
G1 X51.000 Y121.000 F12000
G1 X169.000 Y121.000 E7018.50381 F15000
G1 X169.000 Y126.000 F12000
G1 X51.000 Y126.000 E7022.62474 F15000
G1 X51.000 Y131.000 F12000
G1 X169.000 Y131.000 E7026.74567 F15000
G1 X169.000 Y136.000 F12000
G1 X51.000 Y136.000 E7030.86660 F15000
G1 X51.000 Y141.000 F12000
G1 X169.000 Y141.000 E7034.98753 F15000
G1 X169.000 Y146.000 F12000
G1 X51.000 Y146.000 E7039.10846 F15000
G1 X51.000 Y151.000 F12000
G1 X169.000 Y151.000 E7043.22939 F15000
G1 X169.000 Y156.000 F12000
G1 X51.000 Y156.000 E7047.35032 F15000
G1 X51.000 Y161.000 F12000
G1 X169.000 Y161.000 E7051.47125 F15000
G1 X169.000 Y166.000 F12000
G1 X51.000 Y166.000 E7055.59218 F15000
;LAYER_CHANGE
;Z:12.400
G1 Z12.400 F600
;TYPE:Outer wall
G1 X50.000 Y50.000 F7200
G1 X55.000 Y50.000 E7055.76680 F7200
G1 X60.000 Y50.000 E7055.94142 F7200
G1 X65.000 Y50.000 E7056.11603 F7200
G1 X70.000 Y50.000 E7056.29065 F7200
G1 X75.000 Y50.000 E7056.46526 F7200
G1 X80.000 Y50.000 E7056.63988 F7200
G1 X85.000 Y50.000 E7056.81449 F7200
G1 X90.000 Y50.000 E7056.98911 F7200
G1 X95.000 Y50.000 E7057.16373 F7200
G1 X100.000 Y50.000 E7057.33834 F7200
G1 X105.000 Y50.000 E7057.51296 F7200
G1 X110.000 Y50.000 E7057.68757 F7200
G1 X115.000 Y50.000 E7057.86219 F7200
G1 X120.000 Y50.000 E7058.03680 F7200
G1 X125.000 Y50.000 E7058.21142 F7200
G1 X130.000 Y50.000 E7058.38604 F7200
G1 X135.000 Y50.000 E7058.56065 F7200
G1 X140.000 Y50.000 E7058.73527 F7200
G1 X145.000 Y50.000 E7058.90988 F7200
G1 X150.000 Y50.000 E7059.08450 F7200
G1 X155.000 Y50.000 E7059.25911 F7200
G1 X160.000 Y50.000 E7059.43373 F7200
G1 X165.000 Y50.000 E7059.60835 F7200
G1 X170.000 Y50.000 E7059.78296 F7200
G1 X170.000 Y55.000 E7059.95758 F7200
G1 X170.000 Y60.000 E7060.13219 F7200
G1 X170.000 Y65.000 E7060.30681 F7200
G1 X170.000 Y70.000 E7060.48142 F7200
G1 X170.000 Y75.000 E7060.65604 F7200
G1 X170.000 Y80.000 E7060.83066 F7200
G1 X170.000 Y85.000 E7061.00527 F7200
G1 X170.000 Y90.000 E7061.17989 F7200
G1 X170.000 Y95.000 E7061.35450 F7200
G1 X170.000 Y100.000 E7061.52912 F7200
G1 X170.000 Y105.000 E7061.70373 F7200
G1 X170.000 Y110.000 E7061.87835 F7200
G1 X170.000 Y115.000 E7062.05297 F7200
G1 X170.000 Y120.000 E7062.22758 F7200
G1 X170.000 Y125.000 E7062.40220 F7200
G1 X170.000 Y130.000 E7062.57681 F7200
G1 X170.000 Y135.000 E7062.75143 F7200
G1 X170.000 Y140.000 E7062.92604 F7200
G1 X170.000 Y145.000 E7063.10066 F7200
G1 X170.000 Y150.000 E7063.27528 F7200
G1 X170.000 Y155.000 E7063.44989 F7200
G1 X170.000 Y160.000 E7063.62451 F7200
G1 X170.000 Y165.000 E7063.79912 F7200
G1 X170.000 Y170.000 E7063.97374 F7200
G1 X165.000 Y170.000 E7064.14835 F7200
G1 X160.000 Y170.000 E7064.32297 F7200
G1 X155.000 Y170.000 E7064.49758 F7200
G1 X150.000 Y170.000 E7064.67220 F7200
G1 X145.000 Y170.000 E7064.84682 F7200
G1 X140.000 Y170.000 E7065.02143 F7200
G1 X135.000 Y170.000 E7065.19605 F7200
G1 X130.000 Y170.000 E7065.37066 F7200
G1 X125.000 Y170.000 E7065.54528 F7200
G1 X120.000 Y170.000 E7065.71989 F7200
G1 X115.000 Y170.000 E7065.89451 F7200
G1 X110.000 Y170.000 E7066.06913 F7200
G1 X105.000 Y170.000 E7066.24374 F7200
G1 X100.000 Y170.000 E7066.41836 F7200
G1 X95.000 Y170.000 E7066.59297 F7200
G1 X90.000 Y170.000 E7066.76759 F7200
G1 X85.000 Y170.000 E7066.94220 F7200
G1 X80.000 Y170.000 E7067.11682 F7200
G1 X75.000 Y170.000 E7067.29144 F7200
G1 X70.000 Y170.000 E7067.46605 F7200
G1 X65.000 Y170.000 E7067.64067 F7200
G1 X60.000 Y170.000 E7067.81528 F7200
G1 X55.000 Y170.000 E7067.98990 F7200
G1 X50.000 Y170.000 E7068.16451 F7200
G1 X50.000 Y165.000 E7068.33913 F7200
G1 X50.000 Y160.000 E7068.51375 F7200
G1 X50.000 Y155.000 E7068.68836 F7200
G1 X50.000 Y150.000 E7068.86298 F7200
G1 X50.000 Y145.000 E7069.03759 F7200
G1 X50.000 Y140.000 E7069.21221 F7200
G1 X50.000 Y135.000 E7069.38682 F7200
G1 X50.000 Y130.000 E7069.56144 F7200
G1 X50.000 Y125.000 E7069.73606 F7200
G1 X50.000 Y120.000 E7069.91067 F7200
G1 X50.000 Y115.000 E7070.08529 F7200
G1 X50.000 Y110.000 E7070.25990 F7200
G1 X50.000 Y105.000 E7070.43452 F7200
G1 X50.000 Y100.000 E7070.60913 F7200
G1 X50.000 Y95.000 E7070.78375 F7200
G1 X50.000 Y90.000 E7070.95837 F7200
G1 X50.000 Y85.000 E7071.13298 F7200
G1 X50.000 Y80.000 E7071.30760 F7200
G1 X50.000 Y75.000 E7071.48221 F7200
G1 X50.000 Y70.000 E7071.65683 F7200
G1 X50.000 Y65.000 E7071.83144 F7200
G1 X50.000 Y60.000 E7072.00606 F7200
G1 X50.000 Y55.000 E7072.18068 F7200
G1 X50.000 Y50.000 E7072.35529 F7200
;TYPE:Sparse infill
G1 X51.000 Y51.000 F12000
G1 X169.000 Y51.000 E7076.47622 F15000
G1 X169.000 Y56.000 F12000
G1 X51.000 Y56.000 E7080.59715 F15000
G1 X51.000 Y61.000 F12000
G1 X169.000 Y61.000 E7084.71808 F15000
G1 X169.000 Y66.000 F12000
G1 X51.000 Y66.000 E7088.83901 F15000
G1 X51.000 Y71.000 F12000
G1 X169.000 Y71.000 E7092.95995 F15000
G1 X169.000 Y76.000 F12000
G1 X51.000 Y76.000 E7097.08088 F15000
G1 X51.000 Y81.000 F12000
G1 X169.000 Y81.000 E7101.20181 F15000
G1 X169.000 Y86.000 F12000
G1 X51.000 Y86.000 E7105.32274 F15000
G1 X51.000 Y91.000 F12000
G1 X169.000 Y91.000 E7109.44367 F15000
G1 X169.000 Y96.000 F12000
G1 X51.000 Y96.000 E7113.56460 F15000
G1 X51.000 Y101.000 F12000
G1 X169.000 Y101.000 E7117.68553 F15000
G1 X169.000 Y106.000 F12000
G1 X51.000 Y106.000 E7121.80646 F15000
G1 X51.000 Y111.000 F12000
G1 X169.000 Y111.000 E7125.92739 F15000
G1 X169.000 Y116.000 F12000
G1 X51.000 Y116.000 E7130.04832 F15000
G1 X51.000 Y121.000 F12000
G1 X169.000 Y121.000 E7134.16925 F15000
G1 X169.000 Y126.000 F12000
G1 X51.000 Y126.000 E7138.29018 F15000
G1 X51.000 Y131.000 F12000
G1 X169.000 Y131.000 E7142.41111 F15000
G1 X169.000 Y136.000 F12000
G1 X51.000 Y136.000 E7146.53205 F15000
G1 X51.000 Y141.000 F12000
G1 X169.000 Y141.000 E7150.65298 F15000
G1 X169.000 Y146.000 F12000
G1 X51.000 Y146.000 E7154.77391 F15000
G1 X51.000 Y151.000 F12000
G1 X169.000 Y151.000 E7158.89484 F15000
G1 X169.000 Y156.000 F12000
G1 X51.000 Y156.000 E7163.01577 F15000
G1 X51.000 Y161.000 F12000
G1 X169.000 Y161.000 E7167.13670 F15000
G1 X169.000 Y166.000 F12000
G1 X51.000 Y166.000 E7171.25763 F15000
;LAYER_CHANGE
;Z:12.600
G1 Z12.600 F600
;TYPE:Outer wall
G1 X50.000 Y50.000 F7200
G1 X55.000 Y50.000 E7171.43225 F7200
G1 X60.000 Y50.000 E7171.60686 F7200
G1 X65.000 Y50.000 E7171.78148 F7200
G1 X70.000 Y50.000 E7171.95609 F7200
G1 X75.000 Y50.000 E7172.13071 F7200
G1 X80.000 Y50.000 E7172.30532 F7200
G1 X85.000 Y50.000 E7172.47994 F7200
G1 X90.000 Y50.000 E7172.65456 F7200
G1 X95.000 Y50.000 E7172.82917 F7200
G1 X100.000 Y50.000 E7173.00379 F7200
G1 X105.000 Y50.000 E7173.17840 F7200
G1 X110.000 Y50.000 E7173.35302 F7200
G1 X115.000 Y50.000 E7173.52763 F7200
G1 X120.000 Y50.000 E7173.70225 F7200
G1 X125.000 Y50.000 E7173.87687 F7200
G1 X130.000 Y50.000 E7174.05148 F7200
G1 X135.000 Y50.000 E7174.22610 F7200
G1 X140.000 Y50.000 E7174.40071 F7200
G1 X145.000 Y50.000 E7174.57533 F7200
G1 X150.000 Y50.000 E7174.74994 F7200
G1 X155.000 Y50.000 E7174.92456 F7200
G1 X160.000 Y50.000 E7175.09918 F7200
G1 X165.000 Y50.000 E7175.27379 F7200
G1 X170.000 Y50.000 E7175.44841 F7200
G1 X170.000 Y55.000 E7175.62302 F7200
G1 X170.000 Y60.000 E7175.79764 F7200
G1 X170.000 Y65.000 E7175.97225 F7200
G1 X170.000 Y70.000 E7176.14687 F7200
G1 X170.000 Y75.000 E7176.32149 F7200
G1 X170.000 Y80.000 E7176.49610 F7200
G1 X170.000 Y85.000 E7176.67072 F7200
G1 X170.000 Y90.000 E7176.84533 F7200
G1 X170.000 Y95.000 E7177.01995 F7200
G1 X170.000 Y100.000 E7177.19456 F7200
G1 X170.000 Y105.000 E7177.36918 F7200
G1 X170.000 Y110.000 E7177.54379 F7200
G1 X170.000 Y115.000 E7177.71841 F7200
G1 X170.000 Y120.000 E7177.89303 F7200
G1 X170.000 Y125.000 E7178.06764 F7200
G1 X170.000 Y130.000 E7178.24226 F7200
G1 X170.000 Y135.000 E7178.41687 F7200
G1 X170.000 Y140.000 E7178.59149 F7200
G1 X170.000 Y145.000 E7178.76610 F7200
G1 X170.000 Y150.000 E7178.94072 F7200
G1 X170.000 Y155.000 E7179.11534 F7200
G1 X170.000 Y160.000 E7179.28995 F7200
G1 X170.000 Y165.000 E7179.46457 F7200
G1 X170.000 Y170.000 E7179.63918 F7200
G1 X165.000 Y170.000 E7179.81380 F7200
G1 X160.000 Y170.000 E7179.98841 F7200
G1 X155.000 Y170.000 E7180.16303 F7200
G1 X150.000 Y170.000 E7180.33765 F7200
G1 X145.000 Y170.000 E7180.51226 F7200
G1 X140.000 Y170.000 E7180.68688 F7200
G1 X135.000 Y170.000 E7180.86149 F7200
G1 X130.000 Y170.000 E7181.03611 F7200
G1 X125.000 Y170.000 E7181.21072 F7200
G1 X120.000 Y170.000 E7181.38534 F7200
G1 X115.000 Y170.000 E7181.55996 F7200
G1 X110.000 Y170.000 E7181.73457 F7200
G1 X105.000 Y170.000 E7181.90919 F7200
G1 X100.000 Y170.000 E7182.08380 F7200
G1 X95.000 Y170.000 E7182.25842 F7200
G1 X90.000 Y170.000 E7182.43303 F7200
G1 X85.000 Y170.000 E7182.60765 F7200
G1 X80.000 Y170.000 E7182.78227 F7200
G1 X75.000 Y170.000 E7182.95688 F7200
G1 X70.000 Y170.000 E7183.13150 F7200
G1 X65.000 Y170.000 E7183.30611 F7200
G1 X60.000 Y170.000 E7183.48073 F7200
G1 X55.000 Y170.000 E7183.65534 F7200
G1 X50.000 Y170.000 E7183.82996 F7200
G1 X50.000 Y165.000 E7184.00458 F7200
G1 X50.000 Y160.000 E7184.17919 F7200
G1 X50.000 Y155.000 E7184.35381 F7200
G1 X50.000 Y150.000 E7184.52842 F7200
G1 X50.000 Y145.000 E7184.70304 F7200
G1 X50.000 Y140.000 E7184.87765 F7200
G1 X50.000 Y135.000 E7185.05227 F7200
G1 X50.000 Y130.000 E7185.22689 F7200
G1 X50.000 Y125.000 E7185.40150 F7200
G1 X50.000 Y120.000 E7185.57612 F7200
G1 X50.000 Y115.000 E7185.75073 F7200
G1 X50.000 Y110.000 E7185.92535 F7200
G1 X50.000 Y105.000 E7186.09996 F7200
G1 X50.000 Y100.000 E7186.27458 F7200
G1 X50.000 Y95.000 E7186.44920 F7200
G1 X50.000 Y90.000 E7186.62381 F7200
G1 X50.000 Y85.000 E7186.79843 F7200
G1 X50.000 Y80.000 E7186.97304 F7200
G1 X50.000 Y75.000 E7187.14766 F7200
G1 X50.000 Y70.000 E7187.32227 F7200
G1 X50.000 Y65.000 E7187.49689 F7200
G1 X50.000 Y60.000 E7187.67151 F7200
G1 X50.000 Y55.000 E7187.84612 F7200
G1 X50.000 Y50.000 E7188.02074 F7200
;TYPE:Sparse infill
G1 X51.000 Y51.000 F12000
G1 X169.000 Y51.000 E7192.14167 F15000
G1 X169.000 Y56.000 F12000
G1 X51.000 Y56.000 E7196.26260 F15000
G1 X51.000 Y61.000 F12000
G1 X169.000 Y61.000 E7200.38353 F15000
G1 X169.000 Y66.000 F12000
G1 X51.000 Y66.000 E7204.50446 F15000
G1 X51.000 Y71.000 F12000
G1 X169.000 Y71.000 E7208.62539 F15000
G1 X169.000 Y76.000 F12000
G1 X51.000 Y76.000 E7212.74632 F15000
G1 X51.000 Y81.000 F12000
G1 X169.000 Y81.000 E7216.86725 F15000
G1 X169.000 Y86.000 F12000
G1 X51.000 Y86.000 E7220.98818 F15000
G1 X51.000 Y91.000 F12000
G1 X169.000 Y91.000 E7225.10911 F15000
G1 X169.000 Y96.000 F12000
G1 X51.000 Y96.000 E7229.23004 F15000
G1 X51.000 Y101.000 F12000
G1 X169.000 Y101.000 E7233.35098 F15000
G1 X169.000 Y106.000 F12000
G1 X51.000 Y106.000 E7237.47191 F15000
G1 X51.000 Y111.000 F12000
G1 X169.000 Y111.000 E7241.59284 F15000
G1 X169.000 Y116.000 F12000
G1 X51.000 Y116.000 E7245.71377 F15000
G1 X51.000 Y121.000 F12000
G1 X169.000 Y121.000 E7249.83470 F15000
G1 X169.000 Y126.000 F12000
G1 X51.000 Y126.000 E7253.95563 F15000
G1 X51.000 Y131.000 F12000
G1 X169.000 Y131.000 E7258.07656 F15000
G1 X169.000 Y136.000 F12000
G1 X51.000 Y136.000 E7262.19749 F15000
G1 X51.000 Y141.000 F12000
G1 X169.000 Y141.000 E7266.31842 F15000
G1 X169.000 Y146.000 F12000
G1 X51.000 Y146.000 E7270.43935 F15000
G1 X51.000 Y151.000 F12000
G1 X169.000 Y151.000 E7274.56028 F15000
G1 X169.000 Y156.000 F12000
G1 X51.000 Y156.000 E7278.68121 F15000
G1 X51.000 Y161.000 F12000
G1 X169.000 Y161.000 E7282.80214 F15000
G1 X169.000 Y166.000 F12000
G1 X51.000 Y166.000 E7286.92308 F15000
;LAYER_CHANGE
;Z:12.800
G1 Z12.800 F600
;TYPE:Outer wall
G1 X50.000 Y50.000 F7200
G1 X55.000 Y50.000 E7287.09769 F7200
G1 X60.000 Y50.000 E7287.27231 F7200
G1 X65.000 Y50.000 E7287.44692 F7200
G1 X70.000 Y50.000 E7287.62154 F7200
G1 X75.000 Y50.000 E7287.79615 F7200
G1 X80.000 Y50.000 E7287.97077 F7200
G1 X85.000 Y50.000 E7288.14539 F7200
G1 X90.000 Y50.000 E7288.32000 F7200
G1 X95.000 Y50.000 E7288.49462 F7200
G1 X100.000 Y50.000 E7288.66923 F7200
G1 X105.000 Y50.000 E7288.84385 F7200
G1 X110.000 Y50.000 E7289.01846 F7200
G1 X115.000 Y50.000 E7289.19308 F7200
G1 X120.000 Y50.000 E7289.36770 F7200
G1 X125.000 Y50.000 E7289.54231 F7200
G1 X130.000 Y50.000 E7289.71693 F7200
G1 X135.000 Y50.000 E7289.89154 F7200
G1 X140.000 Y50.000 E7290.06616 F7200
G1 X145.000 Y50.000 E7290.24077 F7200
G1 X150.000 Y50.000 E7290.41539 F7200
G1 X155.000 Y50.000 E7290.59000 F7200
G1 X160.000 Y50.000 E7290.76462 F7200
G1 X165.000 Y50.000 E7290.93924 F7200
G1 X170.000 Y50.000 E7291.11385 F7200
G1 X170.000 Y55.000 E7291.28847 F7200
G1 X170.000 Y60.000 E7291.46308 F7200
G1 X170.000 Y65.000 E7291.63770 F7200
G1 X170.000 Y70.000 E7291.81231 F7200
G1 X170.000 Y75.000 E7291.98693 F7200
G1 X170.000 Y80.000 E7292.16155 F7200
G1 X170.000 Y85.000 E7292.33616 F7200
G1 X170.000 Y90.000 E7292.51078 F7200
G1 X170.000 Y95.000 E7292.68539 F7200
G1 X170.000 Y100.000 E7292.86001 F7200
G1 X170.000 Y105.000 E7293.03462 F7200
G1 X170.000 Y110.000 E7293.20924 F7200
G1 X170.000 Y115.000 E7293.38386 F7200
G1 X170.000 Y120.000 E7293.55847 F7200
G1 X170.000 Y125.000 E7293.73309 F7200
G1 X170.000 Y130.000 E7293.90770 F7200
G1 X170.000 Y135.000 E7294.08232 F7200
G1 X170.000 Y140.000 E7294.25693 F7200
G1 X170.000 Y145.000 E7294.43155 F7200
G1 X170.000 Y150.000 E7294.60617 F7200
G1 X170.000 Y155.000 E7294.78078 F7200
G1 X170.000 Y160.000 E7294.95540 F7200
G1 X170.000 Y165.000 E7295.13001 F7200
G1 X170.000 Y170.000 E7295.30463 F7200
G1 X165.000 Y170.000 E7295.47924 F7200
G1 X160.000 Y170.000 E7295.65386 F7200
G1 X155.000 Y170.000 E7295.82848 F7200
G1 X150.000 Y170.000 E7296.00309 F7200
G1 X145.000 Y170.000 E7296.17771 F7200
G1 X140.000 Y170.000 E7296.35232 F7200
G1 X135.000 Y170.000 E7296.52694 F7200
G1 X130.000 Y170.000 E7296.70155 F7200
G1 X125.000 Y170.000 E7296.87617 F7200
G1 X120.000 Y170.000 E7297.05079 F7200
G1 X115.000 Y170.000 E7297.22540 F7200
G1 X110.000 Y170.000 E7297.40002 F7200
G1 X105.000 Y170.000 E7297.57463 F7200
G1 X100.000 Y170.000 E7297.74925 F7200
G1 X95.000 Y170.000 E7297.92386 F7200
G1 X90.000 Y170.000 E7298.09848 F7200
G1 X85.000 Y170.000 E7298.27310 F7200
G1 X80.000 Y170.000 E7298.44771 F7200
G1 X75.000 Y170.000 E7298.62233 F7200
G1 X70.000 Y170.000 E7298.79694 F7200
G1 X65.000 Y170.000 E7298.97156 F7200
G1 X60.000 Y170.000 E7299.14617 F7200
G1 X55.000 Y170.000 E7299.32079 F7200
G1 X50.000 Y170.000 E7299.49541 F7200
G1 X50.000 Y165.000 E7299.67002 F7200
G1 X50.000 Y160.000 E7299.84464 F7200
G1 X50.000 Y155.000 E7300.01925 F7200
G1 X50.000 Y150.000 E7300.19387 F7200
G1 X50.000 Y145.000 E7300.36848 F7200
G1 X50.000 Y140.000 E7300.54310 F7200
G1 X50.000 Y135.000 E7300.71772 F7200
G1 X50.000 Y130.000 E7300.89233 F7200
G1 X50.000 Y125.000 E7301.06695 F7200
G1 X50.000 Y120.000 E7301.24156 F7200
G1 X50.000 Y115.000 E7301.41618 F7200
G1 X50.000 Y110.000 E7301.59079 F7200
G1 X50.000 Y105.000 E7301.76541 F7200
G1 X50.000 Y100.000 E7301.94003 F7200
G1 X50.000 Y95.000 E7302.11464 F7200
G1 X50.000 Y90.000 E7302.28926 F7200
G1 X50.000 Y85.000 E7302.46387 F7200
G1 X50.000 Y80.000 E7302.63849 F7200
G1 X50.000 Y75.000 E7302.81310 F7200
G1 X50.000 Y70.000 E7302.98772 F7200
G1 X50.000 Y65.000 E7303.16234 F7200
G1 X50.000 Y60.000 E7303.33695 F7200
G1 X50.000 Y55.000 E7303.51157 F7200
G1 X50.000 Y50.000 E7303.68618 F7200
;TYPE:Sparse infill
G1 X51.000 Y51.000 F12000
G1 X169.000 Y51.000 E7307.80711 F15000
G1 X169.000 Y56.000 F12000
G1 X51.000 Y56.000 E7311.92804 F15000
G1 X51.000 Y61.000 F12000
G1 X169.000 Y61.000 E7316.04898 F15000
G1 X169.000 Y66.000 F12000
G1 X51.000 Y66.000 E7320.16991 F15000
G1 X51.000 Y71.000 F12000
G1 X169.000 Y71.000 E7324.29084 F15000
G1 X169.000 Y76.000 F12000
G1 X51.000 Y76.000 E7328.41177 F15000
G1 X51.000 Y81.000 F12000
G1 X169.000 Y81.000 E7332.53270 F15000
G1 X169.000 Y86.000 F12000
G1 X51.000 Y86.000 E7336.65363 F15000
G1 X51.000 Y91.000 F12000
G1 X169.000 Y91.000 E7340.77456 F15000
G1 X169.000 Y96.000 F12000
G1 X51.000 Y96.000 E7344.89549 F15000
G1 X51.000 Y101.000 F12000
G1 X169.000 Y101.000 E7349.01642 F15000
G1 X169.000 Y106.000 F12000
G1 X51.000 Y106.000 E7353.13735 F15000
G1 X51.000 Y111.000 F12000
G1 X169.000 Y111.000 E7357.25828 F15000
G1 X169.000 Y116.000 F12000
G1 X51.000 Y116.000 E7361.37921 F15000
G1 X51.000 Y121.000 F12000
G1 X169.000 Y121.000 E7365.50014 F15000
G1 X169.000 Y126.000 F12000
G1 X51.000 Y126.000 E7369.62107 F15000
G1 X51.000 Y131.000 F12000
G1 X169.000 Y131.000 E7373.74201 F15000
G1 X169.000 Y136.000 F12000
G1 X51.000 Y136.000 E7377.86294 F15000
G1 X51.000 Y141.000 F12000
G1 X169.000 Y141.000 E7381.98387 F15000
G1 X169.000 Y146.000 F12000
G1 X51.000 Y146.000 E7386.10480 F15000
G1 X51.000 Y151.000 F12000
G1 X169.000 Y151.000 E7390.22573 F15000
G1 X169.000 Y156.000 F12000
G1 X51.000 Y156.000 E7394.34666 F15000
G1 X51.000 Y161.000 F12000
G1 X169.000 Y161.000 E7398.46759 F15000
G1 X169.000 Y166.000 F12000
G1 X51.000 Y166.000 E7402.58852 F15000
;LAYER_CHANGE
;Z:13.000
G1 Z13.000 F600
;TYPE:Outer wall
G1 X50.000 Y50.000 F7200
G1 X55.000 Y50.000 E7402.76314 F7200
G1 X60.000 Y50.000 E7402.93775 F7200
G1 X65.000 Y50.000 E7403.11237 F7200
G1 X70.000 Y50.000 E7403.28698 F7200
G1 X75.000 Y50.000 E7403.46160 F7200
G1 X80.000 Y50.000 E7403.63621 F7200
G1 X85.000 Y50.000 E7403.81083 F7200
G1 X90.000 Y50.000 E7403.98545 F7200
G1 X95.000 Y50.000 E7404.16006 F7200
G1 X100.000 Y50.000 E7404.33468 F7200
G1 X105.000 Y50.000 E7404.50929 F7200
G1 X110.000 Y50.000 E7404.68391 F7200
G1 X115.000 Y50.000 E7404.85852 F7200
G1 X120.000 Y50.000 E7405.03314 F7200
G1 X125.000 Y50.000 E7405.20776 F7200
G1 X130.000 Y50.000 E7405.38237 F7200
G1 X135.000 Y50.000 E7405.55699 F7200
G1 X140.000 Y50.000 E7405.73160 F7200
G1 X145.000 Y50.000 E7405.90622 F7200
G1 X150.000 Y50.000 E7406.08083 F7200
G1 X155.000 Y50.000 E7406.25545 F7200
G1 X160.000 Y50.000 E7406.43007 F7200
G1 X165.000 Y50.000 E7406.60468 F7200
G1 X170.000 Y50.000 E7406.77930 F7200
G1 X170.000 Y55.000 E7406.95391 F7200
G1 X170.000 Y60.000 E7407.12853 F7200
G1 X170.000 Y65.000 E7407.30314 F7200
G1 X170.000 Y70.000 E7407.47776 F7200
G1 X170.000 Y75.000 E7407.65238 F7200
G1 X170.000 Y80.000 E7407.82699 F7200
G1 X170.000 Y85.000 E7408.00161 F7200
G1 X170.000 Y90.000 E7408.17622 F7200
G1 X170.000 Y95.000 E7408.35084 F7200
G1 X170.000 Y100.000 E7408.52545 F7200
G1 X170.000 Y105.000 E7408.70007 F7200
G1 X170.000 Y110.000 E7408.87469 F7200
G1 X170.000 Y115.000 E7409.04930 F7200
G1 X170.000 Y120.000 E7409.22392 F7200
G1 X170.000 Y125.000 E7409.39853 F7200
G1 X170.000 Y130.000 E7409.57315 F7200
G1 X170.000 Y135.000 E7409.74776 F7200
G1 X170.000 Y140.000 E7409.92238 F7200
G1 X170.000 Y145.000 E7410.09700 F7200
G1 X170.000 Y150.000 E7410.27161 F7200
G1 X170.000 Y155.000 E7410.44623 F7200
G1 X170.000 Y160.000 E7410.62084 F7200
G1 X170.000 Y165.000 E7410.79546 F7200
G1 X170.000 Y170.000 E7410.97007 F7200
G1 X165.000 Y170.000 E7411.14469 F7200
G1 X160.000 Y170.000 E7411.31931 F7200
G1 X155.000 Y170.000 E7411.49392 F7200
G1 X150.000 Y170.000 E7411.66854 F7200
G1 X145.000 Y170.000 E7411.84315 F7200
G1 X140.000 Y170.000 E7412.01777 F7200
G1 X135.000 Y170.000 E7412.19238 F7200
G1 X130.000 Y170.000 E7412.36700 F7200
G1 X125.000 Y170.000 E7412.54162 F7200
G1 X120.000 Y170.000 E7412.71623 F7200
G1 X115.000 Y170.000 E7412.89085 F7200
G1 X110.000 Y170.000 E7413.06546 F7200
G1 X105.000 Y170.000 E7413.24008 F7200
G1 X100.000 Y170.000 E7413.41469 F7200
G1 X95.000 Y170.000 E7413.58931 F7200
G1 X90.000 Y170.000 E7413.76393 F7200
G1 X85.000 Y170.000 E7413.93854 F7200
G1 X80.000 Y170.000 E7414.11316 F7200
G1 X75.000 Y170.000 E7414.28777 F7200
G1 X70.000 Y170.000 E7414.46239 F7200
G1 X65.000 Y170.000 E7414.63700 F7200
G1 X60.000 Y170.000 E7414.81162 F7200
G1 X55.000 Y170.000 E7414.98624 F7200
G1 X50.000 Y170.000 E7415.16085 F7200
G1 X50.000 Y165.000 E7415.33547 F7200
G1 X50.000 Y160.000 E7415.51008 F7200
G1 X50.000 Y155.000 E7415.68470 F7200
G1 X50.000 Y150.000 E7415.85931 F7200
G1 X50.000 Y145.000 E7416.03393 F7200
G1 X50.000 Y140.000 E7416.20855 F7200
G1 X50.000 Y135.000 E7416.38316 F7200
G1 X50.000 Y130.000 E7416.55778 F7200
G1 X50.000 Y125.000 E7416.73239 F7200
G1 X50.000 Y120.000 E7416.90701 F7200
G1 X50.000 Y115.000 E7417.08162 F7200
G1 X50.000 Y110.000 E7417.25624 F7200
G1 X50.000 Y105.000 E7417.43086 F7200
G1 X50.000 Y100.000 E7417.60547 F7200
G1 X50.000 Y95.000 E7417.78009 F7200
G1 X50.000 Y90.000 E7417.95470 F7200
G1 X50.000 Y85.000 E7418.12932 F7200
G1 X50.000 Y80.000 E7418.30393 F7200
G1 X50.000 Y75.000 E7418.47855 F7200
G1 X50.000 Y70.000 E7418.65317 F7200
G1 X50.000 Y65.000 E7418.82778 F7200
G1 X50.000 Y60.000 E7419.00240 F7200
G1 X50.000 Y55.000 E7419.17701 F7200
G1 X50.000 Y50.000 E7419.35163 F7200
;TYPE:Sparse infill
G1 X51.000 Y51.000 F12000
G1 X169.000 Y51.000 E7423.47256 F15000
G1 X169.000 Y56.000 F12000
G1 X51.000 Y56.000 E7427.59349 F15000
G1 X51.000 Y61.000 F12000
G1 X169.000 Y61.000 E7431.71442 F15000
G1 X169.000 Y66.000 F12000
G1 X51.000 Y66.000 E7435.83535 F15000
G1 X51.000 Y71.000 F12000
G1 X169.000 Y71.000 E7439.95628 F15000
G1 X169.000 Y76.000 F12000
G1 X51.000 Y76.000 E7444.07721 F15000
G1 X51.000 Y81.000 F12000
G1 X169.000 Y81.000 E7448.19814 F15000
G1 X169.000 Y86.000 F12000
G1 X51.000 Y86.000 E7452.31907 F15000
G1 X51.000 Y91.000 F12000
G1 X169.000 Y91.000 E7456.44001 F15000
G1 X169.000 Y96.000 F12000
G1 X51.000 Y96.000 E7460.56094 F15000
G1 X51.000 Y101.000 F12000
G1 X169.000 Y101.000 E7464.68187 F15000
G1 X169.000 Y106.000 F12000
G1 X51.000 Y106.000 E7468.80280 F15000
G1 X51.000 Y111.000 F12000
G1 X169.000 Y111.000 E7472.92373 F15000
G1 X169.000 Y116.000 F12000
G1 X51.000 Y116.000 E7477.04466 F15000
G1 X51.000 Y121.000 F12000
G1 X169.000 Y121.000 E7481.16559 F15000
G1 X169.000 Y126.000 F12000
G1 X51.000 Y126.000 E7485.28652 F15000
G1 X51.000 Y131.000 F12000
G1 X169.000 Y131.000 E7489.40745 F15000
G1 X169.000 Y136.000 F12000
G1 X51.000 Y136.000 E7493.52838 F15000
G1 X51.000 Y141.000 F12000
G1 X169.000 Y141.000 E7497.64931 F15000
G1 X169.000 Y146.000 F12000
G1 X51.000 Y146.000 E7501.77024 F15000
G1 X51.000 Y151.000 F12000
G1 X169.000 Y151.000 E7505.89117 F15000
G1 X169.000 Y156.000 F12000
G1 X51.000 Y156.000 E7510.01210 F15000
G1 X51.000 Y161.000 F12000
G1 X169.000 Y161.000 E7514.13304 F15000
G1 X169.000 Y166.000 F12000
G1 X51.000 Y166.000 E7518.25397 F15000
;LAYER_CHANGE
;Z:13.200
G1 Z13.200 F600
;TYPE:Outer wall
G1 X50.000 Y50.000 F7200
G1 X55.000 Y50.000 E7518.42858 F7200
G1 X60.000 Y50.000 E7518.60320 F7200
G1 X65.000 Y50.000 E7518.77781 F7200
G1 X70.000 Y50.000 E7518.95243 F7200
G1 X75.000 Y50.000 E7519.12704 F7200
G1 X80.000 Y50.000 E7519.30166 F7200
G1 X85.000 Y50.000 E7519.47628 F7200
G1 X90.000 Y50.000 E7519.65089 F7200
G1 X95.000 Y50.000 E7519.82551 F7200
G1 X100.000 Y50.000 E7520.00012 F7200
G1 X105.000 Y50.000 E7520.17474 F7200
G1 X110.000 Y50.000 E7520.34935 F7200
G1 X115.000 Y50.000 E7520.52397 F7200
G1 X120.000 Y50.000 E7520.69859 F7200
G1 X125.000 Y50.000 E7520.87320 F7200
G1 X130.000 Y50.000 E7521.04782 F7200
G1 X135.000 Y50.000 E7521.22243 F7200
G1 X140.000 Y50.000 E7521.39705 F7200
G1 X145.000 Y50.000 E7521.57166 F7200
G1 X150.000 Y50.000 E7521.74628 F7200
G1 X155.000 Y50.000 E7521.92090 F7200
G1 X160.000 Y50.000 E7522.09551 F7200
G1 X165.000 Y50.000 E7522.27013 F7200
G1 X170.000 Y50.000 E7522.44474 F7200
G1 X170.000 Y55.000 E7522.61936 F7200
G1 X170.000 Y60.000 E7522.79397 F7200
G1 X170.000 Y65.000 E7522.96859 F7200
G1 X170.000 Y70.000 E7523.14321 F7200
G1 X170.000 Y75.000 E7523.31782 F7200
G1 X170.000 Y80.000 E7523.49244 F7200
G1 X170.000 Y85.000 E7523.66705 F7200
G1 X170.000 Y90.000 E7523.84167 F7200
G1 X170.000 Y95.000 E7524.01628 F7200
G1 X170.000 Y100.000 E7524.19090 F7200
G1 X170.000 Y105.000 E7524.36552 F7200
G1 X170.000 Y110.000 E7524.54013 F7200
G1 X170.000 Y115.000 E7524.71475 F7200
G1 X170.000 Y120.000 E7524.88936 F7200
G1 X170.000 Y125.000 E7525.06398 F7200
G1 X170.000 Y130.000 E7525.23859 F7200
G1 X170.000 Y135.000 E7525.41321 F7200
G1 X170.000 Y140.000 E7525.58783 F7200
G1 X170.000 Y145.000 E7525.76244 F7200
G1 X170.000 Y150.000 E7525.93706 F7200
G1 X170.000 Y155.000 E7526.11167 F7200
G1 X170.000 Y160.000 E7526.28629 F7200
G1 X170.000 Y165.000 E7526.46090 F7200
G1 X170.000 Y170.000 E7526.63552 F7200
G1 X165.000 Y170.000 E7526.81014 F7200
G1 X160.000 Y170.000 E7526.98475 F7200
G1 X155.000 Y170.000 E7527.15937 F7200
G1 X150.000 Y170.000 E7527.33398 F7200
G1 X145.000 Y170.000 E7527.50860 F7200
G1 X140.000 Y170.000 E7527.68321 F7200
G1 X135.000 Y170.000 E7527.85783 F7200
G1 X130.000 Y170.000 E7528.03245 F7200
G1 X125.000 Y170.000 E7528.20706 F7200
G1 X120.000 Y170.000 E7528.38168 F7200
G1 X115.000 Y170.000 E7528.55629 F7200
G1 X110.000 Y170.000 E7528.73091 F7200
G1 X105.000 Y170.000 E7528.90552 F7200
G1 X100.000 Y170.000 E7529.08014 F7200
G1 X95.000 Y170.000 E7529.25476 F7200
G1 X90.000 Y170.000 E7529.42937 F7200
G1 X85.000 Y170.000 E7529.60399 F7200
G1 X80.000 Y170.000 E7529.77860 F7200
G1 X75.000 Y170.000 E7529.95322 F7200
G1 X70.000 Y170.000 E7530.12783 F7200
G1 X65.000 Y170.000 E7530.30245 F7200
G1 X60.000 Y170.000 E7530.47707 F7200
G1 X55.000 Y170.000 E7530.65168 F7200
G1 X50.000 Y170.000 E7530.82630 F7200
G1 X50.000 Y165.000 E7531.00091 F7200
G1 X50.000 Y160.000 E7531.17553 F7200
G1 X50.000 Y155.000 E7531.35014 F7200
G1 X50.000 Y150.000 E7531.52476 F7200
G1 X50.000 Y145.000 E7531.69938 F7200
G1 X50.000 Y140.000 E7531.87399 F7200
G1 X50.000 Y135.000 E7532.04861 F7200
G1 X50.000 Y130.000 E7532.22322 F7200
G1 X50.000 Y125.000 E7532.39784 F7200
G1 X50.000 Y120.000 E7532.57245 F7200
G1 X50.000 Y115.000 E7532.74707 F7200
G1 X50.000 Y110.000 E7532.92169 F7200
G1 X50.000 Y105.000 E7533.09630 F7200
G1 X50.000 Y100.000 E7533.27092 F7200
G1 X50.000 Y95.000 E7533.44553 F7200
G1 X50.000 Y90.000 E7533.62015 F7200
G1 X50.000 Y85.000 E7533.79476 F7200
G1 X50.000 Y80.000 E7533.96938 F7200
G1 X50.000 Y75.000 E7534.14400 F7200
G1 X50.000 Y70.000 E7534.31861 F7200
G1 X50.000 Y65.000 E7534.49323 F7200
G1 X50.000 Y60.000 E7534.66784 F7200
G1 X50.000 Y55.000 E7534.84246 F7200
G1 X50.000 Y50.000 E7535.01707 F7200
;TYPE:Sparse infill
G1 X51.000 Y51.000 F12000
G1 X169.000 Y51.000 E7539.13801 F15000
G1 X169.000 Y56.000 F12000
G1 X51.000 Y56.000 E7543.25894 F15000
G1 X51.000 Y61.000 F12000
G1 X169.000 Y61.000 E7547.37987 F15000
G1 X169.000 Y66.000 F12000
G1 X51.000 Y66.000 E7551.50080 F15000
G1 X51.000 Y71.000 F12000
G1 X169.000 Y71.000 E7555.62173 F15000
G1 X169.000 Y76.000 F12000
G1 X51.000 Y76.000 E7559.74266 F15000
G1 X51.000 Y81.000 F12000
G1 X169.000 Y81.000 E7563.86359 F15000
G1 X169.000 Y86.000 F12000
G1 X51.000 Y86.000 E7567.98452 F15000
G1 X51.000 Y91.000 F12000
G1 X169.000 Y91.000 E7572.10545 F15000
G1 X169.000 Y96.000 F12000
G1 X51.000 Y96.000 E7576.22638 F15000
G1 X51.000 Y101.000 F12000
G1 X169.000 Y101.000 E7580.34731 F15000
G1 X169.000 Y106.000 F12000
G1 X51.000 Y106.000 E7584.46824 F15000
G1 X51.000 Y111.000 F12000
G1 X169.000 Y111.000 E7588.58917 F15000
G1 X169.000 Y116.000 F12000
G1 X51.000 Y116.000 E7592.71010 F15000
G1 X51.000 Y121.000 F12000
G1 X169.000 Y121.000 E7596.83104 F15000
G1 X169.000 Y126.000 F12000
G1 X51.000 Y126.000 E7600.95197 F15000
G1 X51.000 Y131.000 F12000
G1 X169.000 Y131.000 E7605.07290 F15000
G1 X169.000 Y136.000 F12000
G1 X51.000 Y136.000 E7609.19383 F15000
G1 X51.000 Y141.000 F12000
G1 X169.000 Y141.000 E7613.31476 F15000
G1 X169.000 Y146.000 F12000
G1 X51.000 Y146.000 E7617.43569 F15000
G1 X51.000 Y151.000 F12000
G1 X169.000 Y151.000 E7621.55662 F15000
G1 X169.000 Y156.000 F12000
G1 X51.000 Y156.000 E7625.67755 F15000
G1 X51.000 Y161.000 F12000
G1 X169.000 Y161.000 E7629.79848 F15000
G1 X169.000 Y166.000 F12000
G1 X51.000 Y166.000 E7633.91941 F15000
;LAYER_CHANGE
;Z:13.400
G1 Z13.400 F600
;TYPE:Outer wall
G1 X50.000 Y50.000 F7200
G1 X55.000 Y50.000 E7634.09403 F7200
G1 X60.000 Y50.000 E7634.26864 F7200
G1 X65.000 Y50.000 E7634.44326 F7200
G1 X70.000 Y50.000 E7634.61787 F7200
G1 X75.000 Y50.000 E7634.79249 F7200
G1 X80.000 Y50.000 E7634.96711 F7200
G1 X85.000 Y50.000 E7635.14172 F7200
G1 X90.000 Y50.000 E7635.31634 F7200
G1 X95.000 Y50.000 E7635.49095 F7200
G1 X100.000 Y50.000 E7635.66557 F7200
G1 X105.000 Y50.000 E7635.84018 F7200
G1 X110.000 Y50.000 E7636.01480 F7200
G1 X115.000 Y50.000 E7636.18942 F7200
G1 X120.000 Y50.000 E7636.36403 F7200
G1 X125.000 Y50.000 E7636.53865 F7200
G1 X130.000 Y50.000 E7636.71326 F7200
G1 X135.000 Y50.000 E7636.88788 F7200
G1 X140.000 Y50.000 E7637.06249 F7200
G1 X145.000 Y50.000 E7637.23711 F7200
G1 X150.000 Y50.000 E7637.41173 F7200
G1 X155.000 Y50.000 E7637.58634 F7200
G1 X160.000 Y50.000 E7637.76096 F7200
G1 X165.000 Y50.000 E7637.93557 F7200
G1 X170.000 Y50.000 E7638.11019 F7200
G1 X170.000 Y55.000 E7638.28480 F7200
G1 X170.000 Y60.000 E7638.45942 F7200
G1 X170.000 Y65.000 E7638.63404 F7200
G1 X170.000 Y70.000 E7638.80865 F7200
G1 X170.000 Y75.000 E7638.98327 F7200
G1 X170.000 Y80.000 E7639.15788 F7200
G1 X170.000 Y85.000 E7639.33250 F7200
G1 X170.000 Y90.000 E7639.50711 F7200
G1 X170.000 Y95.000 E7639.68173 F7200
G1 X170.000 Y100.000 E7639.85635 F7200
G1 X170.000 Y105.000 E7640.03096 F7200
G1 X170.000 Y110.000 E7640.20558 F7200
G1 X170.000 Y115.000 E7640.38019 F7200
G1 X170.000 Y120.000 E7640.55481 F7200
G1 X170.000 Y125.000 E7640.72942 F7200
G1 X170.000 Y130.000 E7640.90404 F7200
G1 X170.000 Y135.000 E7641.07866 F7200
G1 X170.000 Y140.000 E7641.25327 F7200
G1 X170.000 Y145.000 E7641.42789 F7200
G1 X170.000 Y150.000 E7641.60250 F7200
G1 X170.000 Y155.000 E7641.77712 F7200
G1 X170.000 Y160.000 E7641.95173 F7200
G1 X170.000 Y165.000 E7642.12635 F7200
G1 X170.000 Y170.000 E7642.30097 F7200
G1 X165.000 Y170.000 E7642.47558 F7200
G1 X160.000 Y170.000 E7642.65020 F7200
G1 X155.000 Y170.000 E7642.82481 F7200
G1 X150.000 Y170.000 E7642.99943 F7200
G1 X145.000 Y170.000 E7643.17404 F7200
G1 X140.000 Y170.000 E7643.34866 F7200
G1 X135.000 Y170.000 E7643.52328 F7200
G1 X130.000 Y170.000 E7643.69789 F7200
G1 X125.000 Y170.000 E7643.87251 F7200
G1 X120.000 Y170.000 E7644.04712 F7200
G1 X115.000 Y170.000 E7644.22174 F7200
G1 X110.000 Y170.000 E7644.39635 F7200
G1 X105.000 Y170.000 E7644.57097 F7200
G1 X100.000 Y170.000 E7644.74559 F7200
G1 X95.000 Y170.000 E7644.92020 F7200
G1 X90.000 Y170.000 E7645.09482 F7200
G1 X85.000 Y170.000 E7645.26943 F7200
G1 X80.000 Y170.000 E7645.44405 F7200
G1 X75.000 Y170.000 E7645.61866 F7200
G1 X70.000 Y170.000 E7645.79328 F7200
G1 X65.000 Y170.000 E7645.96790 F7200
G1 X60.000 Y170.000 E7646.14251 F7200
G1 X55.000 Y170.000 E7646.31713 F7200
G1 X50.000 Y170.000 E7646.49174 F7200
G1 X50.000 Y165.000 E7646.66636 F7200
G1 X50.000 Y160.000 E7646.84097 F7200
G1 X50.000 Y155.000 E7647.01559 F7200
G1 X50.000 Y150.000 E7647.19021 F7200
G1 X50.000 Y145.000 E7647.36482 F7200
G1 X50.000 Y140.000 E7647.53944 F7200
G1 X50.000 Y135.000 E7647.71405 F7200
G1 X50.000 Y130.000 E7647.88867 F7200
G1 X50.000 Y125.000 E7648.06328 F7200
G1 X50.000 Y120.000 E7648.23790 F7200
G1 X50.000 Y115.000 E7648.41252 F7200
G1 X50.000 Y110.000 E7648.58713 F7200
G1 X50.000 Y105.000 E7648.76175 F7200
G1 X50.000 Y100.000 E7648.93636 F7200
G1 X50.000 Y95.000 E7649.11098 F7200
G1 X50.000 Y90.000 E7649.28559 F7200
G1 X50.000 Y85.000 E7649.46021 F7200
G1 X50.000 Y80.000 E7649.63483 F7200
G1 X50.000 Y75.000 E7649.80944 F7200
G1 X50.000 Y70.000 E7649.98406 F7200
G1 X50.000 Y65.000 E7650.15867 F7200
G1 X50.000 Y60.000 E7650.33329 F7200
G1 X50.000 Y55.000 E7650.50790 F7200
G1 X50.000 Y50.000 E7650.68252 F7200
;TYPE:Sparse infill
G1 X51.000 Y51.000 F12000
G1 X169.000 Y51.000 E7654.80345 F15000
G1 X169.000 Y56.000 F12000
G1 X51.000 Y56.000 E7658.92438 F15000
G1 X51.000 Y61.000 F12000
G1 X169.000 Y61.000 E7663.04531 F15000
G1 X169.000 Y66.000 F12000
G1 X51.000 Y66.000 E7667.16624 F15000
G1 X51.000 Y71.000 F12000
G1 X169.000 Y71.000 E7671.28717 F15000
G1 X169.000 Y76.000 F12000
G1 X51.000 Y76.000 E7675.40810 F15000
G1 X51.000 Y81.000 F12000
G1 X169.000 Y81.000 E7679.52904 F15000
G1 X169.000 Y86.000 F12000
G1 X51.000 Y86.000 E7683.64997 F15000
G1 X51.000 Y91.000 F12000
G1 X169.000 Y91.000 E7687.77090 F15000
G1 X169.000 Y96.000 F12000
G1 X51.000 Y96.000 E7691.89183 F15000
G1 X51.000 Y101.000 F12000
G1 X169.000 Y101.000 E7696.01276 F15000
G1 X169.000 Y106.000 F12000
G1 X51.000 Y106.000 E7700.13369 F15000
G1 X51.000 Y111.000 F12000
G1 X169.000 Y111.000 E7704.25462 F15000
G1 X169.000 Y116.000 F12000
G1 X51.000 Y116.000 E7708.37555 F15000
G1 X51.000 Y121.000 F12000
G1 X169.000 Y121.000 E7712.49648 F15000
G1 X169.000 Y126.000 F12000
G1 X51.000 Y126.000 E7716.61741 F15000
G1 X51.000 Y131.000 F12000
G1 X169.000 Y131.000 E7720.73834 F15000
G1 X169.000 Y136.000 F12000
G1 X51.000 Y136.000 E7724.85927 F15000
G1 X51.000 Y141.000 F12000
G1 X169.000 Y141.000 E7728.98020 F15000
G1 X169.000 Y146.000 F12000
G1 X51.000 Y146.000 E7733.10113 F15000
G1 X51.000 Y151.000 F12000
G1 X169.000 Y151.000 E7737.22207 F15000
G1 X169.000 Y156.000 F12000
G1 X51.000 Y156.000 E7741.34300 F15000
G1 X51.000 Y161.000 F12000
G1 X169.000 Y161.000 E7745.46393 F15000
G1 X169.000 Y166.000 F12000
G1 X51.000 Y166.000 E7749.58486 F15000
;LAYER_CHANGE
;Z:13.600
G1 Z13.600 F600
;TYPE:Outer wall
G1 X50.000 Y50.000 F7200
G1 X55.000 Y50.000 E7749.75947 F7200
G1 X60.000 Y50.000 E7749.93409 F7200
G1 X65.000 Y50.000 E7750.10870 F7200
G1 X70.000 Y50.000 E7750.28332 F7200
G1 X75.000 Y50.000 E7750.45794 F7200
G1 X80.000 Y50.000 E7750.63255 F7200
G1 X85.000 Y50.000 E7750.80717 F7200
G1 X90.000 Y50.000 E7750.98178 F7200
G1 X95.000 Y50.000 E7751.15640 F7200
G1 X100.000 Y50.000 E7751.33101 F7200
G1 X105.000 Y50.000 E7751.50563 F7200
G1 X110.000 Y50.000 E7751.68025 F7200
G1 X115.000 Y50.000 E7751.85486 F7200
G1 X120.000 Y50.000 E7752.02948 F7200
G1 X125.000 Y50.000 E7752.20409 F7200
G1 X130.000 Y50.000 E7752.37871 F7200
G1 X135.000 Y50.000 E7752.55332 F7200
G1 X140.000 Y50.000 E7752.72794 F7200
G1 X145.000 Y50.000 E7752.90256 F7200
G1 X150.000 Y50.000 E7753.07717 F7200
G1 X155.000 Y50.000 E7753.25179 F7200
G1 X160.000 Y50.000 E7753.42640 F7200
G1 X165.000 Y50.000 E7753.60102 F7200
G1 X170.000 Y50.000 E7753.77563 F7200
G1 X170.000 Y55.000 E7753.95025 F7200
G1 X170.000 Y60.000 E7754.12487 F7200
G1 X170.000 Y65.000 E7754.29948 F7200
G1 X170.000 Y70.000 E7754.47410 F7200
G1 X170.000 Y75.000 E7754.64871 F7200
G1 X170.000 Y80.000 E7754.82333 F7200
G1 X170.000 Y85.000 E7754.99794 F7200
G1 X170.000 Y90.000 E7755.17256 F7200
G1 X170.000 Y95.000 E7755.34718 F7200
G1 X170.000 Y100.000 E7755.52179 F7200
G1 X170.000 Y105.000 E7755.69641 F7200
G1 X170.000 Y110.000 E7755.87102 F7200
G1 X170.000 Y115.000 E7756.04564 F7200
G1 X170.000 Y120.000 E7756.22025 F7200
G1 X170.000 Y125.000 E7756.39487 F7200
G1 X170.000 Y130.000 E7756.56949 F7200
G1 X170.000 Y135.000 E7756.74410 F7200
G1 X170.000 Y140.000 E7756.91872 F7200
G1 X170.000 Y145.000 E7757.09333 F7200
G1 X170.000 Y150.000 E7757.26795 F7200
G1 X170.000 Y155.000 E7757.44256 F7200
G1 X170.000 Y160.000 E7757.61718 F7200
G1 X170.000 Y165.000 E7757.79180 F7200
G1 X170.000 Y170.000 E7757.96641 F7200
G1 X165.000 Y170.000 E7758.14103 F7200
G1 X160.000 Y170.000 E7758.31564 F7200
G1 X155.000 Y170.000 E7758.49026 F7200
G1 X150.000 Y170.000 E7758.66487 F7200
G1 X145.000 Y170.000 E7758.83949 F7200
G1 X140.000 Y170.000 E7759.01411 F7200
G1 X135.000 Y170.000 E7759.18872 F7200
G1 X130.000 Y170.000 E7759.36334 F7200
G1 X125.000 Y170.000 E7759.53795 F7200
G1 X120.000 Y170.000 E7759.71257 F7200
G1 X115.000 Y170.000 E7759.88718 F7200
G1 X110.000 Y170.000 E7760.06180 F7200
G1 X105.000 Y170.000 E7760.23642 F7200
G1 X100.000 Y170.000 E7760.41103 F7200
G1 X95.000 Y170.000 E7760.58565 F7200
G1 X90.000 Y170.000 E7760.76026 F7200
G1 X85.000 Y170.000 E7760.93488 F7200
G1 X80.000 Y170.000 E7761.10949 F7200
G1 X75.000 Y170.000 E7761.28411 F7200
G1 X70.000 Y170.000 E7761.45873 F7200
G1 X65.000 Y170.000 E7761.63334 F7200
G1 X60.000 Y170.000 E7761.80796 F7200
G1 X55.000 Y170.000 E7761.98257 F7200
G1 X50.000 Y170.000 E7762.15719 F7200
G1 X50.000 Y165.000 E7762.33180 F7200
G1 X50.000 Y160.000 E7762.50642 F7200
G1 X50.000 Y155.000 E7762.68104 F7200
G1 X50.000 Y150.000 E7762.85565 F7200
G1 X50.000 Y145.000 E7763.03027 F7200
G1 X50.000 Y140.000 E7763.20488 F7200
G1 X50.000 Y135.000 E7763.37950 F7200
G1 X50.000 Y130.000 E7763.55411 F7200
G1 X50.000 Y125.000 E7763.72873 F7200
G1 X50.000 Y120.000 E7763.90335 F7200
G1 X50.000 Y115.000 E7764.07796 F7200
G1 X50.000 Y110.000 E7764.25258 F7200
G1 X50.000 Y105.000 E7764.42719 F7200
G1 X50.000 Y100.000 E7764.60181 F7200
G1 X50.000 Y95.000 E7764.77642 F7200
G1 X50.000 Y90.000 E7764.95104 F7200
G1 X50.000 Y85.000 E7765.12566 F7200
G1 X50.000 Y80.000 E7765.30027 F7200
G1 X50.000 Y75.000 E7765.47489 F7200
G1 X50.000 Y70.000 E7765.64950 F7200
G1 X50.000 Y65.000 E7765.82412 F7200
G1 X50.000 Y60.000 E7765.99873 F7200
G1 X50.000 Y55.000 E7766.17335 F7200
G1 X50.000 Y50.000 E7766.34797 F7200
;TYPE:Sparse infill
G1 X51.000 Y51.000 F12000
G1 X169.000 Y51.000 E7770.46890 F15000
G1 X169.000 Y56.000 F12000
G1 X51.000 Y56.000 E7774.58983 F15000
G1 X51.000 Y61.000 F12000
G1 X169.000 Y61.000 E7778.71076 F15000
G1 X169.000 Y66.000 F12000
G1 X51.000 Y66.000 E7782.83169 F15000
G1 X51.000 Y71.000 F12000
G1 X169.000 Y71.000 E7786.95262 F15000
G1 X169.000 Y76.000 F12000
G1 X51.000 Y76.000 E7791.07355 F15000
G1 X51.000 Y81.000 F12000
G1 X169.000 Y81.000 E7795.19448 F15000
G1 X169.000 Y86.000 F12000
G1 X51.000 Y86.000 E7799.31541 F15000
G1 X51.000 Y91.000 F12000
G1 X169.000 Y91.000 E7803.43634 F15000
G1 X169.000 Y96.000 F12000
G1 X51.000 Y96.000 E7807.55727 F15000
G1 X51.000 Y101.000 F12000
G1 X169.000 Y101.000 E7811.67820 F15000
G1 X169.000 Y106.000 F12000
G1 X51.000 Y106.000 E7815.79913 F15000
G1 X51.000 Y111.000 F12000
G1 X169.000 Y111.000 E7819.92007 F15000
G1 X169.000 Y116.000 F12000
G1 X51.000 Y116.000 E7824.04100 F15000
G1 X51.000 Y121.000 F12000
G1 X169.000 Y121.000 E7828.16193 F15000
G1 X169.000 Y126.000 F12000
G1 X51.000 Y126.000 E7832.28286 F15000
G1 X51.000 Y131.000 F12000
G1 X169.000 Y131.000 E7836.40379 F15000
G1 X169.000 Y136.000 F12000
G1 X51.000 Y136.000 E7840.52472 F15000
G1 X51.000 Y141.000 F12000
G1 X169.000 Y141.000 E7844.64565 F15000
G1 X169.000 Y146.000 F12000
G1 X51.000 Y146.000 E7848.76658 F15000
G1 X51.000 Y151.000 F12000
G1 X169.000 Y151.000 E7852.88751 F15000
G1 X169.000 Y156.000 F12000
G1 X51.000 Y156.000 E7857.00844 F15000
G1 X51.000 Y161.000 F12000
G1 X169.000 Y161.000 E7861.12937 F15000
G1 X169.000 Y166.000 F12000
G1 X51.000 Y166.000 E7865.25030 F15000
;LAYER_CHANGE
;Z:13.800
G1 Z13.800 F600
;TYPE:Outer wall
G1 X50.000 Y50.000 F7200
G1 X55.000 Y50.000 E7865.42492 F7200
G1 X60.000 Y50.000 E7865.59953 F7200
G1 X65.000 Y50.000 E7865.77415 F7200
G1 X70.000 Y50.000 E7865.94877 F7200
G1 X75.000 Y50.000 E7866.12338 F7200
G1 X80.000 Y50.000 E7866.29800 F7200
G1 X85.000 Y50.000 E7866.47261 F7200
G1 X90.000 Y50.000 E7866.64723 F7200
G1 X95.000 Y50.000 E7866.82184 F7200
G1 X100.000 Y50.000 E7866.99646 F7200
G1 X105.000 Y50.000 E7867.17108 F7200
G1 X110.000 Y50.000 E7867.34569 F7200
G1 X115.000 Y50.000 E7867.52031 F7200
G1 X120.000 Y50.000 E7867.69492 F7200
G1 X125.000 Y50.000 E7867.86954 F7200
G1 X130.000 Y50.000 E7868.04415 F7200
G1 X135.000 Y50.000 E7868.21877 F7200
G1 X140.000 Y50.000 E7868.39339 F7200
G1 X145.000 Y50.000 E7868.56800 F7200
G1 X150.000 Y50.000 E7868.74262 F7200
G1 X155.000 Y50.000 E7868.91723 F7200
G1 X160.000 Y50.000 E7869.09185 F7200
G1 X165.000 Y50.000 E7869.26646 F7200
G1 X170.000 Y50.000 E7869.44108 F7200
G1 X170.000 Y55.000 E7869.61570 F7200
G1 X170.000 Y60.000 E7869.79031 F7200
G1 X170.000 Y65.000 E7869.96493 F7200
G1 X170.000 Y70.000 E7870.13954 F7200
G1 X170.000 Y75.000 E7870.31416 F7200
G1 X170.000 Y80.000 E7870.48877 F7200
G1 X170.000 Y85.000 E7870.66339 F7200
G1 X170.000 Y90.000 E7870.83801 F7200
G1 X170.000 Y95.000 E7871.01262 F7200
G1 X170.000 Y100.000 E7871.18724 F7200
G1 X170.000 Y105.000 E7871.36185 F7200
G1 X170.000 Y110.000 E7871.53647 F7200
G1 X170.000 Y115.000 E7871.71108 F7200
G1 X170.000 Y120.000 E7871.88570 F7200
G1 X170.000 Y125.000 E7872.06032 F7200
G1 X170.000 Y130.000 E7872.23493 F7200
G1 X170.000 Y135.000 E7872.40955 F7200
G1 X170.000 Y140.000 E7872.58416 F7200
G1 X170.000 Y145.000 E7872.75878 F7200
G1 X170.000 Y150.000 E7872.93339 F7200
G1 X170.000 Y155.000 E7873.10801 F7200
G1 X170.000 Y160.000 E7873.28263 F7200
G1 X170.000 Y165.000 E7873.45724 F7200
G1 X170.000 Y170.000 E7873.63186 F7200
G1 X165.000 Y170.000 E7873.80647 F7200
G1 X160.000 Y170.000 E7873.98109 F7200
G1 X155.000 Y170.000 E7874.15570 F7200
G1 X150.000 Y170.000 E7874.33032 F7200
G1 X145.000 Y170.000 E7874.50494 F7200
G1 X140.000 Y170.000 E7874.67955 F7200
G1 X135.000 Y170.000 E7874.85417 F7200
G1 X130.000 Y170.000 E7875.02878 F7200
G1 X125.000 Y170.000 E7875.20340 F7200
G1 X120.000 Y170.000 E7875.37801 F7200
G1 X115.000 Y170.000 E7875.55263 F7200
G1 X110.000 Y170.000 E7875.72725 F7200
G1 X105.000 Y170.000 E7875.90186 F7200
G1 X100.000 Y170.000 E7876.07648 F7200
G1 X95.000 Y170.000 E7876.25109 F7200
G1 X90.000 Y170.000 E7876.42571 F7200
G1 X85.000 Y170.000 E7876.60032 F7200
G1 X80.000 Y170.000 E7876.77494 F7200
G1 X75.000 Y170.000 E7876.94956 F7200
G1 X70.000 Y170.000 E7877.12417 F7200
G1 X65.000 Y170.000 E7877.29879 F7200
G1 X60.000 Y170.000 E7877.47340 F7200
G1 X55.000 Y170.000 E7877.64802 F7200
G1 X50.000 Y170.000 E7877.82263 F7200
G1 X50.000 Y165.000 E7877.99725 F7200
G1 X50.000 Y160.000 E7878.17187 F7200
G1 X50.000 Y155.000 E7878.34648 F7200
G1 X50.000 Y150.000 E7878.52110 F7200
G1 X50.000 Y145.000 E7878.69571 F7200
G1 X50.000 Y140.000 E7878.87033 F7200
G1 X50.000 Y135.000 E7879.04494 F7200
G1 X50.000 Y130.000 E7879.21956 F7200
G1 X50.000 Y125.000 E7879.39418 F7200
G1 X50.000 Y120.000 E7879.56879 F7200
G1 X50.000 Y115.000 E7879.74341 F7200
G1 X50.000 Y110.000 E7879.91802 F7200
G1 X50.000 Y105.000 E7880.09264 F7200
G1 X50.000 Y100.000 E7880.26725 F7200
G1 X50.000 Y95.000 E7880.44187 F7200
G1 X50.000 Y90.000 E7880.61649 F7200
G1 X50.000 Y85.000 E7880.79110 F7200
G1 X50.000 Y80.000 E7880.96572 F7200
G1 X50.000 Y75.000 E7881.14033 F7200
G1 X50.000 Y70.000 E7881.31495 F7200
G1 X50.000 Y65.000 E7881.48956 F7200
G1 X50.000 Y60.000 E7881.66418 F7200
G1 X50.000 Y55.000 E7881.83880 F7200
G1 X50.000 Y50.000 E7882.01341 F7200
;TYPE:Sparse infill
G1 X51.000 Y51.000 F12000
G1 X169.000 Y51.000 E7886.13434 F15000
G1 X169.000 Y56.000 F12000
G1 X51.000 Y56.000 E7890.25527 F15000
G1 X51.000 Y61.000 F12000
G1 X169.000 Y61.000 E7894.37620 F15000
G1 X169.000 Y66.000 F12000
G1 X51.000 Y66.000 E7898.49713 F15000
G1 X51.000 Y71.000 F12000
G1 X169.000 Y71.000 E7902.61807 F15000
G1 X169.000 Y76.000 F12000
G1 X51.000 Y76.000 E7906.73900 F15000
G1 X51.000 Y81.000 F12000
G1 X169.000 Y81.000 E7910.85993 F15000
G1 X169.000 Y86.000 F12000
G1 X51.000 Y86.000 E7914.98086 F15000
G1 X51.000 Y91.000 F12000
G1 X169.000 Y91.000 E7919.10179 F15000
G1 X169.000 Y96.000 F12000
G1 X51.000 Y96.000 E7923.22272 F15000
G1 X51.000 Y101.000 F12000
G1 X169.000 Y101.000 E7927.34365 F15000
G1 X169.000 Y106.000 F12000
G1 X51.000 Y106.000 E7931.46458 F15000
G1 X51.000 Y111.000 F12000
G1 X169.000 Y111.000 E7935.58551 F15000
G1 X169.000 Y116.000 F12000
G1 X51.000 Y116.000 E7939.70644 F15000
G1 X51.000 Y121.000 F12000
G1 X169.000 Y121.000 E7943.82737 F15000
G1 X169.000 Y126.000 F12000
G1 X51.000 Y126.000 E7947.94830 F15000
G1 X51.000 Y131.000 F12000
G1 X169.000 Y131.000 E7952.06923 F15000
G1 X169.000 Y136.000 F12000
G1 X51.000 Y136.000 E7956.19016 F15000
G1 X51.000 Y141.000 F12000
G1 X169.000 Y141.000 E7960.31110 F15000
G1 X169.000 Y146.000 F12000
G1 X51.000 Y146.000 E7964.43203 F15000
G1 X51.000 Y151.000 F12000
G1 X169.000 Y151.000 E7968.55296 F15000
G1 X169.000 Y156.000 F12000
G1 X51.000 Y156.000 E7972.67389 F15000
G1 X51.000 Y161.000 F12000
G1 X169.000 Y161.000 E7976.79482 F15000
G1 X169.000 Y166.000 F12000
G1 X51.000 Y166.000 E7980.91575 F15000
;LAYER_CHANGE
;Z:14.000
G1 Z14.000 F600
;TYPE:Outer wall
G1 X50.000 Y50.000 F7200
G1 X55.000 Y50.000 E7981.09036 F7200
G1 X60.000 Y50.000 E7981.26498 F7200
G1 X65.000 Y50.000 E7981.43960 F7200
G1 X70.000 Y50.000 E7981.61421 F7200
G1 X75.000 Y50.000 E7981.78883 F7200
G1 X80.000 Y50.000 E7981.96344 F7200
G1 X85.000 Y50.000 E7982.13806 F7200
G1 X90.000 Y50.000 E7982.31267 F7200
G1 X95.000 Y50.000 E7982.48729 F7200
G1 X100.000 Y50.000 E7982.66191 F7200
G1 X105.000 Y50.000 E7982.83652 F7200
G1 X110.000 Y50.000 E7983.01114 F7200
G1 X115.000 Y50.000 E7983.18575 F7200
G1 X120.000 Y50.000 E7983.36037 F7200
G1 X125.000 Y50.000 E7983.53498 F7200
G1 X130.000 Y50.000 E7983.70960 F7200
G1 X135.000 Y50.000 E7983.88422 F7200
G1 X140.000 Y50.000 E7984.05883 F7200
G1 X145.000 Y50.000 E7984.23345 F7200
G1 X150.000 Y50.000 E7984.40806 F7200
G1 X155.000 Y50.000 E7984.58268 F7200
G1 X160.000 Y50.000 E7984.75729 F7200
G1 X165.000 Y50.000 E7984.93191 F7200
G1 X170.000 Y50.000 E7985.10653 F7200
G1 X170.000 Y55.000 E7985.28114 F7200
G1 X170.000 Y60.000 E7985.45576 F7200
G1 X170.000 Y65.000 E7985.63037 F7200
G1 X170.000 Y70.000 E7985.80499 F7200
G1 X170.000 Y75.000 E7985.97960 F7200
G1 X170.000 Y80.000 E7986.15422 F7200
G1 X170.000 Y85.000 E7986.32884 F7200
G1 X170.000 Y90.000 E7986.50345 F7200
G1 X170.000 Y95.000 E7986.67807 F7200
G1 X170.000 Y100.000 E7986.85268 F7200
G1 X170.000 Y105.000 E7987.02730 F7200
G1 X170.000 Y110.000 E7987.20191 F7200
G1 X170.000 Y115.000 E7987.37653 F7200
G1 X170.000 Y120.000 E7987.55115 F7200
G1 X170.000 Y125.000 E7987.72576 F7200
G1 X170.000 Y130.000 E7987.90038 F7200
G1 X170.000 Y135.000 E7988.07499 F7200
G1 X170.000 Y140.000 E7988.24961 F7200
G1 X170.000 Y145.000 E7988.42422 F7200
G1 X170.000 Y150.000 E7988.59884 F7200
G1 X170.000 Y155.000 E7988.77346 F7200
G1 X170.000 Y160.000 E7988.94807 F7200
G1 X170.000 Y165.000 E7989.12269 F7200
G1 X170.000 Y170.000 E7989.29730 F7200
G1 X165.000 Y170.000 E7989.47192 F7200
G1 X160.000 Y170.000 E7989.64653 F7200
G1 X155.000 Y170.000 E7989.82115 F7200
G1 X150.000 Y170.000 E7989.99577 F7200
G1 X145.000 Y170.000 E7990.17038 F7200
G1 X140.000 Y170.000 E7990.34500 F7200
G1 X135.000 Y170.000 E7990.51961 F7200
G1 X130.000 Y170.000 E7990.69423 F7200
G1 X125.000 Y170.000 E7990.86884 F7200
G1 X120.000 Y170.000 E7991.04346 F7200
G1 X115.000 Y170.000 E7991.21808 F7200
G1 X110.000 Y170.000 E7991.39269 F7200
G1 X105.000 Y170.000 E7991.56731 F7200
G1 X100.000 Y170.000 E7991.74192 F7200
G1 X95.000 Y170.000 E7991.91654 F7200
G1 X90.000 Y170.000 E7992.09115 F7200
G1 X85.000 Y170.000 E7992.26577 F7200
G1 X80.000 Y170.000 E7992.44039 F7200
G1 X75.000 Y170.000 E7992.61500 F7200
G1 X70.000 Y170.000 E7992.78962 F7200
G1 X65.000 Y170.000 E7992.96423 F7200
G1 X60.000 Y170.000 E7993.13885 F7200
G1 X55.000 Y170.000 E7993.31346 F7200
G1 X50.000 Y170.000 E7993.48808 F7200
G1 X50.000 Y165.000 E7993.66270 F7200
G1 X50.000 Y160.000 E7993.83731 F7200
G1 X50.000 Y155.000 E7994.01193 F7200
G1 X50.000 Y150.000 E7994.18654 F7200
G1 X50.000 Y145.000 E7994.36116 F7200
G1 X50.000 Y140.000 E7994.53577 F7200
G1 X50.000 Y135.000 E7994.71039 F7200
G1 X50.000 Y130.000 E7994.88501 F7200
G1 X50.000 Y125.000 E7995.05962 F7200
G1 X50.000 Y120.000 E7995.23424 F7200
G1 X50.000 Y115.000 E7995.40885 F7200
G1 X50.000 Y110.000 E7995.58347 F7200
G1 X50.000 Y105.000 E7995.75808 F7200
G1 X50.000 Y100.000 E7995.93270 F7200
G1 X50.000 Y95.000 E7996.10732 F7200
G1 X50.000 Y90.000 E7996.28193 F7200
G1 X50.000 Y85.000 E7996.45655 F7200
G1 X50.000 Y80.000 E7996.63116 F7200
G1 X50.000 Y75.000 E7996.80578 F7200
G1 X50.000 Y70.000 E7996.98039 F7200
G1 X50.000 Y65.000 E7997.15501 F7200
G1 X50.000 Y60.000 E7997.32963 F7200
G1 X50.000 Y55.000 E7997.50424 F7200
G1 X50.000 Y50.000 E7997.67886 F7200
;TYPE:Sparse infill
G1 X51.000 Y51.000 F12000
G1 X169.000 Y51.000 E8001.79979 F15000
G1 X169.000 Y56.000 F12000
G1 X51.000 Y56.000 E8005.92072 F15000
G1 X51.000 Y61.000 F12000
G1 X169.000 Y61.000 E8010.04165 F15000
G1 X169.000 Y66.000 F12000
G1 X51.000 Y66.000 E8014.16258 F15000
G1 X51.000 Y71.000 F12000
G1 X169.000 Y71.000 E8018.28351 F15000
G1 X169.000 Y76.000 F12000
G1 X51.000 Y76.000 E8022.40444 F15000
G1 X51.000 Y81.000 F12000
G1 X169.000 Y81.000 E8026.52537 F15000
G1 X169.000 Y86.000 F12000
G1 X51.000 Y86.000 E8030.64630 F15000
G1 X51.000 Y91.000 F12000
G1 X169.000 Y91.000 E8034.76723 F15000
G1 X169.000 Y96.000 F12000
G1 X51.000 Y96.000 E8038.88816 F15000
G1 X51.000 Y101.000 F12000
G1 X169.000 Y101.000 E8043.00910 F15000
G1 X169.000 Y106.000 F12000
G1 X51.000 Y106.000 E8047.13003 F15000
G1 X51.000 Y111.000 F12000
G1 X169.000 Y111.000 E8051.25096 F15000
G1 X169.000 Y116.000 F12000
G1 X51.000 Y116.000 E8055.37189 F15000
G1 X51.000 Y121.000 F12000
G1 X169.000 Y121.000 E8059.49282 F15000
G1 X169.000 Y126.000 F12000
G1 X51.000 Y126.000 E8063.61375 F15000
G1 X51.000 Y131.000 F12000
G1 X169.000 Y131.000 E8067.73468 F15000
G1 X169.000 Y136.000 F12000
G1 X51.000 Y136.000 E8071.85561 F15000
G1 X51.000 Y141.000 F12000
G1 X169.000 Y141.000 E8075.97654 F15000
G1 X169.000 Y146.000 F12000
G1 X51.000 Y146.000 E8080.09747 F15000
G1 X51.000 Y151.000 F12000
G1 X169.000 Y151.000 E8084.21840 F15000
G1 X169.000 Y156.000 F12000
G1 X51.000 Y156.000 E8088.33933 F15000
G1 X51.000 Y161.000 F12000
G1 X169.000 Y161.000 E8092.46026 F15000
G1 X169.000 Y166.000 F12000
G1 X51.000 Y166.000 E8096.58119 F15000
;LAYER_CHANGE
;Z:14.200
G1 Z14.200 F600
;TYPE:Outer wall
G1 X50.000 Y50.000 F7200
G1 X55.000 Y50.000 E8096.75581 F7200
G1 X60.000 Y50.000 E8096.93043 F7200
G1 X65.000 Y50.000 E8097.10504 F7200
G1 X70.000 Y50.000 E8097.27966 F7200
G1 X75.000 Y50.000 E8097.45427 F7200
G1 X80.000 Y50.000 E8097.62889 F7200
G1 X85.000 Y50.000 E8097.80350 F7200
G1 X90.000 Y50.000 E8097.97812 F7200
G1 X95.000 Y50.000 E8098.15274 F7200
G1 X100.000 Y50.000 E8098.32735 F7200
G1 X105.000 Y50.000 E8098.50197 F7200
G1 X110.000 Y50.000 E8098.67658 F7200
G1 X115.000 Y50.000 E8098.85120 F7200
G1 X120.000 Y50.000 E8099.02581 F7200
G1 X125.000 Y50.000 E8099.20043 F7200
G1 X130.000 Y50.000 E8099.37505 F7200
G1 X135.000 Y50.000 E8099.54966 F7200
G1 X140.000 Y50.000 E8099.72428 F7200
G1 X145.000 Y50.000 E8099.89889 F7200
G1 X150.000 Y50.000 E8100.07351 F7200
G1 X155.000 Y50.000 E8100.24812 F7200
G1 X160.000 Y50.000 E8100.42274 F7200
G1 X165.000 Y50.000 E8100.59736 F7200
G1 X170.000 Y50.000 E8100.77197 F7200
G1 X170.000 Y55.000 E8100.94659 F7200
G1 X170.000 Y60.000 E8101.12120 F7200
G1 X170.000 Y65.000 E8101.29582 F7200
G1 X170.000 Y70.000 E8101.47043 F7200
G1 X170.000 Y75.000 E8101.64505 F7200
G1 X170.000 Y80.000 E8101.81967 F7200
G1 X170.000 Y85.000 E8101.99428 F7200
G1 X170.000 Y90.000 E8102.16890 F7200
G1 X170.000 Y95.000 E8102.34351 F7200
G1 X170.000 Y100.000 E8102.51813 F7200
G1 X170.000 Y105.000 E8102.69274 F7200
G1 X170.000 Y110.000 E8102.86736 F7200
G1 X170.000 Y115.000 E8103.04198 F7200
G1 X170.000 Y120.000 E8103.21659 F7200
G1 X170.000 Y125.000 E8103.39121 F7200
G1 X170.000 Y130.000 E8103.56582 F7200
G1 X170.000 Y135.000 E8103.74044 F7200
G1 X170.000 Y140.000 E8103.91505 F7200
G1 X170.000 Y145.000 E8104.08967 F7200
G1 X170.000 Y150.000 E8104.26429 F7200
G1 X170.000 Y155.000 E8104.43890 F7200
G1 X170.000 Y160.000 E8104.61352 F7200
G1 X170.000 Y165.000 E8104.78813 F7200
G1 X170.000 Y170.000 E8104.96275 F7200
G1 X165.000 Y170.000 E8105.13736 F7200
G1 X160.000 Y170.000 E8105.31198 F7200
G1 X155.000 Y170.000 E8105.48660 F7200
G1 X150.000 Y170.000 E8105.66121 F7200
G1 X145.000 Y170.000 E8105.83583 F7200
G1 X140.000 Y170.000 E8106.01044 F7200
G1 X135.000 Y170.000 E8106.18506 F7200
G1 X130.000 Y170.000 E8106.35967 F7200
G1 X125.000 Y170.000 E8106.53429 F7200
G1 X120.000 Y170.000 E8106.70891 F7200
G1 X115.000 Y170.000 E8106.88352 F7200
G1 X110.000 Y170.000 E8107.05814 F7200
G1 X105.000 Y170.000 E8107.23275 F7200
G1 X100.000 Y170.000 E8107.40737 F7200
G1 X95.000 Y170.000 E8107.58198 F7200
G1 X90.000 Y170.000 E8107.75660 F7200
G1 X85.000 Y170.000 E8107.93122 F7200
G1 X80.000 Y170.000 E8108.10583 F7200
G1 X75.000 Y170.000 E8108.28045 F7200
G1 X70.000 Y170.000 E8108.45506 F7200
G1 X65.000 Y170.000 E8108.62968 F7200
G1 X60.000 Y170.000 E8108.80429 F7200
G1 X55.000 Y170.000 E8108.97891 F7200
G1 X50.000 Y170.000 E8109.15353 F7200
G1 X50.000 Y165.000 E8109.32814 F7200
G1 X50.000 Y160.000 E8109.50276 F7200
G1 X50.000 Y155.000 E8109.67737 F7200
G1 X50.000 Y150.000 E8109.85199 F7200
G1 X50.000 Y145.000 E8110.02660 F7200
G1 X50.000 Y140.000 E8110.20122 F7200
G1 X50.000 Y135.000 E8110.37584 F7200
G1 X50.000 Y130.000 E8110.55045 F7200
G1 X50.000 Y125.000 E8110.72507 F7200
G1 X50.000 Y120.000 E8110.89968 F7200
G1 X50.000 Y115.000 E8111.07430 F7200
G1 X50.000 Y110.000 E8111.24891 F7200
G1 X50.000 Y105.000 E8111.42353 F7200
G1 X50.000 Y100.000 E8111.59815 F7200
G1 X50.000 Y95.000 E8111.77276 F7200
G1 X50.000 Y90.000 E8111.94738 F7200
G1 X50.000 Y85.000 E8112.12199 F7200
G1 X50.000 Y80.000 E8112.29661 F7200
G1 X50.000 Y75.000 E8112.47122 F7200
G1 X50.000 Y70.000 E8112.64584 F7200
G1 X50.000 Y65.000 E8112.82046 F7200
G1 X50.000 Y60.000 E8112.99507 F7200
G1 X50.000 Y55.000 E8113.16969 F7200
G1 X50.000 Y50.000 E8113.34430 F7200
;TYPE:Sparse infill
G1 X51.000 Y51.000 F12000
G1 X169.000 Y51.000 E8117.46523 F15000
G1 X169.000 Y56.000 F12000
G1 X51.000 Y56.000 E8121.58616 F15000
G1 X51.000 Y61.000 F12000
G1 X169.000 Y61.000 E8125.70709 F15000
G1 X169.000 Y66.000 F12000
G1 X51.000 Y66.000 E8129.82803 F15000
G1 X51.000 Y71.000 F12000
G1 X169.000 Y71.000 E8133.94896 F15000
G1 X169.000 Y76.000 F12000
G1 X51.000 Y76.000 E8138.06989 F15000
G1 X51.000 Y81.000 F12000
G1 X169.000 Y81.000 E8142.19082 F15000
G1 X169.000 Y86.000 F12000
G1 X51.000 Y86.000 E8146.31175 F15000
G1 X51.000 Y91.000 F12000
G1 X169.000 Y91.000 E8150.43268 F15000
G1 X169.000 Y96.000 F12000
G1 X51.000 Y96.000 E8154.55361 F15000
G1 X51.000 Y101.000 F12000
G1 X169.000 Y101.000 E8158.67454 F15000
G1 X169.000 Y106.000 F12000
G1 X51.000 Y106.000 E8162.79547 F15000
G1 X51.000 Y111.000 F12000
G1 X169.000 Y111.000 E8166.91640 F15000
G1 X169.000 Y116.000 F12000
G1 X51.000 Y116.000 E8171.03733 F15000
G1 X51.000 Y121.000 F12000
G1 X169.000 Y121.000 E8175.15826 F15000
G1 X169.000 Y126.000 F12000
G1 X51.000 Y126.000 E8179.27919 F15000
G1 X51.000 Y131.000 F12000
G1 X169.000 Y131.000 E8183.40013 F15000
G1 X169.000 Y136.000 F12000
G1 X51.000 Y136.000 E8187.52106 F15000
G1 X51.000 Y141.000 F12000
G1 X169.000 Y141.000 E8191.64199 F15000
G1 X169.000 Y146.000 F12000
G1 X51.000 Y146.000 E8195.76292 F15000
G1 X51.000 Y151.000 F12000
G1 X169.000 Y151.000 E8199.88385 F15000
G1 X169.000 Y156.000 F12000
G1 X51.000 Y156.000 E8204.00478 F15000
G1 X51.000 Y161.000 F12000
G1 X169.000 Y161.000 E8208.12571 F15000
G1 X169.000 Y166.000 F12000
G1 X51.000 Y166.000 E8212.24664 F15000
;LAYER_CHANGE
;Z:14.400
G1 Z14.400 F600
;TYPE:Outer wall
G1 X50.000 Y50.000 F7200
G1 X55.000 Y50.000 E8212.42126 F7200
G1 X60.000 Y50.000 E8212.59587 F7200
G1 X65.000 Y50.000 E8212.77049 F7200
G1 X70.000 Y50.000 E8212.94510 F7200
G1 X75.000 Y50.000 E8213.11972 F7200
G1 X80.000 Y50.000 E8213.29433 F7200
G1 X85.000 Y50.000 E8213.46895 F7200
G1 X90.000 Y50.000 E8213.64357 F7200
G1 X95.000 Y50.000 E8213.81818 F7200
G1 X100.000 Y50.000 E8213.99280 F7200
G1 X105.000 Y50.000 E8214.16741 F7200
G1 X110.000 Y50.000 E8214.34203 F7200
G1 X115.000 Y50.000 E8214.51664 F7200
G1 X120.000 Y50.000 E8214.69126 F7200
G1 X125.000 Y50.000 E8214.86588 F7200
G1 X130.000 Y50.000 E8215.04049 F7200
G1 X135.000 Y50.000 E8215.21511 F7200
G1 X140.000 Y50.000 E8215.38972 F7200
G1 X145.000 Y50.000 E8215.56434 F7200
G1 X150.000 Y50.000 E8215.73895 F7200
G1 X155.000 Y50.000 E8215.91357 F7200
G1 X160.000 Y50.000 E8216.08819 F7200
G1 X165.000 Y50.000 E8216.26280 F7200
G1 X170.000 Y50.000 E8216.43742 F7200
G1 X170.000 Y55.000 E8216.61203 F7200
G1 X170.000 Y60.000 E8216.78665 F7200
G1 X170.000 Y65.000 E8216.96126 F7200
G1 X170.000 Y70.000 E8217.13588 F7200
G1 X170.000 Y75.000 E8217.31050 F7200
G1 X170.000 Y80.000 E8217.48511 F7200
G1 X170.000 Y85.000 E8217.65973 F7200
G1 X170.000 Y90.000 E8217.83434 F7200
G1 X170.000 Y95.000 E8218.00896 F7200
G1 X170.000 Y100.000 E8218.18357 F7200
G1 X170.000 Y105.000 E8218.35819 F7200
G1 X170.000 Y110.000 E8218.53281 F7200
G1 X170.000 Y115.000 E8218.70742 F7200
G1 X170.000 Y120.000 E8218.88204 F7200
G1 X170.000 Y125.000 E8219.05665 F7200
G1 X170.000 Y130.000 E8219.23127 F7200
G1 X170.000 Y135.000 E8219.40588 F7200
G1 X170.000 Y140.000 E8219.58050 F7200
G1 X170.000 Y145.000 E8219.75512 F7200
G1 X170.000 Y150.000 E8219.92973 F7200
G1 X170.000 Y155.000 E8220.10435 F7200
G1 X170.000 Y160.000 E8220.27896 F7200
G1 X170.000 Y165.000 E8220.45358 F7200
G1 X170.000 Y170.000 E8220.62819 F7200
G1 X165.000 Y170.000 E8220.80281 F7200
G1 X160.000 Y170.000 E8220.97743 F7200
G1 X155.000 Y170.000 E8221.15204 F7200
G1 X150.000 Y170.000 E8221.32666 F7200
G1 X145.000 Y170.000 E8221.50127 F7200
G1 X140.000 Y170.000 E8221.67589 F7200
G1 X135.000 Y170.000 E8221.85050 F7200
G1 X130.000 Y170.000 E8222.02512 F7200
G1 X125.000 Y170.000 E8222.19974 F7200
G1 X120.000 Y170.000 E8222.37435 F7200
G1 X115.000 Y170.000 E8222.54897 F7200
G1 X110.000 Y170.000 E8222.72358 F7200
G1 X105.000 Y170.000 E8222.89820 F7200
G1 X100.000 Y170.000 E8223.07281 F7200
G1 X95.000 Y170.000 E8223.24743 F7200
G1 X90.000 Y170.000 E8223.42205 F7200
G1 X85.000 Y170.000 E8223.59666 F7200
G1 X80.000 Y170.000 E8223.77128 F7200
G1 X75.000 Y170.000 E8223.94589 F7200
G1 X70.000 Y170.000 E8224.12051 F7200
G1 X65.000 Y170.000 E8224.29512 F7200
G1 X60.000 Y170.000 E8224.46974 F7200
G1 X55.000 Y170.000 E8224.64436 F7200
G1 X50.000 Y170.000 E8224.81897 F7200
G1 X50.000 Y165.000 E8224.99359 F7200
G1 X50.000 Y160.000 E8225.16820 F7200
G1 X50.000 Y155.000 E8225.34282 F7200
G1 X50.000 Y150.000 E8225.51743 F7200
G1 X50.000 Y145.000 E8225.69205 F7200
G1 X50.000 Y140.000 E8225.86667 F7200
G1 X50.000 Y135.000 E8226.04128 F7200
G1 X50.000 Y130.000 E8226.21590 F7200
G1 X50.000 Y125.000 E8226.39051 F7200
G1 X50.000 Y120.000 E8226.56513 F7200
G1 X50.000 Y115.000 E8226.73974 F7200
G1 X50.000 Y110.000 E8226.91436 F7200
G1 X50.000 Y105.000 E8227.08898 F7200
G1 X50.000 Y100.000 E8227.26359 F7200
G1 X50.000 Y95.000 E8227.43821 F7200
G1 X50.000 Y90.000 E8227.61282 F7200
G1 X50.000 Y85.000 E8227.78744 F7200
G1 X50.000 Y80.000 E8227.96205 F7200
G1 X50.000 Y75.000 E8228.13667 F7200
G1 X50.000 Y70.000 E8228.31129 F7200
G1 X50.000 Y65.000 E8228.48590 F7200
G1 X50.000 Y60.000 E8228.66052 F7200
G1 X50.000 Y55.000 E8228.83513 F7200
G1 X50.000 Y50.000 E8229.00975 F7200
;TYPE:Sparse infill
G1 X51.000 Y51.000 F12000
G1 X169.000 Y51.000 E8233.13068 F15000
G1 X169.000 Y56.000 F12000
G1 X51.000 Y56.000 E8237.25161 F15000
G1 X51.000 Y61.000 F12000
G1 X169.000 Y61.000 E8241.37254 F15000
G1 X169.000 Y66.000 F12000
G1 X51.000 Y66.000 E8245.49347 F15000
G1 X51.000 Y71.000 F12000
G1 X169.000 Y71.000 E8249.61440 F15000
G1 X169.000 Y76.000 F12000
G1 X51.000 Y76.000 E8253.73533 F15000
G1 X51.000 Y81.000 F12000
G1 X169.000 Y81.000 E8257.85626 F15000
G1 X169.000 Y86.000 F12000
G1 X51.000 Y86.000 E8261.97719 F15000
G1 X51.000 Y91.000 F12000
G1 X169.000 Y91.000 E8266.09812 F15000
G1 X169.000 Y96.000 F12000
G1 X51.000 Y96.000 E8270.21906 F15000
G1 X51.000 Y101.000 F12000
G1 X169.000 Y101.000 E8274.33999 F15000
G1 X169.000 Y106.000 F12000
G1 X51.000 Y106.000 E8278.46092 F15000
G1 X51.000 Y111.000 F12000
G1 X169.000 Y111.000 E8282.58185 F15000
G1 X169.000 Y116.000 F12000
G1 X51.000 Y116.000 E8286.70278 F15000
G1 X51.000 Y121.000 F12000
G1 X169.000 Y121.000 E8290.82371 F15000
G1 X169.000 Y126.000 F12000
G1 X51.000 Y126.000 E8294.94464 F15000
G1 X51.000 Y131.000 F12000
G1 X169.000 Y131.000 E8299.06557 F15000
G1 X169.000 Y136.000 F12000
G1 X51.000 Y136.000 E8303.18650 F15000
G1 X51.000 Y141.000 F12000
G1 X169.000 Y141.000 E8307.30743 F15000
G1 X169.000 Y146.000 F12000
G1 X51.000 Y146.000 E8311.42836 F15000
G1 X51.000 Y151.000 F12000
G1 X169.000 Y151.000 E8315.54929 F15000
G1 X169.000 Y156.000 F12000
G1 X51.000 Y156.000 E8319.67022 F15000
G1 X51.000 Y161.000 F12000
G1 X169.000 Y161.000 E8323.79116 F15000
G1 X169.000 Y166.000 F12000
G1 X51.000 Y166.000 E8327.91209 F15000
;LAYER_CHANGE
;Z:14.600
G1 Z14.600 F600
;TYPE:Outer wall
G1 X50.000 Y50.000 F7200
G1 X55.000 Y50.000 E8328.08670 F7200
G1 X60.000 Y50.000 E8328.26132 F7200
G1 X65.000 Y50.000 E8328.43593 F7200
G1 X70.000 Y50.000 E8328.61055 F7200
G1 X75.000 Y50.000 E8328.78516 F7200
G1 X80.000 Y50.000 E8328.95978 F7200
G1 X85.000 Y50.000 E8329.13440 F7200
G1 X90.000 Y50.000 E8329.30901 F7200
G1 X95.000 Y50.000 E8329.48363 F7200
G1 X100.000 Y50.000 E8329.65824 F7200
G1 X105.000 Y50.000 E8329.83286 F7200
G1 X110.000 Y50.000 E8330.00747 F7200
G1 X115.000 Y50.000 E8330.18209 F7200
G1 X120.000 Y50.000 E8330.35671 F7200
G1 X125.000 Y50.000 E8330.53132 F7200
G1 X130.000 Y50.000 E8330.70594 F7200
G1 X135.000 Y50.000 E8330.88055 F7200
G1 X140.000 Y50.000 E8331.05517 F7200
G1 X145.000 Y50.000 E8331.22978 F7200
G1 X150.000 Y50.000 E8331.40440 F7200
G1 X155.000 Y50.000 E8331.57902 F7200
G1 X160.000 Y50.000 E8331.75363 F7200
G1 X165.000 Y50.000 E8331.92825 F7200
G1 X170.000 Y50.000 E8332.10286 F7200
G1 X170.000 Y55.000 E8332.27748 F7200
G1 X170.000 Y60.000 E8332.45209 F7200
G1 X170.000 Y65.000 E8332.62671 F7200
G1 X170.000 Y70.000 E8332.80133 F7200
G1 X170.000 Y75.000 E8332.97594 F7200
G1 X170.000 Y80.000 E8333.15056 F7200
G1 X170.000 Y85.000 E8333.32517 F7200
G1 X170.000 Y90.000 E8333.49979 F7200
G1 X170.000 Y95.000 E8333.67440 F7200
G1 X170.000 Y100.000 E8333.84902 F7200
G1 X170.000 Y105.000 E8334.02364 F7200
G1 X170.000 Y110.000 E8334.19825 F7200
G1 X170.000 Y115.000 E8334.37287 F7200
G1 X170.000 Y120.000 E8334.54748 F7200
G1 X170.000 Y125.000 E8334.72210 F7200
G1 X170.000 Y130.000 E8334.89671 F7200
G1 X170.000 Y135.000 E8335.07133 F7200
G1 X170.000 Y140.000 E8335.24595 F7200
G1 X170.000 Y145.000 E8335.42056 F7200
G1 X170.000 Y150.000 E8335.59518 F7200
G1 X170.000 Y155.000 E8335.76979 F7200
G1 X170.000 Y160.000 E8335.94441 F7200
G1 X170.000 Y165.000 E8336.11902 F7200
G1 X170.000 Y170.000 E8336.29364 F7200
G1 X165.000 Y170.000 E8336.46826 F7200
G1 X160.000 Y170.000 E8336.64287 F7200
G1 X155.000 Y170.000 E8336.81749 F7200
G1 X150.000 Y170.000 E8336.99210 F7200
G1 X145.000 Y170.000 E8337.16672 F7200
G1 X140.000 Y170.000 E8337.34133 F7200
G1 X135.000 Y170.000 E8337.51595 F7200
G1 X130.000 Y170.000 E8337.69057 F7200
G1 X125.000 Y170.000 E8337.86518 F7200
G1 X120.000 Y170.000 E8338.03980 F7200
G1 X115.000 Y170.000 E8338.21441 F7200
G1 X110.000 Y170.000 E8338.38903 F7200
G1 X105.000 Y170.000 E8338.56364 F7200
G1 X100.000 Y170.000 E8338.73826 F7200
G1 X95.000 Y170.000 E8338.91288 F7200
G1 X90.000 Y170.000 E8339.08749 F7200
G1 X85.000 Y170.000 E8339.26211 F7200
G1 X80.000 Y170.000 E8339.43672 F7200
G1 X75.000 Y170.000 E8339.61134 F7200
G1 X70.000 Y170.000 E8339.78595 F7200
G1 X65.000 Y170.000 E8339.96057 F7200
G1 X60.000 Y170.000 E8340.13519 F7200
G1 X55.000 Y170.000 E8340.30980 F7200
G1 X50.000 Y170.000 E8340.48442 F7200
G1 X50.000 Y165.000 E8340.65903 F7200
G1 X50.000 Y160.000 E8340.83365 F7200
G1 X50.000 Y155.000 E8341.00826 F7200
G1 X50.000 Y150.000 E8341.18288 F7200
G1 X50.000 Y145.000 E8341.35750 F7200
G1 X50.000 Y140.000 E8341.53211 F7200
G1 X50.000 Y135.000 E8341.70673 F7200
G1 X50.000 Y130.000 E8341.88134 F7200
G1 X50.000 Y125.000 E8342.05596 F7200
G1 X50.000 Y120.000 E8342.23057 F7200
G1 X50.000 Y115.000 E8342.40519 F7200
G1 X50.000 Y110.000 E8342.57981 F7200
G1 X50.000 Y105.000 E8342.75442 F7200
G1 X50.000 Y100.000 E8342.92904 F7200
G1 X50.000 Y95.000 E8343.10365 F7200
G1 X50.000 Y90.000 E8343.27827 F7200
G1 X50.000 Y85.000 E8343.45288 F7200
G1 X50.000 Y80.000 E8343.62750 F7200
G1 X50.000 Y75.000 E8343.80212 F7200
G1 X50.000 Y70.000 E8343.97673 F7200
G1 X50.000 Y65.000 E8344.15135 F7200
G1 X50.000 Y60.000 E8344.32596 F7200
G1 X50.000 Y55.000 E8344.50058 F7200
G1 X50.000 Y50.000 E8344.67519 F7200
;TYPE:Sparse infill
G1 X51.000 Y51.000 F12000
G1 X169.000 Y51.000 E8348.79612 F15000
G1 X169.000 Y56.000 F12000
G1 X51.000 Y56.000 E8352.91706 F15000
G1 X51.000 Y61.000 F12000
G1 X169.000 Y61.000 E8357.03799 F15000
G1 X169.000 Y66.000 F12000
G1 X51.000 Y66.000 E8361.15892 F15000
G1 X51.000 Y71.000 F12000
G1 X169.000 Y71.000 E8365.27985 F15000
G1 X169.000 Y76.000 F12000
G1 X51.000 Y76.000 E8369.40078 F15000
G1 X51.000 Y81.000 F12000
G1 X169.000 Y81.000 E8373.52171 F15000
G1 X169.000 Y86.000 F12000
G1 X51.000 Y86.000 E8377.64264 F15000
G1 X51.000 Y91.000 F12000
G1 X169.000 Y91.000 E8381.76357 F15000
G1 X169.000 Y96.000 F12000
G1 X51.000 Y96.000 E8385.88450 F15000
G1 X51.000 Y101.000 F12000
G1 X169.000 Y101.000 E8390.00543 F15000
G1 X169.000 Y106.000 F12000
G1 X51.000 Y106.000 E8394.12636 F15000
G1 X51.000 Y111.000 F12000
G1 X169.000 Y111.000 E8398.24729 F15000
G1 X169.000 Y116.000 F12000
G1 X51.000 Y116.000 E8402.36822 F15000
G1 X51.000 Y121.000 F12000
G1 X169.000 Y121.000 E8406.48915 F15000
G1 X169.000 Y126.000 F12000
G1 X51.000 Y126.000 E8410.61009 F15000
G1 X51.000 Y131.000 F12000
G1 X169.000 Y131.000 E8414.73102 F15000
G1 X169.000 Y136.000 F12000
G1 X51.000 Y136.000 E8418.85195 F15000
G1 X51.000 Y141.000 F12000
G1 X169.000 Y141.000 E8422.97288 F15000
G1 X169.000 Y146.000 F12000
G1 X51.000 Y146.000 E8427.09381 F15000
G1 X51.000 Y151.000 F12000
G1 X169.000 Y151.000 E8431.21474 F15000
G1 X169.000 Y156.000 F12000
G1 X51.000 Y156.000 E8435.33567 F15000
G1 X51.000 Y161.000 F12000
G1 X169.000 Y161.000 E8439.45660 F15000
G1 X169.000 Y166.000 F12000
G1 X51.000 Y166.000 E8443.57753 F15000
;LAYER_CHANGE
;Z:14.800
G1 Z14.800 F600
;TYPE:Outer wall
G1 X50.000 Y50.000 F7200
G1 X55.000 Y50.000 E8443.75215 F7200
G1 X60.000 Y50.000 E8443.92676 F7200
G1 X65.000 Y50.000 E8444.10138 F7200
G1 X70.000 Y50.000 E8444.27599 F7200
G1 X75.000 Y50.000 E8444.45061 F7200
G1 X80.000 Y50.000 E8444.62523 F7200
G1 X85.000 Y50.000 E8444.79984 F7200
G1 X90.000 Y50.000 E8444.97446 F7200
G1 X95.000 Y50.000 E8445.14907 F7200
G1 X100.000 Y50.000 E8445.32369 F7200
G1 X105.000 Y50.000 E8445.49830 F7200
G1 X110.000 Y50.000 E8445.67292 F7200
G1 X115.000 Y50.000 E8445.84754 F7200
G1 X120.000 Y50.000 E8446.02215 F7200
G1 X125.000 Y50.000 E8446.19677 F7200
G1 X130.000 Y50.000 E8446.37138 F7200
G1 X135.000 Y50.000 E8446.54600 F7200
G1 X140.000 Y50.000 E8446.72061 F7200
G1 X145.000 Y50.000 E8446.89523 F7200
G1 X150.000 Y50.000 E8447.06985 F7200
G1 X155.000 Y50.000 E8447.24446 F7200
G1 X160.000 Y50.000 E8447.41908 F7200
G1 X165.000 Y50.000 E8447.59369 F7200
G1 X170.000 Y50.000 E8447.76831 F7200
G1 X170.000 Y55.000 E8447.94292 F7200
G1 X170.000 Y60.000 E8448.11754 F7200
G1 X170.000 Y65.000 E8448.29216 F7200
G1 X170.000 Y70.000 E8448.46677 F7200
G1 X170.000 Y75.000 E8448.64139 F7200
G1 X170.000 Y80.000 E8448.81600 F7200
G1 X170.000 Y85.000 E8448.99062 F7200
G1 X170.000 Y90.000 E8449.16523 F7200
G1 X170.000 Y95.000 E8449.33985 F7200
G1 X170.000 Y100.000 E8449.51447 F7200
G1 X170.000 Y105.000 E8449.68908 F7200
G1 X170.000 Y110.000 E8449.86370 F7200
G1 X170.000 Y115.000 E8450.03831 F7200
G1 X170.000 Y120.000 E8450.21293 F7200
G1 X170.000 Y125.000 E8450.38754 F7200
G1 X170.000 Y130.000 E8450.56216 F7200
G1 X170.000 Y135.000 E8450.73678 F7200
G1 X170.000 Y140.000 E8450.91139 F7200
G1 X170.000 Y145.000 E8451.08601 F7200
G1 X170.000 Y150.000 E8451.26062 F7200
G1 X170.000 Y155.000 E8451.43524 F7200
G1 X170.000 Y160.000 E8451.60985 F7200
G1 X170.000 Y165.000 E8451.78447 F7200
G1 X170.000 Y170.000 E8451.95909 F7200
G1 X165.000 Y170.000 E8452.13370 F7200
G1 X160.000 Y170.000 E8452.30832 F7200
G1 X155.000 Y170.000 E8452.48293 F7200
G1 X150.000 Y170.000 E8452.65755 F7200
G1 X145.000 Y170.000 E8452.83216 F7200
G1 X140.000 Y170.000 E8453.00678 F7200
G1 X135.000 Y170.000 E8453.18140 F7200
G1 X130.000 Y170.000 E8453.35601 F7200
G1 X125.000 Y170.000 E8453.53063 F7200
G1 X120.000 Y170.000 E8453.70524 F7200
G1 X115.000 Y170.000 E8453.87986 F7200
G1 X110.000 Y170.000 E8454.05447 F7200
G1 X105.000 Y170.000 E8454.22909 F7200
G1 X100.000 Y170.000 E8454.40371 F7200
G1 X95.000 Y170.000 E8454.57832 F7200
G1 X90.000 Y170.000 E8454.75294 F7200
G1 X85.000 Y170.000 E8454.92755 F7200
G1 X80.000 Y170.000 E8455.10217 F7200
G1 X75.000 Y170.000 E8455.27678 F7200
G1 X70.000 Y170.000 E8455.45140 F7200
G1 X65.000 Y170.000 E8455.62602 F7200
G1 X60.000 Y170.000 E8455.80063 F7200
G1 X55.000 Y170.000 E8455.97525 F7200
G1 X50.000 Y170.000 E8456.14986 F7200
G1 X50.000 Y165.000 E8456.32448 F7200
G1 X50.000 Y160.000 E8456.49909 F7200
G1 X50.000 Y155.000 E8456.67371 F7200
G1 X50.000 Y150.000 E8456.84833 F7200
G1 X50.000 Y145.000 E8457.02294 F7200
G1 X50.000 Y140.000 E8457.19756 F7200
G1 X50.000 Y135.000 E8457.37217 F7200
G1 X50.000 Y130.000 E8457.54679 F7200
G1 X50.000 Y125.000 E8457.72140 F7200
G1 X50.000 Y120.000 E8457.89602 F7200
G1 X50.000 Y115.000 E8458.07064 F7200
G1 X50.000 Y110.000 E8458.24525 F7200
G1 X50.000 Y105.000 E8458.41987 F7200
G1 X50.000 Y100.000 E8458.59448 F7200
G1 X50.000 Y95.000 E8458.76910 F7200
G1 X50.000 Y90.000 E8458.94371 F7200
G1 X50.000 Y85.000 E8459.11833 F7200
G1 X50.000 Y80.000 E8459.29295 F7200
G1 X50.000 Y75.000 E8459.46756 F7200
G1 X50.000 Y70.000 E8459.64218 F7200
G1 X50.000 Y65.000 E8459.81679 F7200
G1 X50.000 Y60.000 E8459.99141 F7200
G1 X50.000 Y55.000 E8460.16602 F7200
G1 X50.000 Y50.000 E8460.34064 F7200
;TYPE:Sparse infill
G1 X51.000 Y51.000 F12000
G1 X169.000 Y51.000 E8464.46157 F15000
G1 X169.000 Y56.000 F12000
G1 X51.000 Y56.000 E8468.58250 F15000
G1 X51.000 Y61.000 F12000
G1 X169.000 Y61.000 E8472.70343 F15000
G1 X169.000 Y66.000 F12000
G1 X51.000 Y66.000 E8476.82436 F15000
G1 X51.000 Y71.000 F12000
G1 X169.000 Y71.000 E8480.94529 F15000
G1 X169.000 Y76.000 F12000
G1 X51.000 Y76.000 E8485.06622 F15000
G1 X51.000 Y81.000 F12000
G1 X169.000 Y81.000 E8489.18715 F15000
G1 X169.000 Y86.000 F12000
G1 X51.000 Y86.000 E8493.30809 F15000
G1 X51.000 Y91.000 F12000
G1 X169.000 Y91.000 E8497.42902 F15000
G1 X169.000 Y96.000 F12000
G1 X51.000 Y96.000 E8501.54995 F15000
G1 X51.000 Y101.000 F12000
G1 X169.000 Y101.000 E8505.67088 F15000
G1 X169.000 Y106.000 F12000
G1 X51.000 Y106.000 E8509.79181 F15000
G1 X51.000 Y111.000 F12000
G1 X169.000 Y111.000 E8513.91274 F15000
G1 X169.000 Y116.000 F12000
G1 X51.000 Y116.000 E8518.03367 F15000
G1 X51.000 Y121.000 F12000
G1 X169.000 Y121.000 E8522.15460 F15000
G1 X169.000 Y126.000 F12000
G1 X51.000 Y126.000 E8526.27553 F15000
G1 X51.000 Y131.000 F12000
G1 X169.000 Y131.000 E8530.39646 F15000
G1 X169.000 Y136.000 F12000
G1 X51.000 Y136.000 E8534.51739 F15000
G1 X51.000 Y141.000 F12000
G1 X169.000 Y141.000 E8538.63832 F15000
G1 X169.000 Y146.000 F12000
G1 X51.000 Y146.000 E8542.75925 F15000
G1 X51.000 Y151.000 F12000
G1 X169.000 Y151.000 E8546.88018 F15000
G1 X169.000 Y156.000 F12000
G1 X51.000 Y156.000 E8551.00112 F15000
G1 X51.000 Y161.000 F12000
G1 X169.000 Y161.000 E8555.12205 F15000
G1 X169.000 Y166.000 F12000
G1 X51.000 Y166.000 E8559.24298 F15000
;LAYER_CHANGE
;Z:15.000
G1 Z15.000 F600
;TYPE:Outer wall
G1 X50.000 Y50.000 F7200
G1 X55.000 Y50.000 E8559.41759 F7200
G1 X60.000 Y50.000 E8559.59221 F7200
G1 X65.000 Y50.000 E8559.76682 F7200
G1 X70.000 Y50.000 E8559.94144 F7200
G1 X75.000 Y50.000 E8560.11606 F7200
G1 X80.000 Y50.000 E8560.29067 F7200
G1 X85.000 Y50.000 E8560.46529 F7200
G1 X90.000 Y50.000 E8560.63990 F7200
G1 X95.000 Y50.000 E8560.81452 F7200
G1 X100.000 Y50.000 E8560.98913 F7200
G1 X105.000 Y50.000 E8561.16375 F7200
G1 X110.000 Y50.000 E8561.33837 F7200
G1 X115.000 Y50.000 E8561.51298 F7200
G1 X120.000 Y50.000 E8561.68760 F7200
G1 X125.000 Y50.000 E8561.86221 F7200
G1 X130.000 Y50.000 E8562.03683 F7200
G1 X135.000 Y50.000 E8562.21144 F7200
G1 X140.000 Y50.000 E8562.38606 F7200
G1 X145.000 Y50.000 E8562.56068 F7200
G1 X150.000 Y50.000 E8562.73529 F7200
G1 X155.000 Y50.000 E8562.90991 F7200
G1 X160.000 Y50.000 E8563.08452 F7200
G1 X165.000 Y50.000 E8563.25914 F7200
G1 X170.000 Y50.000 E8563.43375 F7200
G1 X170.000 Y55.000 E8563.60837 F7200
G1 X170.000 Y60.000 E8563.78299 F7200
G1 X170.000 Y65.000 E8563.95760 F7200
G1 X170.000 Y70.000 E8564.13222 F7200
G1 X170.000 Y75.000 E8564.30683 F7200
G1 X170.000 Y80.000 E8564.48145 F7200
G1 X170.000 Y85.000 E8564.65606 F7200
G1 X170.000 Y90.000 E8564.83068 F7200
G1 X170.000 Y95.000 E8565.00530 F7200
G1 X170.000 Y100.000 E8565.17991 F7200
G1 X170.000 Y105.000 E8565.35453 F7200
G1 X170.000 Y110.000 E8565.52914 F7200
G1 X170.000 Y115.000 E8565.70376 F7200
G1 X170.000 Y120.000 E8565.87837 F7200
G1 X170.000 Y125.000 E8566.05299 F7200
G1 X170.000 Y130.000 E8566.22761 F7200
G1 X170.000 Y135.000 E8566.40222 F7200
G1 X170.000 Y140.000 E8566.57684 F7200
G1 X170.000 Y145.000 E8566.75145 F7200
G1 X170.000 Y150.000 E8566.92607 F7200
G1 X170.000 Y155.000 E8567.10068 F7200
G1 X170.000 Y160.000 E8567.27530 F7200
G1 X170.000 Y165.000 E8567.44992 F7200
G1 X170.000 Y170.000 E8567.62453 F7200
G1 X165.000 Y170.000 E8567.79915 F7200
G1 X160.000 Y170.000 E8567.97376 F7200
G1 X155.000 Y170.000 E8568.14838 F7200
G1 X150.000 Y170.000 E8568.32299 F7200
G1 X145.000 Y170.000 E8568.49761 F7200
G1 X140.000 Y170.000 E8568.67223 F7200
G1 X135.000 Y170.000 E8568.84684 F7200
G1 X130.000 Y170.000 E8569.02146 F7200
G1 X125.000 Y170.000 E8569.19607 F7200
G1 X120.000 Y170.000 E8569.37069 F7200
G1 X115.000 Y170.000 E8569.54530 F7200
G1 X110.000 Y170.000 E8569.71992 F7200
G1 X105.000 Y170.000 E8569.89454 F7200
G1 X100.000 Y170.000 E8570.06915 F7200
G1 X95.000 Y170.000 E8570.24377 F7200
G1 X90.000 Y170.000 E8570.41838 F7200
G1 X85.000 Y170.000 E8570.59300 F7200
G1 X80.000 Y170.000 E8570.76761 F7200
G1 X75.000 Y170.000 E8570.94223 F7200
G1 X70.000 Y170.000 E8571.11685 F7200
G1 X65.000 Y170.000 E8571.29146 F7200
G1 X60.000 Y170.000 E8571.46608 F7200
G1 X55.000 Y170.000 E8571.64069 F7200
G1 X50.000 Y170.000 E8571.81531 F7200
G1 X50.000 Y165.000 E8571.98992 F7200
G1 X50.000 Y160.000 E8572.16454 F7200
G1 X50.000 Y155.000 E8572.33916 F7200
G1 X50.000 Y150.000 E8572.51377 F7200
G1 X50.000 Y145.000 E8572.68839 F7200
G1 X50.000 Y140.000 E8572.86300 F7200
G1 X50.000 Y135.000 E8573.03762 F7200
G1 X50.000 Y130.000 E8573.21223 F7200
G1 X50.000 Y125.000 E8573.38685 F7200
G1 X50.000 Y120.000 E8573.56147 F7200
G1 X50.000 Y115.000 E8573.73608 F7200
G1 X50.000 Y110.000 E8573.91070 F7200
G1 X50.000 Y105.000 E8574.08531 F7200
G1 X50.000 Y100.000 E8574.25993 F7200
G1 X50.000 Y95.000 E8574.43454 F7200
G1 X50.000 Y90.000 E8574.60916 F7200
G1 X50.000 Y85.000 E8574.78378 F7200
G1 X50.000 Y80.000 E8574.95839 F7200
G1 X50.000 Y75.000 E8575.13301 F7200
G1 X50.000 Y70.000 E8575.30762 F7200
G1 X50.000 Y65.000 E8575.48224 F7200
G1 X50.000 Y60.000 E8575.65685 F7200
G1 X50.000 Y55.000 E8575.83147 F7200
G1 X50.000 Y50.000 E8576.00609 F7200
;TYPE:Sparse infill
G1 X51.000 Y51.000 F12000
G1 X169.000 Y51.000 E8580.12702 F15000
G1 X169.000 Y56.000 F12000
G1 X51.000 Y56.000 E8584.24795 F15000
G1 X51.000 Y61.000 F12000
G1 X169.000 Y61.000 E8588.36888 F15000
G1 X169.000 Y66.000 F12000
G1 X51.000 Y66.000 E8592.48981 F15000
G1 X51.000 Y71.000 F12000
G1 X169.000 Y71.000 E8596.61074 F15000
G1 X169.000 Y76.000 F12000
G1 X51.000 Y76.000 E8600.73167 F15000
G1 X51.000 Y81.000 F12000
G1 X169.000 Y81.000 E8604.85260 F15000
G1 X169.000 Y86.000 F12000
G1 X51.000 Y86.000 E8608.97353 F15000
G1 X51.000 Y91.000 F12000
G1 X169.000 Y91.000 E8613.09446 F15000
G1 X169.000 Y96.000 F12000
G1 X51.000 Y96.000 E8617.21539 F15000
G1 X51.000 Y101.000 F12000
G1 X169.000 Y101.000 E8621.33632 F15000
G1 X169.000 Y106.000 F12000
G1 X51.000 Y106.000 E8625.45725 F15000
G1 X51.000 Y111.000 F12000
G1 X169.000 Y111.000 E8629.57818 F15000
G1 X169.000 Y116.000 F12000
G1 X51.000 Y116.000 E8633.69912 F15000
G1 X51.000 Y121.000 F12000
G1 X169.000 Y121.000 E8637.82005 F15000
G1 X169.000 Y126.000 F12000
G1 X51.000 Y126.000 E8641.94098 F15000
G1 X51.000 Y131.000 F12000
G1 X169.000 Y131.000 E8646.06191 F15000
G1 X169.000 Y136.000 F12000
G1 X51.000 Y136.000 E8650.18284 F15000
G1 X51.000 Y141.000 F12000
G1 X169.000 Y141.000 E8654.30377 F15000
G1 X169.000 Y146.000 F12000
G1 X51.000 Y146.000 E8658.42470 F15000
G1 X51.000 Y151.000 F12000
G1 X169.000 Y151.000 E8662.54563 F15000
G1 X169.000 Y156.000 F12000
G1 X51.000 Y156.000 E8666.66656 F15000
G1 X51.000 Y161.000 F12000
G1 X169.000 Y161.000 E8670.78749 F15000
G1 X169.000 Y166.000 F12000
G1 X51.000 Y166.000 E8674.90842 F15000
;LAYER_CHANGE
;Z:15.200
G1 Z15.200 F600
;TYPE:Outer wall
G1 X50.000 Y50.000 F7200
G1 X55.000 Y50.000 E8675.08304 F7200
G1 X60.000 Y50.000 E8675.25765 F7200
G1 X65.000 Y50.000 E8675.43227 F7200
G1 X70.000 Y50.000 E8675.60689 F7200
G1 X75.000 Y50.000 E8675.78150 F7200
G1 X80.000 Y50.000 E8675.95612 F7200
G1 X85.000 Y50.000 E8676.13073 F7200
G1 X90.000 Y50.000 E8676.30535 F7200
G1 X95.000 Y50.000 E8676.47996 F7200
G1 X100.000 Y50.000 E8676.65458 F7200
G1 X105.000 Y50.000 E8676.82920 F7200
G1 X110.000 Y50.000 E8677.00381 F7200
G1 X115.000 Y50.000 E8677.17843 F7200
G1 X120.000 Y50.000 E8677.35304 F7200
G1 X125.000 Y50.000 E8677.52766 F7200
G1 X130.000 Y50.000 E8677.70227 F7200
G1 X135.000 Y50.000 E8677.87689 F7200
G1 X140.000 Y50.000 E8678.05151 F7200
G1 X145.000 Y50.000 E8678.22612 F7200
G1 X150.000 Y50.000 E8678.40074 F7200
G1 X155.000 Y50.000 E8678.57535 F7200
G1 X160.000 Y50.000 E8678.74997 F7200
G1 X165.000 Y50.000 E8678.92458 F7200
G1 X170.000 Y50.000 E8679.09920 F7200
G1 X170.000 Y55.000 E8679.27382 F7200
G1 X170.000 Y60.000 E8679.44843 F7200
G1 X170.000 Y65.000 E8679.62305 F7200
G1 X170.000 Y70.000 E8679.79766 F7200
G1 X170.000 Y75.000 E8679.97228 F7200
G1 X170.000 Y80.000 E8680.14689 F7200
G1 X170.000 Y85.000 E8680.32151 F7200
G1 X170.000 Y90.000 E8680.49613 F7200
G1 X170.000 Y95.000 E8680.67074 F7200
G1 X170.000 Y100.000 E8680.84536 F7200
G1 X170.000 Y105.000 E8681.01997 F7200
G1 X170.000 Y110.000 E8681.19459 F7200
G1 X170.000 Y115.000 E8681.36920 F7200
G1 X170.000 Y120.000 E8681.54382 F7200
G1 X170.000 Y125.000 E8681.71844 F7200
G1 X170.000 Y130.000 E8681.89305 F7200
G1 X170.000 Y135.000 E8682.06767 F7200
G1 X170.000 Y140.000 E8682.24228 F7200
G1 X170.000 Y145.000 E8682.41690 F7200
G1 X170.000 Y150.000 E8682.59151 F7200
G1 X170.000 Y155.000 E8682.76613 F7200
G1 X170.000 Y160.000 E8682.94075 F7200
G1 X170.000 Y165.000 E8683.11536 F7200
G1 X170.000 Y170.000 E8683.28998 F7200
G1 X165.000 Y170.000 E8683.46459 F7200
G1 X160.000 Y170.000 E8683.63921 F7200
G1 X155.000 Y170.000 E8683.81382 F7200
G1 X150.000 Y170.000 E8683.98844 F7200
G1 X145.000 Y170.000 E8684.16306 F7200
G1 X140.000 Y170.000 E8684.33767 F7200
G1 X135.000 Y170.000 E8684.51229 F7200
G1 X130.000 Y170.000 E8684.68690 F7200
G1 X125.000 Y170.000 E8684.86152 F7200
G1 X120.000 Y170.000 E8685.03613 F7200
G1 X115.000 Y170.000 E8685.21075 F7200
G1 X110.000 Y170.000 E8685.38537 F7200
G1 X105.000 Y170.000 E8685.55998 F7200
G1 X100.000 Y170.000 E8685.73460 F7200
G1 X95.000 Y170.000 E8685.90921 F7200
G1 X90.000 Y170.000 E8686.08383 F7200
G1 X85.000 Y170.000 E8686.25844 F7200
G1 X80.000 Y170.000 E8686.43306 F7200
G1 X75.000 Y170.000 E8686.60768 F7200
G1 X70.000 Y170.000 E8686.78229 F7200
G1 X65.000 Y170.000 E8686.95691 F7200
G1 X60.000 Y170.000 E8687.13152 F7200
G1 X55.000 Y170.000 E8687.30614 F7200
G1 X50.000 Y170.000 E8687.48075 F7200
G1 X50.000 Y165.000 E8687.65537 F7200
G1 X50.000 Y160.000 E8687.82999 F7200
G1 X50.000 Y155.000 E8688.00460 F7200
G1 X50.000 Y150.000 E8688.17922 F7200
G1 X50.000 Y145.000 E8688.35383 F7200
G1 X50.000 Y140.000 E8688.52845 F7200
G1 X50.000 Y135.000 E8688.70306 F7200
G1 X50.000 Y130.000 E8688.87768 F7200
G1 X50.000 Y125.000 E8689.05230 F7200
G1 X50.000 Y120.000 E8689.22691 F7200
G1 X50.000 Y115.000 E8689.40153 F7200
G1 X50.000 Y110.000 E8689.57614 F7200
G1 X50.000 Y105.000 E8689.75076 F7200
G1 X50.000 Y100.000 E8689.92537 F7200
G1 X50.000 Y95.000 E8690.09999 F7200
G1 X50.000 Y90.000 E8690.27461 F7200
G1 X50.000 Y85.000 E8690.44922 F7200
G1 X50.000 Y80.000 E8690.62384 F7200
G1 X50.000 Y75.000 E8690.79845 F7200
G1 X50.000 Y70.000 E8690.97307 F7200
G1 X50.000 Y65.000 E8691.14768 F7200
G1 X50.000 Y60.000 E8691.32230 F7200
G1 X50.000 Y55.000 E8691.49692 F7200
G1 X50.000 Y50.000 E8691.67153 F7200
;TYPE:Sparse infill
G1 X51.000 Y51.000 F12000
G1 X169.000 Y51.000 E8695.79246 F15000
G1 X169.000 Y56.000 F12000
G1 X51.000 Y56.000 E8699.91339 F15000
G1 X51.000 Y61.000 F12000
G1 X169.000 Y61.000 E8704.03432 F15000
G1 X169.000 Y66.000 F12000
G1 X51.000 Y66.000 E8708.15525 F15000
G1 X51.000 Y71.000 F12000
G1 X169.000 Y71.000 E8712.27618 F15000
G1 X169.000 Y76.000 F12000
G1 X51.000 Y76.000 E8716.39712 F15000
G1 X51.000 Y81.000 F12000
G1 X169.000 Y81.000 E8720.51805 F15000
G1 X169.000 Y86.000 F12000
G1 X51.000 Y86.000 E8724.63898 F15000
G1 X51.000 Y91.000 F12000
G1 X169.000 Y91.000 E8728.75991 F15000
G1 X169.000 Y96.000 F12000
G1 X51.000 Y96.000 E8732.88084 F15000
G1 X51.000 Y101.000 F12000
G1 X169.000 Y101.000 E8737.00177 F15000
G1 X169.000 Y106.000 F12000
G1 X51.000 Y106.000 E8741.12270 F15000
G1 X51.000 Y111.000 F12000
G1 X169.000 Y111.000 E8745.24363 F15000
G1 X169.000 Y116.000 F12000
G1 X51.000 Y116.000 E8749.36456 F15000
G1 X51.000 Y121.000 F12000
G1 X169.000 Y121.000 E8753.48549 F15000
G1 X169.000 Y126.000 F12000
G1 X51.000 Y126.000 E8757.60642 F15000
G1 X51.000 Y131.000 F12000
G1 X169.000 Y131.000 E8761.72735 F15000
G1 X169.000 Y136.000 F12000
G1 X51.000 Y136.000 E8765.84828 F15000
G1 X51.000 Y141.000 F12000
G1 X169.000 Y141.000 E8769.96921 F15000
G1 X169.000 Y146.000 F12000
G1 X51.000 Y146.000 E8774.09015 F15000
G1 X51.000 Y151.000 F12000
G1 X169.000 Y151.000 E8778.21108 F15000
G1 X169.000 Y156.000 F12000
G1 X51.000 Y156.000 E8782.33201 F15000
G1 X51.000 Y161.000 F12000
G1 X169.000 Y161.000 E8786.45294 F15000
G1 X169.000 Y166.000 F12000
G1 X51.000 Y166.000 E8790.57387 F15000
;LAYER_CHANGE
;Z:15.400
G1 Z15.400 F600
;TYPE:Outer wall
G1 X50.000 Y50.000 F7200
G1 X55.000 Y50.000 E8790.74848 F7200
G1 X60.000 Y50.000 E8790.92310 F7200
G1 X65.000 Y50.000 E8791.09772 F7200
G1 X70.000 Y50.000 E8791.27233 F7200
G1 X75.000 Y50.000 E8791.44695 F7200
G1 X80.000 Y50.000 E8791.62156 F7200
G1 X85.000 Y50.000 E8791.79618 F7200
G1 X90.000 Y50.000 E8791.97079 F7200
G1 X95.000 Y50.000 E8792.14541 F7200
G1 X100.000 Y50.000 E8792.32003 F7200
G1 X105.000 Y50.000 E8792.49464 F7200
G1 X110.000 Y50.000 E8792.66926 F7200
G1 X115.000 Y50.000 E8792.84387 F7200
G1 X120.000 Y50.000 E8793.01849 F7200
G1 X125.000 Y50.000 E8793.19310 F7200
G1 X130.000 Y50.000 E8793.36772 F7200
G1 X135.000 Y50.000 E8793.54234 F7200
G1 X140.000 Y50.000 E8793.71695 F7200
G1 X145.000 Y50.000 E8793.89157 F7200
G1 X150.000 Y50.000 E8794.06618 F7200
G1 X155.000 Y50.000 E8794.24080 F7200
G1 X160.000 Y50.000 E8794.41541 F7200
G1 X165.000 Y50.000 E8794.59003 F7200
G1 X170.000 Y50.000 E8794.76465 F7200
G1 X170.000 Y55.000 E8794.93926 F7200
G1 X170.000 Y60.000 E8795.11388 F7200
G1 X170.000 Y65.000 E8795.28849 F7200
G1 X170.000 Y70.000 E8795.46311 F7200
G1 X170.000 Y75.000 E8795.63772 F7200
G1 X170.000 Y80.000 E8795.81234 F7200
G1 X170.000 Y85.000 E8795.98696 F7200
G1 X170.000 Y90.000 E8796.16157 F7200
G1 X170.000 Y95.000 E8796.33619 F7200
G1 X170.000 Y100.000 E8796.51080 F7200
G1 X170.000 Y105.000 E8796.68542 F7200
G1 X170.000 Y110.000 E8796.86003 F7200
G1 X170.000 Y115.000 E8797.03465 F7200
G1 X170.000 Y120.000 E8797.20927 F7200
G1 X170.000 Y125.000 E8797.38388 F7200
G1 X170.000 Y130.000 E8797.55850 F7200
G1 X170.000 Y135.000 E8797.73311 F7200
G1 X170.000 Y140.000 E8797.90773 F7200
G1 X170.000 Y145.000 E8798.08234 F7200
G1 X170.000 Y150.000 E8798.25696 F7200
G1 X170.000 Y155.000 E8798.43158 F7200
G1 X170.000 Y160.000 E8798.60619 F7200
G1 X170.000 Y165.000 E8798.78081 F7200
G1 X170.000 Y170.000 E8798.95542 F7200
G1 X165.000 Y170.000 E8799.13004 F7200
G1 X160.000 Y170.000 E8799.30465 F7200
G1 X155.000 Y170.000 E8799.47927 F7200
G1 X150.000 Y170.000 E8799.65389 F7200
G1 X145.000 Y170.000 E8799.82850 F7200
G1 X140.000 Y170.000 E8800.00312 F7200
G1 X135.000 Y170.000 E8800.17773 F7200
G1 X130.000 Y170.000 E8800.35235 F7200
G1 X125.000 Y170.000 E8800.52696 F7200
G1 X120.000 Y170.000 E8800.70158 F7200
G1 X115.000 Y170.000 E8800.87620 F7200
G1 X110.000 Y170.000 E8801.05081 F7200
G1 X105.000 Y170.000 E8801.22543 F7200
G1 X100.000 Y170.000 E8801.40004 F7200
G1 X95.000 Y170.000 E8801.57466 F7200
G1 X90.000 Y170.000 E8801.74927 F7200
G1 X85.000 Y170.000 E8801.92389 F7200
G1 X80.000 Y170.000 E8802.09851 F7200
G1 X75.000 Y170.000 E8802.27312 F7200
G1 X70.000 Y170.000 E8802.44774 F7200
G1 X65.000 Y170.000 E8802.62235 F7200
G1 X60.000 Y170.000 E8802.79697 F7200
G1 X55.000 Y170.000 E8802.97158 F7200
G1 X50.000 Y170.000 E8803.14620 F7200
G1 X50.000 Y165.000 E8803.32082 F7200
G1 X50.000 Y160.000 E8803.49543 F7200
G1 X50.000 Y155.000 E8803.67005 F7200
G1 X50.000 Y150.000 E8803.84466 F7200
G1 X50.000 Y145.000 E8804.01928 F7200
G1 X50.000 Y140.000 E8804.19389 F7200
G1 X50.000 Y135.000 E8804.36851 F7200
G1 X50.000 Y130.000 E8804.54313 F7200
G1 X50.000 Y125.000 E8804.71774 F7200
G1 X50.000 Y120.000 E8804.89236 F7200
G1 X50.000 Y115.000 E8805.06697 F7200
G1 X50.000 Y110.000 E8805.24159 F7200
G1 X50.000 Y105.000 E8805.41620 F7200
G1 X50.000 Y100.000 E8805.59082 F7200
G1 X50.000 Y95.000 E8805.76544 F7200
G1 X50.000 Y90.000 E8805.94005 F7200
G1 X50.000 Y85.000 E8806.11467 F7200
G1 X50.000 Y80.000 E8806.28928 F7200
G1 X50.000 Y75.000 E8806.46390 F7200
G1 X50.000 Y70.000 E8806.63851 F7200
G1 X50.000 Y65.000 E8806.81313 F7200
G1 X50.000 Y60.000 E8806.98775 F7200
G1 X50.000 Y55.000 E8807.16236 F7200
G1 X50.000 Y50.000 E8807.33698 F7200
;TYPE:Sparse infill
G1 X51.000 Y51.000 F12000
G1 X169.000 Y51.000 E8811.45791 F15000
G1 X169.000 Y56.000 F12000
G1 X51.000 Y56.000 E8815.57884 F15000
G1 X51.000 Y61.000 F12000
G1 X169.000 Y61.000 E8819.69977 F15000
G1 X169.000 Y66.000 F12000
G1 X51.000 Y66.000 E8823.82070 F15000
G1 X51.000 Y71.000 F12000
G1 X169.000 Y71.000 E8827.94163 F15000
G1 X169.000 Y76.000 F12000
G1 X51.000 Y76.000 E8832.06256 F15000
G1 X51.000 Y81.000 F12000
G1 X169.000 Y81.000 E8836.18349 F15000
G1 X169.000 Y86.000 F12000
G1 X51.000 Y86.000 E8840.30442 F15000
G1 X51.000 Y91.000 F12000
G1 X169.000 Y91.000 E8844.42535 F15000
G1 X169.000 Y96.000 F12000
G1 X51.000 Y96.000 E8848.54628 F15000
G1 X51.000 Y101.000 F12000
G1 X169.000 Y101.000 E8852.66721 F15000
G1 X169.000 Y106.000 F12000
G1 X51.000 Y106.000 E8856.78815 F15000
G1 X51.000 Y111.000 F12000
G1 X169.000 Y111.000 E8860.90908 F15000
G1 X169.000 Y116.000 F12000
G1 X51.000 Y116.000 E8865.03001 F15000
G1 X51.000 Y121.000 F12000
G1 X169.000 Y121.000 E8869.15094 F15000
G1 X169.000 Y126.000 F12000
G1 X51.000 Y126.000 E8873.27187 F15000
G1 X51.000 Y131.000 F12000
G1 X169.000 Y131.000 E8877.39280 F15000
G1 X169.000 Y136.000 F12000
G1 X51.000 Y136.000 E8881.51373 F15000
G1 X51.000 Y141.000 F12000
G1 X169.000 Y141.000 E8885.63466 F15000
G1 X169.000 Y146.000 F12000
G1 X51.000 Y146.000 E8889.75559 F15000
G1 X51.000 Y151.000 F12000
G1 X169.000 Y151.000 E8893.87652 F15000
G1 X169.000 Y156.000 F12000
G1 X51.000 Y156.000 E8897.99745 F15000
G1 X51.000 Y161.000 F12000
G1 X169.000 Y161.000 E8902.11838 F15000
G1 X169.000 Y166.000 F12000
G1 X51.000 Y166.000 E8906.23931 F15000
;LAYER_CHANGE
;Z:15.600
G1 Z15.600 F600
;TYPE:Outer wall
G1 X50.000 Y50.000 F7200
G1 X55.000 Y50.000 E8906.41393 F7200
G1 X60.000 Y50.000 E8906.58855 F7200
G1 X65.000 Y50.000 E8906.76316 F7200
G1 X70.000 Y50.000 E8906.93778 F7200
G1 X75.000 Y50.000 E8907.11239 F7200
G1 X80.000 Y50.000 E8907.28701 F7200
G1 X85.000 Y50.000 E8907.46162 F7200
G1 X90.000 Y50.000 E8907.63624 F7200
G1 X95.000 Y50.000 E8907.81086 F7200
G1 X100.000 Y50.000 E8907.98547 F7200
G1 X105.000 Y50.000 E8908.16009 F7200
G1 X110.000 Y50.000 E8908.33470 F7200
G1 X115.000 Y50.000 E8908.50932 F7200
G1 X120.000 Y50.000 E8908.68393 F7200
G1 X125.000 Y50.000 E8908.85855 F7200
G1 X130.000 Y50.000 E8909.03317 F7200
G1 X135.000 Y50.000 E8909.20778 F7200
G1 X140.000 Y50.000 E8909.38240 F7200
G1 X145.000 Y50.000 E8909.55701 F7200
G1 X150.000 Y50.000 E8909.73163 F7200
G1 X155.000 Y50.000 E8909.90624 F7200
G1 X160.000 Y50.000 E8910.08086 F7200
G1 X165.000 Y50.000 E8910.25548 F7200
G1 X170.000 Y50.000 E8910.43009 F7200
G1 X170.000 Y55.000 E8910.60471 F7200
G1 X170.000 Y60.000 E8910.77932 F7200
G1 X170.000 Y65.000 E8910.95394 F7200
G1 X170.000 Y70.000 E8911.12855 F7200
G1 X170.000 Y75.000 E8911.30317 F7200
G1 X170.000 Y80.000 E8911.47779 F7200
G1 X170.000 Y85.000 E8911.65240 F7200
G1 X170.000 Y90.000 E8911.82702 F7200
G1 X170.000 Y95.000 E8912.00163 F7200
G1 X170.000 Y100.000 E8912.17625 F7200
G1 X170.000 Y105.000 E8912.35086 F7200
G1 X170.000 Y110.000 E8912.52548 F7200
G1 X170.000 Y115.000 E8912.70010 F7200
G1 X170.000 Y120.000 E8912.87471 F7200
G1 X170.000 Y125.000 E8913.04933 F7200
G1 X170.000 Y130.000 E8913.22394 F7200
G1 X170.000 Y135.000 E8913.39856 F7200
G1 X170.000 Y140.000 E8913.57317 F7200
G1 X170.000 Y145.000 E8913.74779 F7200
G1 X170.000 Y150.000 E8913.92241 F7200
G1 X170.000 Y155.000 E8914.09702 F7200
G1 X170.000 Y160.000 E8914.27164 F7200
G1 X170.000 Y165.000 E8914.44625 F7200
G1 X170.000 Y170.000 E8914.62087 F7200
G1 X165.000 Y170.000 E8914.79548 F7200
G1 X160.000 Y170.000 E8914.97010 F7200
G1 X155.000 Y170.000 E8915.14472 F7200
G1 X150.000 Y170.000 E8915.31933 F7200
G1 X145.000 Y170.000 E8915.49395 F7200
G1 X140.000 Y170.000 E8915.66856 F7200
G1 X135.000 Y170.000 E8915.84318 F7200
G1 X130.000 Y170.000 E8916.01779 F7200
G1 X125.000 Y170.000 E8916.19241 F7200
G1 X120.000 Y170.000 E8916.36703 F7200
G1 X115.000 Y170.000 E8916.54164 F7200
G1 X110.000 Y170.000 E8916.71626 F7200
G1 X105.000 Y170.000 E8916.89087 F7200
G1 X100.000 Y170.000 E8917.06549 F7200
G1 X95.000 Y170.000 E8917.24010 F7200
G1 X90.000 Y170.000 E8917.41472 F7200
G1 X85.000 Y170.000 E8917.58934 F7200
G1 X80.000 Y170.000 E8917.76395 F7200
G1 X75.000 Y170.000 E8917.93857 F7200
G1 X70.000 Y170.000 E8918.11318 F7200
G1 X65.000 Y170.000 E8918.28780 F7200
G1 X60.000 Y170.000 E8918.46241 F7200
G1 X55.000 Y170.000 E8918.63703 F7200
G1 X50.000 Y170.000 E8918.81165 F7200
G1 X50.000 Y165.000 E8918.98626 F7200
G1 X50.000 Y160.000 E8919.16088 F7200
G1 X50.000 Y155.000 E8919.33549 F7200
G1 X50.000 Y150.000 E8919.51011 F7200
G1 X50.000 Y145.000 E8919.68472 F7200
G1 X50.000 Y140.000 E8919.85934 F7200
G1 X50.000 Y135.000 E8920.03396 F7200
G1 X50.000 Y130.000 E8920.20857 F7200
G1 X50.000 Y125.000 E8920.38319 F7200
G1 X50.000 Y120.000 E8920.55780 F7200
G1 X50.000 Y115.000 E8920.73242 F7200
G1 X50.000 Y110.000 E8920.90703 F7200
G1 X50.000 Y105.000 E8921.08165 F7200
G1 X50.000 Y100.000 E8921.25626 F7200
G1 X50.000 Y95.000 E8921.43088 F7200
G1 X50.000 Y90.000 E8921.60550 F7200
G1 X50.000 Y85.000 E8921.78011 F7200
G1 X50.000 Y80.000 E8921.95473 F7200
G1 X50.000 Y75.000 E8922.12934 F7200
G1 X50.000 Y70.000 E8922.30396 F7200
G1 X50.000 Y65.000 E8922.47857 F7200
G1 X50.000 Y60.000 E8922.65319 F7200
G1 X50.000 Y55.000 E8922.82781 F7200
G1 X50.000 Y50.000 E8923.00242 F7200
;TYPE:Sparse infill
G1 X51.000 Y51.000 F12000
G1 X169.000 Y51.000 E8927.12335 F15000
G1 X169.000 Y56.000 F12000
G1 X51.000 Y56.000 E8931.24428 F15000
G1 X51.000 Y61.000 F12000
G1 X169.000 Y61.000 E8935.36521 F15000
G1 X169.000 Y66.000 F12000
G1 X51.000 Y66.000 E8939.48614 F15000
G1 X51.000 Y71.000 F12000
G1 X169.000 Y71.000 E8943.60708 F15000
G1 X169.000 Y76.000 F12000
G1 X51.000 Y76.000 E8947.72801 F15000
G1 X51.000 Y81.000 F12000
G1 X169.000 Y81.000 E8951.84894 F15000
G1 X169.000 Y86.000 F12000
G1 X51.000 Y86.000 E8955.96987 F15000
G1 X51.000 Y91.000 F12000
G1 X169.000 Y91.000 E8960.09080 F15000
G1 X169.000 Y96.000 F12000
G1 X51.000 Y96.000 E8964.21173 F15000
G1 X51.000 Y101.000 F12000
G1 X169.000 Y101.000 E8968.33266 F15000
G1 X169.000 Y106.000 F12000
G1 X51.000 Y106.000 E8972.45359 F15000
G1 X51.000 Y111.000 F12000
G1 X169.000 Y111.000 E8976.57452 F15000
G1 X169.000 Y116.000 F12000
G1 X51.000 Y116.000 E8980.69545 F15000
G1 X51.000 Y121.000 F12000
G1 X169.000 Y121.000 E8984.81638 F15000
G1 X169.000 Y126.000 F12000
G1 X51.000 Y126.000 E8988.93731 F15000
G1 X51.000 Y131.000 F12000
G1 X169.000 Y131.000 E8993.05824 F15000
G1 X169.000 Y136.000 F12000
G1 X51.000 Y136.000 E8997.17918 F15000
G1 X51.000 Y141.000 F12000
G1 X169.000 Y141.000 E9001.30011 F15000
G1 X169.000 Y146.000 F12000
G1 X51.000 Y146.000 E9005.42104 F15000
G1 X51.000 Y151.000 F12000
G1 X169.000 Y151.000 E9009.54197 F15000
G1 X169.000 Y156.000 F12000
G1 X51.000 Y156.000 E9013.66290 F15000
G1 X51.000 Y161.000 F12000
G1 X169.000 Y161.000 E9017.78383 F15000
G1 X169.000 Y166.000 F12000
G1 X51.000 Y166.000 E9021.90476 F15000
;LAYER_CHANGE
;Z:15.800
G1 Z15.800 F600
;TYPE:Outer wall
G1 X50.000 Y50.000 F7200
G1 X55.000 Y50.000 E9022.07938 F7200
G1 X60.000 Y50.000 E9022.25399 F7200
G1 X65.000 Y50.000 E9022.42861 F7200
G1 X70.000 Y50.000 E9022.60322 F7200
G1 X75.000 Y50.000 E9022.77784 F7200
G1 X80.000 Y50.000 E9022.95245 F7200
G1 X85.000 Y50.000 E9023.12707 F7200
G1 X90.000 Y50.000 E9023.30169 F7200
G1 X95.000 Y50.000 E9023.47630 F7200
G1 X100.000 Y50.000 E9023.65092 F7200
G1 X105.000 Y50.000 E9023.82553 F7200
G1 X110.000 Y50.000 E9024.00015 F7200
G1 X115.000 Y50.000 E9024.17476 F7200
G1 X120.000 Y50.000 E9024.34938 F7200
G1 X125.000 Y50.000 E9024.52400 F7200
G1 X130.000 Y50.000 E9024.69861 F7200
G1 X135.000 Y50.000 E9024.87323 F7200
G1 X140.000 Y50.000 E9025.04784 F7200
G1 X145.000 Y50.000 E9025.22246 F7200
G1 X150.000 Y50.000 E9025.39707 F7200
G1 X155.000 Y50.000 E9025.57169 F7200
G1 X160.000 Y50.000 E9025.74631 F7200
G1 X165.000 Y50.000 E9025.92092 F7200
G1 X170.000 Y50.000 E9026.09554 F7200
G1 X170.000 Y55.000 E9026.27015 F7200
G1 X170.000 Y60.000 E9026.44477 F7200
G1 X170.000 Y65.000 E9026.61938 F7200
G1 X170.000 Y70.000 E9026.79400 F7200
G1 X170.000 Y75.000 E9026.96862 F7200
G1 X170.000 Y80.000 E9027.14323 F7200
G1 X170.000 Y85.000 E9027.31785 F7200
G1 X170.000 Y90.000 E9027.49246 F7200
G1 X170.000 Y95.000 E9027.66708 F7200
G1 X170.000 Y100.000 E9027.84169 F7200
G1 X170.000 Y105.000 E9028.01631 F7200
G1 X170.000 Y110.000 E9028.19093 F7200
G1 X170.000 Y115.000 E9028.36554 F7200
G1 X170.000 Y120.000 E9028.54016 F7200
G1 X170.000 Y125.000 E9028.71477 F7200
G1 X170.000 Y130.000 E9028.88939 F7200
G1 X170.000 Y135.000 E9029.06400 F7200
G1 X170.000 Y140.000 E9029.23862 F7200
G1 X170.000 Y145.000 E9029.41324 F7200
G1 X170.000 Y150.000 E9029.58785 F7200
G1 X170.000 Y155.000 E9029.76247 F7200
G1 X170.000 Y160.000 E9029.93708 F7200
G1 X170.000 Y165.000 E9030.11170 F7200
G1 X170.000 Y170.000 E9030.28631 F7200
G1 X165.000 Y170.000 E9030.46093 F7200
G1 X160.000 Y170.000 E9030.63555 F7200
G1 X155.000 Y170.000 E9030.81016 F7200
G1 X150.000 Y170.000 E9030.98478 F7200
G1 X145.000 Y170.000 E9031.15939 F7200
G1 X140.000 Y170.000 E9031.33401 F7200
G1 X135.000 Y170.000 E9031.50862 F7200
G1 X130.000 Y170.000 E9031.68324 F7200
G1 X125.000 Y170.000 E9031.85786 F7200
G1 X120.000 Y170.000 E9032.03247 F7200
G1 X115.000 Y170.000 E9032.20709 F7200
G1 X110.000 Y170.000 E9032.38170 F7200
G1 X105.000 Y170.000 E9032.55632 F7200
G1 X100.000 Y170.000 E9032.73093 F7200
G1 X95.000 Y170.000 E9032.90555 F7200
G1 X90.000 Y170.000 E9033.08017 F7200
G1 X85.000 Y170.000 E9033.25478 F7200
G1 X80.000 Y170.000 E9033.42940 F7200
G1 X75.000 Y170.000 E9033.60401 F7200
G1 X70.000 Y170.000 E9033.77863 F7200
G1 X65.000 Y170.000 E9033.95324 F7200
G1 X60.000 Y170.000 E9034.12786 F7200
G1 X55.000 Y170.000 E9034.30247 F7200
G1 X50.000 Y170.000 E9034.47709 F7200
G1 X50.000 Y165.000 E9034.65171 F7200
G1 X50.000 Y160.000 E9034.82632 F7200
G1 X50.000 Y155.000 E9035.00094 F7200
G1 X50.000 Y150.000 E9035.17555 F7200
G1 X50.000 Y145.000 E9035.35017 F7200
G1 X50.000 Y140.000 E9035.52478 F7200
G1 X50.000 Y135.000 E9035.69940 F7200
G1 X50.000 Y130.000 E9035.87402 F7200
G1 X50.000 Y125.000 E9036.04863 F7200
G1 X50.000 Y120.000 E9036.22325 F7200
G1 X50.000 Y115.000 E9036.39786 F7200
G1 X50.000 Y110.000 E9036.57248 F7200
G1 X50.000 Y105.000 E9036.74709 F7200
G1 X50.000 Y100.000 E9036.92171 F7200
G1 X50.000 Y95.000 E9037.09633 F7200
G1 X50.000 Y90.000 E9037.27094 F7200
G1 X50.000 Y85.000 E9037.44556 F7200
G1 X50.000 Y80.000 E9037.62017 F7200
G1 X50.000 Y75.000 E9037.79479 F7200
G1 X50.000 Y70.000 E9037.96940 F7200
G1 X50.000 Y65.000 E9038.14402 F7200
G1 X50.000 Y60.000 E9038.31864 F7200
G1 X50.000 Y55.000 E9038.49325 F7200
G1 X50.000 Y50.000 E9038.66787 F7200
;TYPE:Sparse infill
G1 X51.000 Y51.000 F12000
G1 X169.000 Y51.000 E9042.78880 F15000
G1 X169.000 Y56.000 F12000
G1 X51.000 Y56.000 E9046.90973 F15000
G1 X51.000 Y61.000 F12000
G1 X169.000 Y61.000 E9051.03066 F15000
G1 X169.000 Y66.000 F12000
G1 X51.000 Y66.000 E9055.15159 F15000
G1 X51.000 Y71.000 F12000
G1 X169.000 Y71.000 E9059.27252 F15000
G1 X169.000 Y76.000 F12000
G1 X51.000 Y76.000 E9063.39345 F15000
G1 X51.000 Y81.000 F12000
G1 X169.000 Y81.000 E9067.51438 F15000
G1 X169.000 Y86.000 F12000
G1 X51.000 Y86.000 E9071.63531 F15000
G1 X51.000 Y91.000 F12000
G1 X169.000 Y91.000 E9075.75624 F15000
G1 X169.000 Y96.000 F12000
G1 X51.000 Y96.000 E9079.87718 F15000
G1 X51.000 Y101.000 F12000
G1 X169.000 Y101.000 E9083.99811 F15000
G1 X169.000 Y106.000 F12000
G1 X51.000 Y106.000 E9088.11904 F15000
G1 X51.000 Y111.000 F12000
G1 X169.000 Y111.000 E9092.23997 F15000
G1 X169.000 Y116.000 F12000
G1 X51.000 Y116.000 E9096.36090 F15000
G1 X51.000 Y121.000 F12000
G1 X169.000 Y121.000 E9100.48183 F15000
G1 X169.000 Y126.000 F12000
G1 X51.000 Y126.000 E9104.60276 F15000
G1 X51.000 Y131.000 F12000
G1 X169.000 Y131.000 E9108.72369 F15000
G1 X169.000 Y136.000 F12000
G1 X51.000 Y136.000 E9112.84462 F15000
G1 X51.000 Y141.000 F12000
G1 X169.000 Y141.000 E9116.96555 F15000
G1 X169.000 Y146.000 F12000
G1 X51.000 Y146.000 E9121.08648 F15000
G1 X51.000 Y151.000 F12000
G1 X169.000 Y151.000 E9125.20741 F15000
G1 X169.000 Y156.000 F12000
G1 X51.000 Y156.000 E9129.32834 F15000
G1 X51.000 Y161.000 F12000
G1 X169.000 Y161.000 E9133.44927 F15000
G1 X169.000 Y166.000 F12000
G1 X51.000 Y166.000 E9137.57021 F15000
;LAYER_CHANGE
;Z:16.000
G1 Z16.000 F600
;TYPE:Outer wall
G1 X50.000 Y50.000 F7200
G1 X55.000 Y50.000 E9137.74482 F7200
G1 X60.000 Y50.000 E9137.91944 F7200
G1 X65.000 Y50.000 E9138.09405 F7200
G1 X70.000 Y50.000 E9138.26867 F7200
G1 X75.000 Y50.000 E9138.44328 F7200
G1 X80.000 Y50.000 E9138.61790 F7200
G1 X85.000 Y50.000 E9138.79252 F7200
G1 X90.000 Y50.000 E9138.96713 F7200
G1 X95.000 Y50.000 E9139.14175 F7200
G1 X100.000 Y50.000 E9139.31636 F7200
G1 X105.000 Y50.000 E9139.49098 F7200
G1 X110.000 Y50.000 E9139.66559 F7200
G1 X115.000 Y50.000 E9139.84021 F7200
G1 X120.000 Y50.000 E9140.01483 F7200
G1 X125.000 Y50.000 E9140.18944 F7200
G1 X130.000 Y50.000 E9140.36406 F7200
G1 X135.000 Y50.000 E9140.53867 F7200
G1 X140.000 Y50.000 E9140.71329 F7200
G1 X145.000 Y50.000 E9140.88790 F7200
G1 X150.000 Y50.000 E9141.06252 F7200
G1 X155.000 Y50.000 E9141.23714 F7200
G1 X160.000 Y50.000 E9141.41175 F7200
G1 X165.000 Y50.000 E9141.58637 F7200
G1 X170.000 Y50.000 E9141.76098 F7200
G1 X170.000 Y55.000 E9141.93560 F7200
G1 X170.000 Y60.000 E9142.11021 F7200
G1 X170.000 Y65.000 E9142.28483 F7200
G1 X170.000 Y70.000 E9142.45945 F7200
G1 X170.000 Y75.000 E9142.63406 F7200
G1 X170.000 Y80.000 E9142.80868 F7200
G1 X170.000 Y85.000 E9142.98329 F7200
G1 X170.000 Y90.000 E9143.15791 F7200
G1 X170.000 Y95.000 E9143.33252 F7200
G1 X170.000 Y100.000 E9143.50714 F7200
G1 X170.000 Y105.000 E9143.68176 F7200
G1 X170.000 Y110.000 E9143.85637 F7200
G1 X170.000 Y115.000 E9144.03099 F7200
G1 X170.000 Y120.000 E9144.20560 F7200
G1 X170.000 Y125.000 E9144.38022 F7200
G1 X170.000 Y130.000 E9144.55483 F7200
G1 X170.000 Y135.000 E9144.72945 F7200
G1 X170.000 Y140.000 E9144.90407 F7200
G1 X170.000 Y145.000 E9145.07868 F7200
G1 X170.000 Y150.000 E9145.25330 F7200
G1 X170.000 Y155.000 E9145.42791 F7200
G1 X170.000 Y160.000 E9145.60253 F7200
G1 X170.000 Y165.000 E9145.77714 F7200
G1 X170.000 Y170.000 E9145.95176 F7200
G1 X165.000 Y170.000 E9146.12638 F7200
G1 X160.000 Y170.000 E9146.30099 F7200
G1 X155.000 Y170.000 E9146.47561 F7200
G1 X150.000 Y170.000 E9146.65022 F7200
G1 X145.000 Y170.000 E9146.82484 F7200
G1 X140.000 Y170.000 E9146.99945 F7200
G1 X135.000 Y170.000 E9147.17407 F7200
G1 X130.000 Y170.000 E9147.34868 F7200
G1 X125.000 Y170.000 E9147.52330 F7200
G1 X120.000 Y170.000 E9147.69792 F7200
G1 X115.000 Y170.000 E9147.87253 F7200
G1 X110.000 Y170.000 E9148.04715 F7200
G1 X105.000 Y170.000 E9148.22176 F7200
G1 X100.000 Y170.000 E9148.39638 F7200
G1 X95.000 Y170.000 E9148.57099 F7200
G1 X90.000 Y170.000 E9148.74561 F7200
G1 X85.000 Y170.000 E9148.92023 F7200
G1 X80.000 Y170.000 E9149.09484 F7200
G1 X75.000 Y170.000 E9149.26946 F7200
G1 X70.000 Y170.000 E9149.44407 F7200
G1 X65.000 Y170.000 E9149.61869 F7200
G1 X60.000 Y170.000 E9149.79330 F7200
G1 X55.000 Y170.000 E9149.96792 F7200
G1 X50.000 Y170.000 E9150.14254 F7200
G1 X50.000 Y165.000 E9150.31715 F7200
G1 X50.000 Y160.000 E9150.49177 F7200
G1 X50.000 Y155.000 E9150.66638 F7200
G1 X50.000 Y150.000 E9150.84100 F7200
G1 X50.000 Y145.000 E9151.01561 F7200
G1 X50.000 Y140.000 E9151.19023 F7200
G1 X50.000 Y135.000 E9151.36485 F7200
G1 X50.000 Y130.000 E9151.53946 F7200
G1 X50.000 Y125.000 E9151.71408 F7200
G1 X50.000 Y120.000 E9151.88869 F7200
G1 X50.000 Y115.000 E9152.06331 F7200
G1 X50.000 Y110.000 E9152.23792 F7200
G1 X50.000 Y105.000 E9152.41254 F7200
G1 X50.000 Y100.000 E9152.58716 F7200
G1 X50.000 Y95.000 E9152.76177 F7200
G1 X50.000 Y90.000 E9152.93639 F7200
G1 X50.000 Y85.000 E9153.11100 F7200
G1 X50.000 Y80.000 E9153.28562 F7200
G1 X50.000 Y75.000 E9153.46023 F7200
G1 X50.000 Y70.000 E9153.63485 F7200
G1 X50.000 Y65.000 E9153.80947 F7200
G1 X50.000 Y60.000 E9153.98408 F7200
G1 X50.000 Y55.000 E9154.15870 F7200
G1 X50.000 Y50.000 E9154.33331 F7200
;TYPE:Sparse infill
G1 X51.000 Y51.000 F12000
G1 X169.000 Y51.000 E9158.45424 F15000
G1 X169.000 Y56.000 F12000
G1 X51.000 Y56.000 E9162.57517 F15000
G1 X51.000 Y61.000 F12000
G1 X169.000 Y61.000 E9166.69611 F15000
G1 X169.000 Y66.000 F12000
G1 X51.000 Y66.000 E9170.81704 F15000
G1 X51.000 Y71.000 F12000
G1 X169.000 Y71.000 E9174.93797 F15000
G1 X169.000 Y76.000 F12000
G1 X51.000 Y76.000 E9179.05890 F15000
G1 X51.000 Y81.000 F12000
G1 X169.000 Y81.000 E9183.17983 F15000
G1 X169.000 Y86.000 F12000
G1 X51.000 Y86.000 E9187.30076 F15000
G1 X51.000 Y91.000 F12000
G1 X169.000 Y91.000 E9191.42169 F15000
G1 X169.000 Y96.000 F12000
G1 X51.000 Y96.000 E9195.54262 F15000
G1 X51.000 Y101.000 F12000
G1 X169.000 Y101.000 E9199.66355 F15000
G1 X169.000 Y106.000 F12000
G1 X51.000 Y106.000 E9203.78448 F15000
G1 X51.000 Y111.000 F12000
G1 X169.000 Y111.000 E9207.90541 F15000
G1 X169.000 Y116.000 F12000
G1 X51.000 Y116.000 E9212.02634 F15000
G1 X51.000 Y121.000 F12000
G1 X169.000 Y121.000 E9216.14727 F15000
G1 X169.000 Y126.000 F12000
G1 X51.000 Y126.000 E9220.26821 F15000
G1 X51.000 Y131.000 F12000
G1 X169.000 Y131.000 E9224.38914 F15000
G1 X169.000 Y136.000 F12000
G1 X51.000 Y136.000 E9228.51007 F15000
G1 X51.000 Y141.000 F12000
G1 X169.000 Y141.000 E9232.63100 F15000
G1 X169.000 Y146.000 F12000
G1 X51.000 Y146.000 E9236.75193 F15000
G1 X51.000 Y151.000 F12000
G1 X169.000 Y151.000 E9240.87286 F15000
G1 X169.000 Y156.000 F12000
G1 X51.000 Y156.000 E9244.99379 F15000
G1 X51.000 Y161.000 F12000
G1 X169.000 Y161.000 E9249.11472 F15000
G1 X169.000 Y166.000 F12000
G1 X51.000 Y166.000 E9253.23565 F15000
;LAYER_CHANGE
;Z:16.200
G1 Z16.200 F600
;TYPE:Outer wall
G1 X50.000 Y50.000 F7200
G1 X55.000 Y50.000 E9253.41027 F7200
G1 X60.000 Y50.000 E9253.58488 F7200
G1 X65.000 Y50.000 E9253.75950 F7200
G1 X70.000 Y50.000 E9253.93411 F7200
G1 X75.000 Y50.000 E9254.10873 F7200
G1 X80.000 Y50.000 E9254.28335 F7200
G1 X85.000 Y50.000 E9254.45796 F7200
G1 X90.000 Y50.000 E9254.63258 F7200
G1 X95.000 Y50.000 E9254.80719 F7200
G1 X100.000 Y50.000 E9254.98181 F7200
G1 X105.000 Y50.000 E9255.15642 F7200
G1 X110.000 Y50.000 E9255.33104 F7200
G1 X115.000 Y50.000 E9255.50566 F7200
G1 X120.000 Y50.000 E9255.68027 F7200
G1 X125.000 Y50.000 E9255.85489 F7200
G1 X130.000 Y50.000 E9256.02950 F7200
G1 X135.000 Y50.000 E9256.20412 F7200
G1 X140.000 Y50.000 E9256.37873 F7200
G1 X145.000 Y50.000 E9256.55335 F7200
G1 X150.000 Y50.000 E9256.72797 F7200
G1 X155.000 Y50.000 E9256.90258 F7200
G1 X160.000 Y50.000 E9257.07720 F7200
G1 X165.000 Y50.000 E9257.25181 F7200
G1 X170.000 Y50.000 E9257.42643 F7200
G1 X170.000 Y55.000 E9257.60104 F7200
G1 X170.000 Y60.000 E9257.77566 F7200
G1 X170.000 Y65.000 E9257.95028 F7200
G1 X170.000 Y70.000 E9258.12489 F7200
G1 X170.000 Y75.000 E9258.29951 F7200
G1 X170.000 Y80.000 E9258.47412 F7200
G1 X170.000 Y85.000 E9258.64874 F7200
G1 X170.000 Y90.000 E9258.82335 F7200
G1 X170.000 Y95.000 E9258.99797 F7200
G1 X170.000 Y100.000 E9259.17259 F7200
G1 X170.000 Y105.000 E9259.34720 F7200
G1 X170.000 Y110.000 E9259.52182 F7200
G1 X170.000 Y115.000 E9259.69643 F7200
G1 X170.000 Y120.000 E9259.87105 F7200
G1 X170.000 Y125.000 E9260.04566 F7200
G1 X170.000 Y130.000 E9260.22028 F7200
G1 X170.000 Y135.000 E9260.39489 F7200
G1 X170.000 Y140.000 E9260.56951 F7200
G1 X170.000 Y145.000 E9260.74413 F7200
G1 X170.000 Y150.000 E9260.91874 F7200
G1 X170.000 Y155.000 E9261.09336 F7200
G1 X170.000 Y160.000 E9261.26797 F7200
G1 X170.000 Y165.000 E9261.44259 F7200
G1 X170.000 Y170.000 E9261.61720 F7200
G1 X165.000 Y170.000 E9261.79182 F7200
G1 X160.000 Y170.000 E9261.96644 F7200
G1 X155.000 Y170.000 E9262.14105 F7200
G1 X150.000 Y170.000 E9262.31567 F7200
G1 X145.000 Y170.000 E9262.49028 F7200
G1 X140.000 Y170.000 E9262.66490 F7200
G1 X135.000 Y170.000 E9262.83951 F7200
G1 X130.000 Y170.000 E9263.01413 F7200
G1 X125.000 Y170.000 E9263.18875 F7200
G1 X120.000 Y170.000 E9263.36336 F7200
G1 X115.000 Y170.000 E9263.53798 F7200
G1 X110.000 Y170.000 E9263.71259 F7200
G1 X105.000 Y170.000 E9263.88721 F7200
G1 X100.000 Y170.000 E9264.06182 F7200
G1 X95.000 Y170.000 E9264.23644 F7200
G1 X90.000 Y170.000 E9264.41106 F7200
G1 X85.000 Y170.000 E9264.58567 F7200
G1 X80.000 Y170.000 E9264.76029 F7200
G1 X75.000 Y170.000 E9264.93490 F7200
G1 X70.000 Y170.000 E9265.10952 F7200
G1 X65.000 Y170.000 E9265.28413 F7200
G1 X60.000 Y170.000 E9265.45875 F7200
G1 X55.000 Y170.000 E9265.63337 F7200
G1 X50.000 Y170.000 E9265.80798 F7200
G1 X50.000 Y165.000 E9265.98260 F7200
G1 X50.000 Y160.000 E9266.15721 F7200
G1 X50.000 Y155.000 E9266.33183 F7200
G1 X50.000 Y150.000 E9266.50644 F7200
G1 X50.000 Y145.000 E9266.68106 F7200
G1 X50.000 Y140.000 E9266.85568 F7200
G1 X50.000 Y135.000 E9267.03029 F7200
G1 X50.000 Y130.000 E9267.20491 F7200
G1 X50.000 Y125.000 E9267.37952 F7200
G1 X50.000 Y120.000 E9267.55414 F7200
G1 X50.000 Y115.000 E9267.72875 F7200
G1 X50.000 Y110.000 E9267.90337 F7200
G1 X50.000 Y105.000 E9268.07799 F7200
G1 X50.000 Y100.000 E9268.25260 F7200
G1 X50.000 Y95.000 E9268.42722 F7200
G1 X50.000 Y90.000 E9268.60183 F7200
G1 X50.000 Y85.000 E9268.77645 F7200
G1 X50.000 Y80.000 E9268.95106 F7200
G1 X50.000 Y75.000 E9269.12568 F7200
G1 X50.000 Y70.000 E9269.30030 F7200
G1 X50.000 Y65.000 E9269.47491 F7200
G1 X50.000 Y60.000 E9269.64953 F7200
G1 X50.000 Y55.000 E9269.82414 F7200
G1 X50.000 Y50.000 E9269.99876 F7200
;TYPE:Sparse infill
G1 X51.000 Y51.000 F12000
G1 X169.000 Y51.000 E9274.11969 F15000
G1 X169.000 Y56.000 F12000
G1 X51.000 Y56.000 E9278.24062 F15000
G1 X51.000 Y61.000 F12000
G1 X169.000 Y61.000 E9282.36155 F15000
G1 X169.000 Y66.000 F12000
G1 X51.000 Y66.000 E9286.48248 F15000
G1 X51.000 Y71.000 F12000
G1 X169.000 Y71.000 E9290.60341 F15000
G1 X169.000 Y76.000 F12000
G1 X51.000 Y76.000 E9294.72434 F15000
G1 X51.000 Y81.000 F12000
G1 X169.000 Y81.000 E9298.84527 F15000
G1 X169.000 Y86.000 F12000
G1 X51.000 Y86.000 E9302.96620 F15000
G1 X51.000 Y91.000 F12000
G1 X169.000 Y91.000 E9307.08714 F15000
G1 X169.000 Y96.000 F12000
G1 X51.000 Y96.000 E9311.20807 F15000
G1 X51.000 Y101.000 F12000
G1 X169.000 Y101.000 E9315.32900 F15000
G1 X169.000 Y106.000 F12000
G1 X51.000 Y106.000 E9319.44993 F15000
G1 X51.000 Y111.000 F12000
G1 X169.000 Y111.000 E9323.57086 F15000
G1 X169.000 Y116.000 F12000
G1 X51.000 Y116.000 E9327.69179 F15000
G1 X51.000 Y121.000 F12000
G1 X169.000 Y121.000 E9331.81272 F15000
G1 X169.000 Y126.000 F12000
G1 X51.000 Y126.000 E9335.93365 F15000
G1 X51.000 Y131.000 F12000
G1 X169.000 Y131.000 E9340.05458 F15000
G1 X169.000 Y136.000 F12000
G1 X51.000 Y136.000 E9344.17551 F15000
G1 X51.000 Y141.000 F12000
G1 X169.000 Y141.000 E9348.29644 F15000
G1 X169.000 Y146.000 F12000
G1 X51.000 Y146.000 E9352.41737 F15000
G1 X51.000 Y151.000 F12000
G1 X169.000 Y151.000 E9356.53830 F15000
G1 X169.000 Y156.000 F12000
G1 X51.000 Y156.000 E9360.65924 F15000
G1 X51.000 Y161.000 F12000
G1 X169.000 Y161.000 E9364.78017 F15000
G1 X169.000 Y166.000 F12000
G1 X51.000 Y166.000 E9368.90110 F15000
;LAYER_CHANGE
;Z:16.400
G1 Z16.400 F600
;TYPE:Outer wall
G1 X50.000 Y50.000 F7200
G1 X55.000 Y50.000 E9369.07571 F7200
G1 X60.000 Y50.000 E9369.25033 F7200
G1 X65.000 Y50.000 E9369.42494 F7200
G1 X70.000 Y50.000 E9369.59956 F7200
G1 X75.000 Y50.000 E9369.77418 F7200
G1 X80.000 Y50.000 E9369.94879 F7200
G1 X85.000 Y50.000 E9370.12341 F7200
G1 X90.000 Y50.000 E9370.29802 F7200
G1 X95.000 Y50.000 E9370.47264 F7200
G1 X100.000 Y50.000 E9370.64725 F7200
G1 X105.000 Y50.000 E9370.82187 F7200
G1 X110.000 Y50.000 E9370.99649 F7200
G1 X115.000 Y50.000 E9371.17110 F7200
G1 X120.000 Y50.000 E9371.34572 F7200
G1 X125.000 Y50.000 E9371.52033 F7200
G1 X130.000 Y50.000 E9371.69495 F7200
G1 X135.000 Y50.000 E9371.86956 F7200
G1 X140.000 Y50.000 E9372.04418 F7200
G1 X145.000 Y50.000 E9372.21880 F7200
G1 X150.000 Y50.000 E9372.39341 F7200
G1 X155.000 Y50.000 E9372.56803 F7200
G1 X160.000 Y50.000 E9372.74264 F7200
G1 X165.000 Y50.000 E9372.91726 F7200
G1 X170.000 Y50.000 E9373.09187 F7200
G1 X170.000 Y55.000 E9373.26649 F7200
G1 X170.000 Y60.000 E9373.44110 F7200
G1 X170.000 Y65.000 E9373.61572 F7200
G1 X170.000 Y70.000 E9373.79034 F7200
G1 X170.000 Y75.000 E9373.96495 F7200
G1 X170.000 Y80.000 E9374.13957 F7200
G1 X170.000 Y85.000 E9374.31418 F7200
G1 X170.000 Y90.000 E9374.48880 F7200
G1 X170.000 Y95.000 E9374.66341 F7200
G1 X170.000 Y100.000 E9374.83803 F7200
G1 X170.000 Y105.000 E9375.01265 F7200
G1 X170.000 Y110.000 E9375.18726 F7200
G1 X170.000 Y115.000 E9375.36188 F7200
G1 X170.000 Y120.000 E9375.53649 F7200
G1 X170.000 Y125.000 E9375.71111 F7200
G1 X170.000 Y130.000 E9375.88572 F7200
G1 X170.000 Y135.000 E9376.06034 F7200
G1 X170.000 Y140.000 E9376.23496 F7200
G1 X170.000 Y145.000 E9376.40957 F7200
G1 X170.000 Y150.000 E9376.58419 F7200
G1 X170.000 Y155.000 E9376.75880 F7200
G1 X170.000 Y160.000 E9376.93342 F7200
G1 X170.000 Y165.000 E9377.10803 F7200
G1 X170.000 Y170.000 E9377.28265 F7200
G1 X165.000 Y170.000 E9377.45727 F7200
G1 X160.000 Y170.000 E9377.63188 F7200
G1 X155.000 Y170.000 E9377.80650 F7200
G1 X150.000 Y170.000 E9377.98111 F7200
G1 X145.000 Y170.000 E9378.15573 F7200
G1 X140.000 Y170.000 E9378.33034 F7200
G1 X135.000 Y170.000 E9378.50496 F7200
G1 X130.000 Y170.000 E9378.67958 F7200
G1 X125.000 Y170.000 E9378.85419 F7200
G1 X120.000 Y170.000 E9379.02881 F7200
G1 X115.000 Y170.000 E9379.20342 F7200
G1 X110.000 Y170.000 E9379.37804 F7200
G1 X105.000 Y170.000 E9379.55265 F7200
G1 X100.000 Y170.000 E9379.72727 F7200
G1 X95.000 Y170.000 E9379.90189 F7200
G1 X90.000 Y170.000 E9380.07650 F7200
G1 X85.000 Y170.000 E9380.25112 F7200
G1 X80.000 Y170.000 E9380.42573 F7200
G1 X75.000 Y170.000 E9380.60035 F7200
G1 X70.000 Y170.000 E9380.77496 F7200
G1 X65.000 Y170.000 E9380.94958 F7200
G1 X60.000 Y170.000 E9381.12420 F7200
G1 X55.000 Y170.000 E9381.29881 F7200
G1 X50.000 Y170.000 E9381.47343 F7200
G1 X50.000 Y165.000 E9381.64804 F7200
G1 X50.000 Y160.000 E9381.82266 F7200
G1 X50.000 Y155.000 E9381.99727 F7200
G1 X50.000 Y150.000 E9382.17189 F7200
G1 X50.000 Y145.000 E9382.34651 F7200
G1 X50.000 Y140.000 E9382.52112 F7200
G1 X50.000 Y135.000 E9382.69574 F7200
G1 X50.000 Y130.000 E9382.87035 F7200
G1 X50.000 Y125.000 E9383.04497 F7200
G1 X50.000 Y120.000 E9383.21958 F7200
G1 X50.000 Y115.000 E9383.39420 F7200
G1 X50.000 Y110.000 E9383.56882 F7200
G1 X50.000 Y105.000 E9383.74343 F7200
G1 X50.000 Y100.000 E9383.91805 F7200
G1 X50.000 Y95.000 E9384.09266 F7200
G1 X50.000 Y90.000 E9384.26728 F7200
G1 X50.000 Y85.000 E9384.44189 F7200
G1 X50.000 Y80.000 E9384.61651 F7200
G1 X50.000 Y75.000 E9384.79113 F7200
G1 X50.000 Y70.000 E9384.96574 F7200
G1 X50.000 Y65.000 E9385.14036 F7200
G1 X50.000 Y60.000 E9385.31497 F7200
G1 X50.000 Y55.000 E9385.48959 F7200
G1 X50.000 Y50.000 E9385.66420 F7200
;TYPE:Sparse infill
G1 X51.000 Y51.000 F12000
G1 X169.000 Y51.000 E9389.78514 F15000
G1 X169.000 Y56.000 F12000
G1 X51.000 Y56.000 E9393.90607 F15000
G1 X51.000 Y61.000 F12000
G1 X169.000 Y61.000 E9398.02700 F15000
G1 X169.000 Y66.000 F12000
G1 X51.000 Y66.000 E9402.14793 F15000
G1 X51.000 Y71.000 F12000
G1 X169.000 Y71.000 E9406.26886 F15000
G1 X169.000 Y76.000 F12000
G1 X51.000 Y76.000 E9410.38979 F15000
G1 X51.000 Y81.000 F12000
G1 X169.000 Y81.000 E9414.51072 F15000
G1 X169.000 Y86.000 F12000
G1 X51.000 Y86.000 E9418.63165 F15000
G1 X51.000 Y91.000 F12000
G1 X169.000 Y91.000 E9422.75258 F15000
G1 X169.000 Y96.000 F12000
G1 X51.000 Y96.000 E9426.87351 F15000
G1 X51.000 Y101.000 F12000
G1 X169.000 Y101.000 E9430.99444 F15000
G1 X169.000 Y106.000 F12000
G1 X51.000 Y106.000 E9435.11537 F15000
G1 X51.000 Y111.000 F12000
G1 X169.000 Y111.000 E9439.23630 F15000
G1 X169.000 Y116.000 F12000
G1 X51.000 Y116.000 E9443.35723 F15000
G1 X51.000 Y121.000 F12000
G1 X169.000 Y121.000 E9447.47817 F15000
G1 X169.000 Y126.000 F12000
G1 X51.000 Y126.000 E9451.59910 F15000
G1 X51.000 Y131.000 F12000
G1 X169.000 Y131.000 E9455.72003 F15000
G1 X169.000 Y136.000 F12000
G1 X51.000 Y136.000 E9459.84096 F15000
G1 X51.000 Y141.000 F12000
G1 X169.000 Y141.000 E9463.96189 F15000
G1 X169.000 Y146.000 F12000
G1 X51.000 Y146.000 E9468.08282 F15000
G1 X51.000 Y151.000 F12000
G1 X169.000 Y151.000 E9472.20375 F15000
G1 X169.000 Y156.000 F12000
G1 X51.000 Y156.000 E9476.32468 F15000
G1 X51.000 Y161.000 F12000
G1 X169.000 Y161.000 E9480.44561 F15000
G1 X169.000 Y166.000 F12000
G1 X51.000 Y166.000 E9484.56654 F15000
;LAYER_CHANGE
;Z:16.600
G1 Z16.600 F600
;TYPE:Outer wall
G1 X50.000 Y50.000 F7200
G1 X55.000 Y50.000 E9484.74116 F7200
G1 X60.000 Y50.000 E9484.91577 F7200
G1 X65.000 Y50.000 E9485.09039 F7200
G1 X70.000 Y50.000 E9485.26501 F7200
G1 X75.000 Y50.000 E9485.43962 F7200
G1 X80.000 Y50.000 E9485.61424 F7200
G1 X85.000 Y50.000 E9485.78885 F7200
G1 X90.000 Y50.000 E9485.96347 F7200
G1 X95.000 Y50.000 E9486.13808 F7200
G1 X100.000 Y50.000 E9486.31270 F7200
G1 X105.000 Y50.000 E9486.48731 F7200
G1 X110.000 Y50.000 E9486.66193 F7200
G1 X115.000 Y50.000 E9486.83655 F7200
G1 X120.000 Y50.000 E9487.01116 F7200
G1 X125.000 Y50.000 E9487.18578 F7200
G1 X130.000 Y50.000 E9487.36039 F7200
G1 X135.000 Y50.000 E9487.53501 F7200
G1 X140.000 Y50.000 E9487.70962 F7200
G1 X145.000 Y50.000 E9487.88424 F7200
G1 X150.000 Y50.000 E9488.05886 F7200
G1 X155.000 Y50.000 E9488.23347 F7200
G1 X160.000 Y50.000 E9488.40809 F7200
G1 X165.000 Y50.000 E9488.58270 F7200
G1 X170.000 Y50.000 E9488.75732 F7200
G1 X170.000 Y55.000 E9488.93193 F7200
G1 X170.000 Y60.000 E9489.10655 F7200
G1 X170.000 Y65.000 E9489.28117 F7200
G1 X170.000 Y70.000 E9489.45578 F7200
G1 X170.000 Y75.000 E9489.63040 F7200
G1 X170.000 Y80.000 E9489.80501 F7200
G1 X170.000 Y85.000 E9489.97963 F7200
G1 X170.000 Y90.000 E9490.15424 F7200
G1 X170.000 Y95.000 E9490.32886 F7200
G1 X170.000 Y100.000 E9490.50348 F7200
G1 X170.000 Y105.000 E9490.67809 F7200
G1 X170.000 Y110.000 E9490.85271 F7200
G1 X170.000 Y115.000 E9491.02732 F7200
G1 X170.000 Y120.000 E9491.20194 F7200
G1 X170.000 Y125.000 E9491.37655 F7200
G1 X170.000 Y130.000 E9491.55117 F7200
G1 X170.000 Y135.000 E9491.72579 F7200
G1 X170.000 Y140.000 E9491.90040 F7200
G1 X170.000 Y145.000 E9492.07502 F7200
G1 X170.000 Y150.000 E9492.24963 F7200
G1 X170.000 Y155.000 E9492.42425 F7200
G1 X170.000 Y160.000 E9492.59886 F7200
G1 X170.000 Y165.000 E9492.77348 F7200
G1 X170.000 Y170.000 E9492.94810 F7200
G1 X165.000 Y170.000 E9493.12271 F7200
G1 X160.000 Y170.000 E9493.29733 F7200
G1 X155.000 Y170.000 E9493.47194 F7200
G1 X150.000 Y170.000 E9493.64656 F7200
G1 X145.000 Y170.000 E9493.82117 F7200
G1 X140.000 Y170.000 E9493.99579 F7200
G1 X135.000 Y170.000 E9494.17041 F7200
G1 X130.000 Y170.000 E9494.34502 F7200
G1 X125.000 Y170.000 E9494.51964 F7200
G1 X120.000 Y170.000 E9494.69425 F7200
G1 X115.000 Y170.000 E9494.86887 F7200
G1 X110.000 Y170.000 E9495.04348 F7200
G1 X105.000 Y170.000 E9495.21810 F7200
G1 X100.000 Y170.000 E9495.39272 F7200
G1 X95.000 Y170.000 E9495.56733 F7200
G1 X90.000 Y170.000 E9495.74195 F7200
G1 X85.000 Y170.000 E9495.91656 F7200
G1 X80.000 Y170.000 E9496.09118 F7200
G1 X75.000 Y170.000 E9496.26579 F7200
G1 X70.000 Y170.000 E9496.44041 F7200
G1 X65.000 Y170.000 E9496.61503 F7200
G1 X60.000 Y170.000 E9496.78964 F7200
G1 X55.000 Y170.000 E9496.96426 F7200
G1 X50.000 Y170.000 E9497.13887 F7200
G1 X50.000 Y165.000 E9497.31349 F7200
G1 X50.000 Y160.000 E9497.48810 F7200
G1 X50.000 Y155.000 E9497.66272 F7200
G1 X50.000 Y150.000 E9497.83734 F7200
G1 X50.000 Y145.000 E9498.01195 F7200
G1 X50.000 Y140.000 E9498.18657 F7200
G1 X50.000 Y135.000 E9498.36118 F7200
G1 X50.000 Y130.000 E9498.53580 F7200
G1 X50.000 Y125.000 E9498.71041 F7200
G1 X50.000 Y120.000 E9498.88503 F7200
G1 X50.000 Y115.000 E9499.05965 F7200
G1 X50.000 Y110.000 E9499.23426 F7200
G1 X50.000 Y105.000 E9499.40888 F7200
G1 X50.000 Y100.000 E9499.58349 F7200
G1 X50.000 Y95.000 E9499.75811 F7200
G1 X50.000 Y90.000 E9499.93272 F7200
G1 X50.000 Y85.000 E9500.10734 F7200
G1 X50.000 Y80.000 E9500.28196 F7200
G1 X50.000 Y75.000 E9500.45657 F7200
G1 X50.000 Y70.000 E9500.63119 F7200
G1 X50.000 Y65.000 E9500.80580 F7200
G1 X50.000 Y60.000 E9500.98042 F7200
G1 X50.000 Y55.000 E9501.15503 F7200
G1 X50.000 Y50.000 E9501.32965 F7200
;TYPE:Sparse infill
G1 X51.000 Y51.000 F12000
G1 X169.000 Y51.000 E9505.45058 F15000
G1 X169.000 Y56.000 F12000
G1 X51.000 Y56.000 E9509.57151 F15000
G1 X51.000 Y61.000 F12000
G1 X169.000 Y61.000 E9513.69244 F15000
G1 X169.000 Y66.000 F12000
G1 X51.000 Y66.000 E9517.81337 F15000
G1 X51.000 Y71.000 F12000
G1 X169.000 Y71.000 E9521.93430 F15000
G1 X169.000 Y76.000 F12000
G1 X51.000 Y76.000 E9526.05523 F15000
G1 X51.000 Y81.000 F12000
G1 X169.000 Y81.000 E9530.17617 F15000
G1 X169.000 Y86.000 F12000
G1 X51.000 Y86.000 E9534.29710 F15000
G1 X51.000 Y91.000 F12000
G1 X169.000 Y91.000 E9538.41803 F15000
G1 X169.000 Y96.000 F12000
G1 X51.000 Y96.000 E9542.53896 F15000
G1 X51.000 Y101.000 F12000
G1 X169.000 Y101.000 E9546.65989 F15000
G1 X169.000 Y106.000 F12000
G1 X51.000 Y106.000 E9550.78082 F15000
G1 X51.000 Y111.000 F12000
G1 X169.000 Y111.000 E9554.90175 F15000
G1 X169.000 Y116.000 F12000
G1 X51.000 Y116.000 E9559.02268 F15000
G1 X51.000 Y121.000 F12000
G1 X169.000 Y121.000 E9563.14361 F15000
G1 X169.000 Y126.000 F12000
G1 X51.000 Y126.000 E9567.26454 F15000
G1 X51.000 Y131.000 F12000
G1 X169.000 Y131.000 E9571.38547 F15000
G1 X169.000 Y136.000 F12000
G1 X51.000 Y136.000 E9575.50640 F15000
G1 X51.000 Y141.000 F12000
G1 X169.000 Y141.000 E9579.62733 F15000
G1 X169.000 Y146.000 F12000
G1 X51.000 Y146.000 E9583.74826 F15000
G1 X51.000 Y151.000 F12000
G1 X169.000 Y151.000 E9587.86920 F15000
G1 X169.000 Y156.000 F12000
G1 X51.000 Y156.000 E9591.99013 F15000
G1 X51.000 Y161.000 F12000
G1 X169.000 Y161.000 E9596.11106 F15000
G1 X169.000 Y166.000 F12000
G1 X51.000 Y166.000 E9600.23199 F15000
;LAYER_CHANGE
;Z:16.800
G1 Z16.800 F600
;TYPE:Outer wall
G1 X50.000 Y50.000 F7200
G1 X55.000 Y50.000 E9600.40660 F7200
G1 X60.000 Y50.000 E9600.58122 F7200
G1 X65.000 Y50.000 E9600.75583 F7200
G1 X70.000 Y50.000 E9600.93045 F7200
G1 X75.000 Y50.000 E9601.10507 F7200
G1 X80.000 Y50.000 E9601.27968 F7200
G1 X85.000 Y50.000 E9601.45430 F7200
G1 X90.000 Y50.000 E9601.62891 F7200
G1 X95.000 Y50.000 E9601.80353 F7200
G1 X100.000 Y50.000 E9601.97814 F7200
G1 X105.000 Y50.000 E9602.15276 F7200
G1 X110.000 Y50.000 E9602.32738 F7200
G1 X115.000 Y50.000 E9602.50199 F7200
G1 X120.000 Y50.000 E9602.67661 F7200
G1 X125.000 Y50.000 E9602.85122 F7200
G1 X130.000 Y50.000 E9603.02584 F7200
G1 X135.000 Y50.000 E9603.20045 F7200
G1 X140.000 Y50.000 E9603.37507 F7200
G1 X145.000 Y50.000 E9603.54969 F7200
G1 X150.000 Y50.000 E9603.72430 F7200
G1 X155.000 Y50.000 E9603.89892 F7200
G1 X160.000 Y50.000 E9604.07353 F7200
G1 X165.000 Y50.000 E9604.24815 F7200
G1 X170.000 Y50.000 E9604.42276 F7200
G1 X170.000 Y55.000 E9604.59738 F7200
G1 X170.000 Y60.000 E9604.77200 F7200
G1 X170.000 Y65.000 E9604.94661 F7200
G1 X170.000 Y70.000 E9605.12123 F7200
G1 X170.000 Y75.000 E9605.29584 F7200
G1 X170.000 Y80.000 E9605.47046 F7200
G1 X170.000 Y85.000 E9605.64507 F7200
G1 X170.000 Y90.000 E9605.81969 F7200
G1 X170.000 Y95.000 E9605.99431 F7200
G1 X170.000 Y100.000 E9606.16892 F7200
G1 X170.000 Y105.000 E9606.34354 F7200
G1 X170.000 Y110.000 E9606.51815 F7200
G1 X170.000 Y115.000 E9606.69277 F7200
G1 X170.000 Y120.000 E9606.86738 F7200
G1 X170.000 Y125.000 E9607.04200 F7200
G1 X170.000 Y130.000 E9607.21662 F7200
G1 X170.000 Y135.000 E9607.39123 F7200
G1 X170.000 Y140.000 E9607.56585 F7200
G1 X170.000 Y145.000 E9607.74046 F7200
G1 X170.000 Y150.000 E9607.91508 F7200
G1 X170.000 Y155.000 E9608.08969 F7200
G1 X170.000 Y160.000 E9608.26431 F7200
G1 X170.000 Y165.000 E9608.43893 F7200
G1 X170.000 Y170.000 E9608.61354 F7200
G1 X165.000 Y170.000 E9608.78816 F7200
G1 X160.000 Y170.000 E9608.96277 F7200
G1 X155.000 Y170.000 E9609.13739 F7200
G1 X150.000 Y170.000 E9609.31200 F7200
G1 X145.000 Y170.000 E9609.48662 F7200
G1 X140.000 Y170.000 E9609.66124 F7200
G1 X135.000 Y170.000 E9609.83585 F7200
G1 X130.000 Y170.000 E9610.01047 F7200
G1 X125.000 Y170.000 E9610.18508 F7200
G1 X120.000 Y170.000 E9610.35970 F7200
G1 X115.000 Y170.000 E9610.53431 F7200
G1 X110.000 Y170.000 E9610.70893 F7200
G1 X105.000 Y170.000 E9610.88355 F7200
G1 X100.000 Y170.000 E9611.05816 F7200
G1 X95.000 Y170.000 E9611.23278 F7200
G1 X90.000 Y170.000 E9611.40739 F7200
G1 X85.000 Y170.000 E9611.58201 F7200
G1 X80.000 Y170.000 E9611.75662 F7200
G1 X75.000 Y170.000 E9611.93124 F7200
G1 X70.000 Y170.000 E9612.10586 F7200
G1 X65.000 Y170.000 E9612.28047 F7200
G1 X60.000 Y170.000 E9612.45509 F7200
G1 X55.000 Y170.000 E9612.62970 F7200
G1 X50.000 Y170.000 E9612.80432 F7200
G1 X50.000 Y165.000 E9612.97893 F7200
G1 X50.000 Y160.000 E9613.15355 F7200
G1 X50.000 Y155.000 E9613.32817 F7200
G1 X50.000 Y150.000 E9613.50278 F7200
G1 X50.000 Y145.000 E9613.67740 F7200
G1 X50.000 Y140.000 E9613.85201 F7200
G1 X50.000 Y135.000 E9614.02663 F7200
G1 X50.000 Y130.000 E9614.20124 F7200
G1 X50.000 Y125.000 E9614.37586 F7200
G1 X50.000 Y120.000 E9614.55048 F7200
G1 X50.000 Y115.000 E9614.72509 F7200
G1 X50.000 Y110.000 E9614.89971 F7200
G1 X50.000 Y105.000 E9615.07432 F7200
G1 X50.000 Y100.000 E9615.24894 F7200
G1 X50.000 Y95.000 E9615.42355 F7200
G1 X50.000 Y90.000 E9615.59817 F7200
G1 X50.000 Y85.000 E9615.77279 F7200
G1 X50.000 Y80.000 E9615.94740 F7200
G1 X50.000 Y75.000 E9616.12202 F7200
G1 X50.000 Y70.000 E9616.29663 F7200
G1 X50.000 Y65.000 E9616.47125 F7200
G1 X50.000 Y60.000 E9616.64586 F7200
G1 X50.000 Y55.000 E9616.82048 F7200
G1 X50.000 Y50.000 E9616.99510 F7200
;TYPE:Sparse infill
G1 X51.000 Y51.000 F12000
G1 X169.000 Y51.000 E9621.11603 F15000
G1 X169.000 Y56.000 F12000
G1 X51.000 Y56.000 E9625.23696 F15000
G1 X51.000 Y61.000 F12000
G1 X169.000 Y61.000 E9629.35789 F15000
G1 X169.000 Y66.000 F12000
G1 X51.000 Y66.000 E9633.47882 F15000
G1 X51.000 Y71.000 F12000
G1 X169.000 Y71.000 E9637.59975 F15000
G1 X169.000 Y76.000 F12000
G1 X51.000 Y76.000 E9641.72068 F15000
G1 X51.000 Y81.000 F12000
G1 X169.000 Y81.000 E9645.84161 F15000
G1 X169.000 Y86.000 F12000
G1 X51.000 Y86.000 E9649.96254 F15000
G1 X51.000 Y91.000 F12000
G1 X169.000 Y91.000 E9654.08347 F15000
G1 X169.000 Y96.000 F12000
G1 X51.000 Y96.000 E9658.20440 F15000
G1 X51.000 Y101.000 F12000
G1 X169.000 Y101.000 E9662.32533 F15000
G1 X169.000 Y106.000 F12000
G1 X51.000 Y106.000 E9666.44626 F15000
G1 X51.000 Y111.000 F12000
G1 X169.000 Y111.000 E9670.56720 F15000
G1 X169.000 Y116.000 F12000
G1 X51.000 Y116.000 E9674.68813 F15000
G1 X51.000 Y121.000 F12000
G1 X169.000 Y121.000 E9678.80906 F15000
G1 X169.000 Y126.000 F12000
G1 X51.000 Y126.000 E9682.92999 F15000
G1 X51.000 Y131.000 F12000
G1 X169.000 Y131.000 E9687.05092 F15000
G1 X169.000 Y136.000 F12000
G1 X51.000 Y136.000 E9691.17185 F15000
G1 X51.000 Y141.000 F12000
G1 X169.000 Y141.000 E9695.29278 F15000
G1 X169.000 Y146.000 F12000
G1 X51.000 Y146.000 E9699.41371 F15000
G1 X51.000 Y151.000 F12000
G1 X169.000 Y151.000 E9703.53464 F15000
G1 X169.000 Y156.000 F12000
G1 X51.000 Y156.000 E9707.65557 F15000
G1 X51.000 Y161.000 F12000
G1 X169.000 Y161.000 E9711.77650 F15000
G1 X169.000 Y166.000 F12000
G1 X51.000 Y166.000 E9715.89743 F15000
;LAYER_CHANGE
;Z:17.000
G1 Z17.000 F600
;TYPE:Outer wall
G1 X50.000 Y50.000 F7200
G1 X55.000 Y50.000 E9716.07205 F7200
G1 X60.000 Y50.000 E9716.24666 F7200
G1 X65.000 Y50.000 E9716.42128 F7200
G1 X70.000 Y50.000 E9716.59590 F7200
G1 X75.000 Y50.000 E9716.77051 F7200
G1 X80.000 Y50.000 E9716.94513 F7200
G1 X85.000 Y50.000 E9717.11974 F7200
G1 X90.000 Y50.000 E9717.29436 F7200
G1 X95.000 Y50.000 E9717.46897 F7200
G1 X100.000 Y50.000 E9717.64359 F7200
G1 X105.000 Y50.000 E9717.81821 F7200
G1 X110.000 Y50.000 E9717.99282 F7200
G1 X115.000 Y50.000 E9718.16744 F7200
G1 X120.000 Y50.000 E9718.34205 F7200
G1 X125.000 Y50.000 E9718.51667 F7200
G1 X130.000 Y50.000 E9718.69128 F7200
G1 X135.000 Y50.000 E9718.86590 F7200
G1 X140.000 Y50.000 E9719.04052 F7200
G1 X145.000 Y50.000 E9719.21513 F7200
G1 X150.000 Y50.000 E9719.38975 F7200
G1 X155.000 Y50.000 E9719.56436 F7200
G1 X160.000 Y50.000 E9719.73898 F7200
G1 X165.000 Y50.000 E9719.91359 F7200
G1 X170.000 Y50.000 E9720.08821 F7200
G1 X170.000 Y55.000 E9720.26283 F7200
G1 X170.000 Y60.000 E9720.43744 F7200
G1 X170.000 Y65.000 E9720.61206 F7200
G1 X170.000 Y70.000 E9720.78667 F7200
G1 X170.000 Y75.000 E9720.96129 F7200
G1 X170.000 Y80.000 E9721.13590 F7200
G1 X170.000 Y85.000 E9721.31052 F7200
G1 X170.000 Y90.000 E9721.48514 F7200
G1 X170.000 Y95.000 E9721.65975 F7200
G1 X170.000 Y100.000 E9721.83437 F7200
G1 X170.000 Y105.000 E9722.00898 F7200
G1 X170.000 Y110.000 E9722.18360 F7200
G1 X170.000 Y115.000 E9722.35821 F7200
G1 X170.000 Y120.000 E9722.53283 F7200
G1 X170.000 Y125.000 E9722.70745 F7200
G1 X170.000 Y130.000 E9722.88206 F7200
G1 X170.000 Y135.000 E9723.05668 F7200
G1 X170.000 Y140.000 E9723.23129 F7200
G1 X170.000 Y145.000 E9723.40591 F7200
G1 X170.000 Y150.000 E9723.58052 F7200
G1 X170.000 Y155.000 E9723.75514 F7200
G1 X170.000 Y160.000 E9723.92976 F7200
G1 X170.000 Y165.000 E9724.10437 F7200
G1 X170.000 Y170.000 E9724.27899 F7200
G1 X165.000 Y170.000 E9724.45360 F7200
G1 X160.000 Y170.000 E9724.62822 F7200
G1 X155.000 Y170.000 E9724.80283 F7200
G1 X150.000 Y170.000 E9724.97745 F7200
G1 X145.000 Y170.000 E9725.15207 F7200
G1 X140.000 Y170.000 E9725.32668 F7200
G1 X135.000 Y170.000 E9725.50130 F7200
G1 X130.000 Y170.000 E9725.67591 F7200
G1 X125.000 Y170.000 E9725.85053 F7200
G1 X120.000 Y170.000 E9726.02514 F7200
G1 X115.000 Y170.000 E9726.19976 F7200
G1 X110.000 Y170.000 E9726.37438 F7200
G1 X105.000 Y170.000 E9726.54899 F7200
G1 X100.000 Y170.000 E9726.72361 F7200
G1 X95.000 Y170.000 E9726.89822 F7200
G1 X90.000 Y170.000 E9727.07284 F7200
G1 X85.000 Y170.000 E9727.24745 F7200
G1 X80.000 Y170.000 E9727.42207 F7200
G1 X75.000 Y170.000 E9727.59669 F7200
G1 X70.000 Y170.000 E9727.77130 F7200
G1 X65.000 Y170.000 E9727.94592 F7200
G1 X60.000 Y170.000 E9728.12053 F7200
G1 X55.000 Y170.000 E9728.29515 F7200
G1 X50.000 Y170.000 E9728.46976 F7200
G1 X50.000 Y165.000 E9728.64438 F7200
G1 X50.000 Y160.000 E9728.81900 F7200
G1 X50.000 Y155.000 E9728.99361 F7200
G1 X50.000 Y150.000 E9729.16823 F7200
G1 X50.000 Y145.000 E9729.34284 F7200
G1 X50.000 Y140.000 E9729.51746 F7200
G1 X50.000 Y135.000 E9729.69207 F7200
G1 X50.000 Y130.000 E9729.86669 F7200
G1 X50.000 Y125.000 E9730.04131 F7200
G1 X50.000 Y120.000 E9730.21592 F7200
G1 X50.000 Y115.000 E9730.39054 F7200
G1 X50.000 Y110.000 E9730.56515 F7200
G1 X50.000 Y105.000 E9730.73977 F7200
G1 X50.000 Y100.000 E9730.91438 F7200
G1 X50.000 Y95.000 E9731.08900 F7200
G1 X50.000 Y90.000 E9731.26362 F7200
G1 X50.000 Y85.000 E9731.43823 F7200
G1 X50.000 Y80.000 E9731.61285 F7200
G1 X50.000 Y75.000 E9731.78746 F7200
G1 X50.000 Y70.000 E9731.96208 F7200
G1 X50.000 Y65.000 E9732.13669 F7200
G1 X50.000 Y60.000 E9732.31131 F7200
G1 X50.000 Y55.000 E9732.48593 F7200
G1 X50.000 Y50.000 E9732.66054 F7200
;TYPE:Sparse infill
G1 X51.000 Y51.000 F12000
G1 X169.000 Y51.000 E9736.78147 F15000
G1 X169.000 Y56.000 F12000
G1 X51.000 Y56.000 E9740.90240 F15000
G1 X51.000 Y61.000 F12000
G1 X169.000 Y61.000 E9745.02333 F15000
G1 X169.000 Y66.000 F12000
G1 X51.000 Y66.000 E9749.14426 F15000
G1 X51.000 Y71.000 F12000
G1 X169.000 Y71.000 E9753.26520 F15000
G1 X169.000 Y76.000 F12000
G1 X51.000 Y76.000 E9757.38613 F15000
G1 X51.000 Y81.000 F12000
G1 X169.000 Y81.000 E9761.50706 F15000
G1 X169.000 Y86.000 F12000
G1 X51.000 Y86.000 E9765.62799 F15000
G1 X51.000 Y91.000 F12000
G1 X169.000 Y91.000 E9769.74892 F15000
G1 X169.000 Y96.000 F12000
G1 X51.000 Y96.000 E9773.86985 F15000
G1 X51.000 Y101.000 F12000
G1 X169.000 Y101.000 E9777.99078 F15000
G1 X169.000 Y106.000 F12000
G1 X51.000 Y106.000 E9782.11171 F15000
G1 X51.000 Y111.000 F12000
G1 X169.000 Y111.000 E9786.23264 F15000
G1 X169.000 Y116.000 F12000
G1 X51.000 Y116.000 E9790.35357 F15000
G1 X51.000 Y121.000 F12000
G1 X169.000 Y121.000 E9794.47450 F15000
G1 X169.000 Y126.000 F12000
G1 X51.000 Y126.000 E9798.59543 F15000
G1 X51.000 Y131.000 F12000
G1 X169.000 Y131.000 E9802.71636 F15000
G1 X169.000 Y136.000 F12000
G1 X51.000 Y136.000 E9806.83729 F15000
G1 X51.000 Y141.000 F12000
G1 X169.000 Y141.000 E9810.95823 F15000
G1 X169.000 Y146.000 F12000
G1 X51.000 Y146.000 E9815.07916 F15000
G1 X51.000 Y151.000 F12000
G1 X169.000 Y151.000 E9819.20009 F15000
G1 X169.000 Y156.000 F12000
G1 X51.000 Y156.000 E9823.32102 F15000
G1 X51.000 Y161.000 F12000
G1 X169.000 Y161.000 E9827.44195 F15000
G1 X169.000 Y166.000 F12000
G1 X51.000 Y166.000 E9831.56288 F15000
;LAYER_CHANGE
;Z:17.200
G1 Z17.200 F600
;TYPE:Outer wall
G1 X50.000 Y50.000 F7200
G1 X55.000 Y50.000 E9831.73749 F7200
G1 X60.000 Y50.000 E9831.91211 F7200
G1 X65.000 Y50.000 E9832.08673 F7200
G1 X70.000 Y50.000 E9832.26134 F7200
G1 X75.000 Y50.000 E9832.43596 F7200
G1 X80.000 Y50.000 E9832.61057 F7200
G1 X85.000 Y50.000 E9832.78519 F7200
G1 X90.000 Y50.000 E9832.95980 F7200
G1 X95.000 Y50.000 E9833.13442 F7200
G1 X100.000 Y50.000 E9833.30904 F7200
G1 X105.000 Y50.000 E9833.48365 F7200
G1 X110.000 Y50.000 E9833.65827 F7200
G1 X115.000 Y50.000 E9833.83288 F7200
G1 X120.000 Y50.000 E9834.00750 F7200
G1 X125.000 Y50.000 E9834.18211 F7200
G1 X130.000 Y50.000 E9834.35673 F7200
G1 X135.000 Y50.000 E9834.53135 F7200
G1 X140.000 Y50.000 E9834.70596 F7200
G1 X145.000 Y50.000 E9834.88058 F7200
G1 X150.000 Y50.000 E9835.05519 F7200
G1 X155.000 Y50.000 E9835.22981 F7200
G1 X160.000 Y50.000 E9835.40442 F7200
G1 X165.000 Y50.000 E9835.57904 F7200
G1 X170.000 Y50.000 E9835.75366 F7200
G1 X170.000 Y55.000 E9835.92827 F7200
G1 X170.000 Y60.000 E9836.10289 F7200
G1 X170.000 Y65.000 E9836.27750 F7200
G1 X170.000 Y70.000 E9836.45212 F7200
G1 X170.000 Y75.000 E9836.62673 F7200
G1 X170.000 Y80.000 E9836.80135 F7200
G1 X170.000 Y85.000 E9836.97597 F7200
G1 X170.000 Y90.000 E9837.15058 F7200
G1 X170.000 Y95.000 E9837.32520 F7200
G1 X170.000 Y100.000 E9837.49981 F7200
G1 X170.000 Y105.000 E9837.67443 F7200
G1 X170.000 Y110.000 E9837.84904 F7200
G1 X170.000 Y115.000 E9838.02366 F7200
G1 X170.000 Y120.000 E9838.19828 F7200
G1 X170.000 Y125.000 E9838.37289 F7200
G1 X170.000 Y130.000 E9838.54751 F7200
G1 X170.000 Y135.000 E9838.72212 F7200
G1 X170.000 Y140.000 E9838.89674 F7200
G1 X170.000 Y145.000 E9839.07135 F7200
G1 X170.000 Y150.000 E9839.24597 F7200
G1 X170.000 Y155.000 E9839.42059 F7200
G1 X170.000 Y160.000 E9839.59520 F7200
G1 X170.000 Y165.000 E9839.76982 F7200
G1 X170.000 Y170.000 E9839.94443 F7200
G1 X165.000 Y170.000 E9840.11905 F7200
G1 X160.000 Y170.000 E9840.29366 F7200
G1 X155.000 Y170.000 E9840.46828 F7200
G1 X150.000 Y170.000 E9840.64290 F7200
G1 X145.000 Y170.000 E9840.81751 F7200
G1 X140.000 Y170.000 E9840.99213 F7200
G1 X135.000 Y170.000 E9841.16674 F7200
G1 X130.000 Y170.000 E9841.34136 F7200
G1 X125.000 Y170.000 E9841.51597 F7200
G1 X120.000 Y170.000 E9841.69059 F7200
G1 X115.000 Y170.000 E9841.86521 F7200
G1 X110.000 Y170.000 E9842.03982 F7200
G1 X105.000 Y170.000 E9842.21444 F7200
G1 X100.000 Y170.000 E9842.38905 F7200
G1 X95.000 Y170.000 E9842.56367 F7200
G1 X90.000 Y170.000 E9842.73828 F7200
G1 X85.000 Y170.000 E9842.91290 F7200
G1 X80.000 Y170.000 E9843.08752 F7200
G1 X75.000 Y170.000 E9843.26213 F7200
G1 X70.000 Y170.000 E9843.43675 F7200
G1 X65.000 Y170.000 E9843.61136 F7200
G1 X60.000 Y170.000 E9843.78598 F7200
G1 X55.000 Y170.000 E9843.96059 F7200
G1 X50.000 Y170.000 E9844.13521 F7200
G1 X50.000 Y165.000 E9844.30983 F7200
G1 X50.000 Y160.000 E9844.48444 F7200
G1 X50.000 Y155.000 E9844.65906 F7200
G1 X50.000 Y150.000 E9844.83367 F7200
G1 X50.000 Y145.000 E9845.00829 F7200
G1 X50.000 Y140.000 E9845.18290 F7200
G1 X50.000 Y135.000 E9845.35752 F7200
G1 X50.000 Y130.000 E9845.53214 F7200
G1 X50.000 Y125.000 E9845.70675 F7200
G1 X50.000 Y120.000 E9845.88137 F7200
G1 X50.000 Y115.000 E9846.05598 F7200
G1 X50.000 Y110.000 E9846.23060 F7200
G1 X50.000 Y105.000 E9846.40521 F7200
G1 X50.000 Y100.000 E9846.57983 F7200
G1 X50.000 Y95.000 E9846.75445 F7200
G1 X50.000 Y90.000 E9846.92906 F7200
G1 X50.000 Y85.000 E9847.10368 F7200
G1 X50.000 Y80.000 E9847.27829 F7200
G1 X50.000 Y75.000 E9847.45291 F7200
G1 X50.000 Y70.000 E9847.62752 F7200
G1 X50.000 Y65.000 E9847.80214 F7200
G1 X50.000 Y60.000 E9847.97676 F7200
G1 X50.000 Y55.000 E9848.15137 F7200
G1 X50.000 Y50.000 E9848.32599 F7200
;TYPE:Sparse infill
G1 X51.000 Y51.000 F12000
G1 X169.000 Y51.000 E9852.44692 F15000
G1 X169.000 Y56.000 F12000
G1 X51.000 Y56.000 E9856.56785 F15000
G1 X51.000 Y61.000 F12000
G1 X169.000 Y61.000 E9860.68878 F15000
G1 X169.000 Y66.000 F12000
G1 X51.000 Y66.000 E9864.80971 F15000
G1 X51.000 Y71.000 F12000
G1 X169.000 Y71.000 E9868.93064 F15000
G1 X169.000 Y76.000 F12000
G1 X51.000 Y76.000 E9873.05157 F15000
G1 X51.000 Y81.000 F12000
G1 X169.000 Y81.000 E9877.17250 F15000
G1 X169.000 Y86.000 F12000
G1 X51.000 Y86.000 E9881.29343 F15000
G1 X51.000 Y91.000 F12000
G1 X169.000 Y91.000 E9885.41436 F15000
G1 X169.000 Y96.000 F12000
G1 X51.000 Y96.000 E9889.53529 F15000
G1 X51.000 Y101.000 F12000
G1 X169.000 Y101.000 E9893.65623 F15000
G1 X169.000 Y106.000 F12000
G1 X51.000 Y106.000 E9897.77716 F15000
G1 X51.000 Y111.000 F12000
G1 X169.000 Y111.000 E9901.89809 F15000
G1 X169.000 Y116.000 F12000
G1 X51.000 Y116.000 E9906.01902 F15000
G1 X51.000 Y121.000 F12000
G1 X169.000 Y121.000 E9910.13995 F15000
G1 X169.000 Y126.000 F12000
G1 X51.000 Y126.000 E9914.26088 F15000
G1 X51.000 Y131.000 F12000
G1 X169.000 Y131.000 E9918.38181 F15000
G1 X169.000 Y136.000 F12000
G1 X51.000 Y136.000 E9922.50274 F15000
G1 X51.000 Y141.000 F12000
G1 X169.000 Y141.000 E9926.62367 F15000
G1 X169.000 Y146.000 F12000
G1 X51.000 Y146.000 E9930.74460 F15000
G1 X51.000 Y151.000 F12000
G1 X169.000 Y151.000 E9934.86553 F15000
G1 X169.000 Y156.000 F12000
G1 X51.000 Y156.000 E9938.98646 F15000
G1 X51.000 Y161.000 F12000
G1 X169.000 Y161.000 E9943.10739 F15000
G1 X169.000 Y166.000 F12000
G1 X51.000 Y166.000 E9947.22832 F15000
;LAYER_CHANGE
;Z:17.400
G1 Z17.400 F600
;TYPE:Outer wall
G1 X50.000 Y50.000 F7200
G1 X55.000 Y50.000 E9947.40294 F7200
G1 X60.000 Y50.000 E9947.57756 F7200
G1 X65.000 Y50.000 E9947.75217 F7200
G1 X70.000 Y50.000 E9947.92679 F7200
G1 X75.000 Y50.000 E9948.10140 F7200
G1 X80.000 Y50.000 E9948.27602 F7200
G1 X85.000 Y50.000 E9948.45063 F7200
G1 X90.000 Y50.000 E9948.62525 F7200
G1 X95.000 Y50.000 E9948.79987 F7200
G1 X100.000 Y50.000 E9948.97448 F7200
G1 X105.000 Y50.000 E9949.14910 F7200
G1 X110.000 Y50.000 E9949.32371 F7200
G1 X115.000 Y50.000 E9949.49833 F7200
G1 X120.000 Y50.000 E9949.67294 F7200
G1 X125.000 Y50.000 E9949.84756 F7200
G1 X130.000 Y50.000 E9950.02218 F7200
G1 X135.000 Y50.000 E9950.19679 F7200
G1 X140.000 Y50.000 E9950.37141 F7200
G1 X145.000 Y50.000 E9950.54602 F7200
G1 X150.000 Y50.000 E9950.72064 F7200
G1 X155.000 Y50.000 E9950.89525 F7200
G1 X160.000 Y50.000 E9951.06987 F7200
G1 X165.000 Y50.000 E9951.24449 F7200
G1 X170.000 Y50.000 E9951.41910 F7200
G1 X170.000 Y55.000 E9951.59372 F7200
G1 X170.000 Y60.000 E9951.76833 F7200
G1 X170.000 Y65.000 E9951.94295 F7200
G1 X170.000 Y70.000 E9952.11756 F7200
G1 X170.000 Y75.000 E9952.29218 F7200
G1 X170.000 Y80.000 E9952.46680 F7200
G1 X170.000 Y85.000 E9952.64141 F7200
G1 X170.000 Y90.000 E9952.81603 F7200
G1 X170.000 Y95.000 E9952.99064 F7200
G1 X170.000 Y100.000 E9953.16526 F7200
G1 X170.000 Y105.000 E9953.33987 F7200
G1 X170.000 Y110.000 E9953.51449 F7200
G1 X170.000 Y115.000 E9953.68911 F7200
G1 X170.000 Y120.000 E9953.86372 F7200
G1 X170.000 Y125.000 E9954.03834 F7200
G1 X170.000 Y130.000 E9954.21295 F7200
G1 X170.000 Y135.000 E9954.38757 F7200
G1 X170.000 Y140.000 E9954.56218 F7200
G1 X170.000 Y145.000 E9954.73680 F7200
G1 X170.000 Y150.000 E9954.91142 F7200
G1 X170.000 Y155.000 E9955.08603 F7200
G1 X170.000 Y160.000 E9955.26065 F7200
G1 X170.000 Y165.000 E9955.43526 F7200
G1 X170.000 Y170.000 E9955.60988 F7200
G1 X165.000 Y170.000 E9955.78449 F7200
G1 X160.000 Y170.000 E9955.95911 F7200
G1 X155.000 Y170.000 E9956.13373 F7200
G1 X150.000 Y170.000 E9956.30834 F7200
G1 X145.000 Y170.000 E9956.48296 F7200
G1 X140.000 Y170.000 E9956.65757 F7200
G1 X135.000 Y170.000 E9956.83219 F7200
G1 X130.000 Y170.000 E9957.00680 F7200
G1 X125.000 Y170.000 E9957.18142 F7200
G1 X120.000 Y170.000 E9957.35604 F7200
G1 X115.000 Y170.000 E9957.53065 F7200
G1 X110.000 Y170.000 E9957.70527 F7200
G1 X105.000 Y170.000 E9957.87988 F7200
G1 X100.000 Y170.000 E9958.05450 F7200
G1 X95.000 Y170.000 E9958.22911 F7200
G1 X90.000 Y170.000 E9958.40373 F7200
G1 X85.000 Y170.000 E9958.57835 F7200
G1 X80.000 Y170.000 E9958.75296 F7200
G1 X75.000 Y170.000 E9958.92758 F7200
G1 X70.000 Y170.000 E9959.10219 F7200
G1 X65.000 Y170.000 E9959.27681 F7200
G1 X60.000 Y170.000 E9959.45142 F7200
G1 X55.000 Y170.000 E9959.62604 F7200
G1 X50.000 Y170.000 E9959.80066 F7200
G1 X50.000 Y165.000 E9959.97527 F7200
G1 X50.000 Y160.000 E9960.14989 F7200
G1 X50.000 Y155.000 E9960.32450 F7200
G1 X50.000 Y150.000 E9960.49912 F7200
G1 X50.000 Y145.000 E9960.67373 F7200
G1 X50.000 Y140.000 E9960.84835 F7200
G1 X50.000 Y135.000 E9961.02297 F7200
G1 X50.000 Y130.000 E9961.19758 F7200
G1 X50.000 Y125.000 E9961.37220 F7200
G1 X50.000 Y120.000 E9961.54681 F7200
G1 X50.000 Y115.000 E9961.72143 F7200
G1 X50.000 Y110.000 E9961.89604 F7200
G1 X50.000 Y105.000 E9962.07066 F7200
G1 X50.000 Y100.000 E9962.24528 F7200
G1 X50.000 Y95.000 E9962.41989 F7200
G1 X50.000 Y90.000 E9962.59451 F7200
G1 X50.000 Y85.000 E9962.76912 F7200
G1 X50.000 Y80.000 E9962.94374 F7200
G1 X50.000 Y75.000 E9963.11835 F7200
G1 X50.000 Y70.000 E9963.29297 F7200
G1 X50.000 Y65.000 E9963.46759 F7200
G1 X50.000 Y60.000 E9963.64220 F7200
G1 X50.000 Y55.000 E9963.81682 F7200
G1 X50.000 Y50.000 E9963.99143 F7200
;TYPE:Sparse infill
G1 X51.000 Y51.000 F12000
G1 X169.000 Y51.000 E9968.11236 F15000
G1 X169.000 Y56.000 F12000
G1 X51.000 Y56.000 E9972.23329 F15000
G1 X51.000 Y61.000 F12000
G1 X169.000 Y61.000 E9976.35422 F15000
G1 X169.000 Y66.000 F12000
G1 X51.000 Y66.000 E9980.47516 F15000
G1 X51.000 Y71.000 F12000
G1 X169.000 Y71.000 E9984.59609 F15000
G1 X169.000 Y76.000 F12000
G1 X51.000 Y76.000 E9988.71702 F15000
G1 X51.000 Y81.000 F12000
G1 X169.000 Y81.000 E9992.83795 F15000
G1 X169.000 Y86.000 F12000
G1 X51.000 Y86.000 E9996.95888 F15000
G1 X51.000 Y91.000 F12000
G1 X169.000 Y91.000 E10001.07981 F15000
G1 X169.000 Y96.000 F12000
G1 X51.000 Y96.000 E10005.20074 F15000
G1 X51.000 Y101.000 F12000
G1 X169.000 Y101.000 E10009.32167 F15000
G1 X169.000 Y106.000 F12000
G1 X51.000 Y106.000 E10013.44260 F15000
G1 X51.000 Y111.000 F12000
G1 X169.000 Y111.000 E10017.56353 F15000
G1 X169.000 Y116.000 F12000
G1 X51.000 Y116.000 E10021.68446 F15000
G1 X51.000 Y121.000 F12000
G1 X169.000 Y121.000 E10025.80539 F15000
G1 X169.000 Y126.000 F12000
G1 X51.000 Y126.000 E10029.92632 F15000
G1 X51.000 Y131.000 F12000
G1 X169.000 Y131.000 E10034.04726 F15000
G1 X169.000 Y136.000 F12000
G1 X51.000 Y136.000 E10038.16819 F15000
G1 X51.000 Y141.000 F12000
G1 X169.000 Y141.000 E10042.28912 F15000
G1 X169.000 Y146.000 F12000
G1 X51.000 Y146.000 E10046.41005 F15000
G1 X51.000 Y151.000 F12000
G1 X169.000 Y151.000 E10050.53098 F15000
G1 X169.000 Y156.000 F12000
G1 X51.000 Y156.000 E10054.65191 F15000
G1 X51.000 Y161.000 F12000
G1 X169.000 Y161.000 E10058.77284 F15000
G1 X169.000 Y166.000 F12000
G1 X51.000 Y166.000 E10062.89377 F15000
;LAYER_CHANGE
;Z:17.600
G1 Z17.600 F600
;TYPE:Outer wall
G1 X50.000 Y50.000 F7200
G1 X55.000 Y50.000 E10063.06839 F7200
G1 X60.000 Y50.000 E10063.24300 F7200
G1 X65.000 Y50.000 E10063.41762 F7200
G1 X70.000 Y50.000 E10063.59223 F7200
G1 X75.000 Y50.000 E10063.76685 F7200
G1 X80.000 Y50.000 E10063.94146 F7200
G1 X85.000 Y50.000 E10064.11608 F7200
G1 X90.000 Y50.000 E10064.29070 F7200
G1 X95.000 Y50.000 E10064.46531 F7200
G1 X100.000 Y50.000 E10064.63993 F7200
G1 X105.000 Y50.000 E10064.81454 F7200
G1 X110.000 Y50.000 E10064.98916 F7200
G1 X115.000 Y50.000 E10065.16377 F7200
G1 X120.000 Y50.000 E10065.33839 F7200
G1 X125.000 Y50.000 E10065.51301 F7200
G1 X130.000 Y50.000 E10065.68762 F7200
G1 X135.000 Y50.000 E10065.86224 F7200
G1 X140.000 Y50.000 E10066.03685 F7200
G1 X145.000 Y50.000 E10066.21147 F7200
G1 X150.000 Y50.000 E10066.38608 F7200
G1 X155.000 Y50.000 E10066.56070 F7200
G1 X160.000 Y50.000 E10066.73532 F7200
G1 X165.000 Y50.000 E10066.90993 F7200
G1 X170.000 Y50.000 E10067.08455 F7200
G1 X170.000 Y55.000 E10067.25916 F7200
G1 X170.000 Y60.000 E10067.43378 F7200
G1 X170.000 Y65.000 E10067.60839 F7200
G1 X170.000 Y70.000 E10067.78301 F7200
G1 X170.000 Y75.000 E10067.95763 F7200
G1 X170.000 Y80.000 E10068.13224 F7200
G1 X170.000 Y85.000 E10068.30686 F7200
G1 X170.000 Y90.000 E10068.48147 F7200
G1 X170.000 Y95.000 E10068.65609 F7200
G1 X170.000 Y100.000 E10068.83070 F7200
G1 X170.000 Y105.000 E10069.00532 F7200
G1 X170.000 Y110.000 E10069.17994 F7200
G1 X170.000 Y115.000 E10069.35455 F7200
G1 X170.000 Y120.000 E10069.52917 F7200
G1 X170.000 Y125.000 E10069.70378 F7200
G1 X170.000 Y130.000 E10069.87840 F7200
G1 X170.000 Y135.000 E10070.05301 F7200
G1 X170.000 Y140.000 E10070.22763 F7200
G1 X170.000 Y145.000 E10070.40225 F7200
G1 X170.000 Y150.000 E10070.57686 F7200
G1 X170.000 Y155.000 E10070.75148 F7200
G1 X170.000 Y160.000 E10070.92609 F7200
G1 X170.000 Y165.000 E10071.10071 F7200
G1 X170.000 Y170.000 E10071.27532 F7200
G1 X165.000 Y170.000 E10071.44994 F7200
G1 X160.000 Y170.000 E10071.62456 F7200
G1 X155.000 Y170.000 E10071.79917 F7200
G1 X150.000 Y170.000 E10071.97379 F7200
G1 X145.000 Y170.000 E10072.14840 F7200
G1 X140.000 Y170.000 E10072.32302 F7200
G1 X135.000 Y170.000 E10072.49763 F7200
G1 X130.000 Y170.000 E10072.67225 F7200
G1 X125.000 Y170.000 E10072.84687 F7200
G1 X120.000 Y170.000 E10073.02148 F7200
G1 X115.000 Y170.000 E10073.19610 F7200
G1 X110.000 Y170.000 E10073.37071 F7200
G1 X105.000 Y170.000 E10073.54533 F7200
G1 X100.000 Y170.000 E10073.71994 F7200
G1 X95.000 Y170.000 E10073.89456 F7200
G1 X90.000 Y170.000 E10074.06918 F7200
G1 X85.000 Y170.000 E10074.24379 F7200
G1 X80.000 Y170.000 E10074.41841 F7200
G1 X75.000 Y170.000 E10074.59302 F7200
G1 X70.000 Y170.000 E10074.76764 F7200
G1 X65.000 Y170.000 E10074.94225 F7200
G1 X60.000 Y170.000 E10075.11687 F7200
G1 X55.000 Y170.000 E10075.29149 F7200
G1 X50.000 Y170.000 E10075.46610 F7200
G1 X50.000 Y165.000 E10075.64072 F7200
G1 X50.000 Y160.000 E10075.81533 F7200
G1 X50.000 Y155.000 E10075.98995 F7200
G1 X50.000 Y150.000 E10076.16456 F7200
G1 X50.000 Y145.000 E10076.33918 F7200
G1 X50.000 Y140.000 E10076.51380 F7200
G1 X50.000 Y135.000 E10076.68841 F7200
G1 X50.000 Y130.000 E10076.86303 F7200
G1 X50.000 Y125.000 E10077.03764 F7200
G1 X50.000 Y120.000 E10077.21226 F7200
G1 X50.000 Y115.000 E10077.38687 F7200
G1 X50.000 Y110.000 E10077.56149 F7200
G1 X50.000 Y105.000 E10077.73611 F7200
G1 X50.000 Y100.000 E10077.91072 F7200
G1 X50.000 Y95.000 E10078.08534 F7200
G1 X50.000 Y90.000 E10078.25995 F7200
G1 X50.000 Y85.000 E10078.43457 F7200
G1 X50.000 Y80.000 E10078.60918 F7200
G1 X50.000 Y75.000 E10078.78380 F7200
G1 X50.000 Y70.000 E10078.95842 F7200
G1 X50.000 Y65.000 E10079.13303 F7200
G1 X50.000 Y60.000 E10079.30765 F7200
G1 X50.000 Y55.000 E10079.48226 F7200
G1 X50.000 Y50.000 E10079.65688 F7200
;TYPE:Sparse infill
G1 X51.000 Y51.000 F12000
G1 X169.000 Y51.000 E10083.77781 F15000
G1 X169.000 Y56.000 F12000
G1 X51.000 Y56.000 E10087.89874 F15000
G1 X51.000 Y61.000 F12000
G1 X169.000 Y61.000 E10092.01967 F15000
G1 X169.000 Y66.000 F12000
G1 X51.000 Y66.000 E10096.14060 F15000
G1 X51.000 Y71.000 F12000
G1 X169.000 Y71.000 E10100.26153 F15000
G1 X169.000 Y76.000 F12000
G1 X51.000 Y76.000 E10104.38246 F15000
G1 X51.000 Y81.000 F12000
G1 X169.000 Y81.000 E10108.50339 F15000
G1 X169.000 Y86.000 F12000
G1 X51.000 Y86.000 E10112.62432 F15000
G1 X51.000 Y91.000 F12000
G1 X169.000 Y91.000 E10116.74526 F15000
G1 X169.000 Y96.000 F12000
G1 X51.000 Y96.000 E10120.86619 F15000
G1 X51.000 Y101.000 F12000
G1 X169.000 Y101.000 E10124.98712 F15000
G1 X169.000 Y106.000 F12000
G1 X51.000 Y106.000 E10129.10805 F15000
G1 X51.000 Y111.000 F12000
G1 X169.000 Y111.000 E10133.22898 F15000
G1 X169.000 Y116.000 F12000
G1 X51.000 Y116.000 E10137.34991 F15000
G1 X51.000 Y121.000 F12000
G1 X169.000 Y121.000 E10141.47084 F15000
G1 X169.000 Y126.000 F12000
G1 X51.000 Y126.000 E10145.59177 F15000
G1 X51.000 Y131.000 F12000
G1 X169.000 Y131.000 E10149.71270 F15000
G1 X169.000 Y136.000 F12000
G1 X51.000 Y136.000 E10153.83363 F15000
G1 X51.000 Y141.000 F12000
G1 X169.000 Y141.000 E10157.95456 F15000
G1 X169.000 Y146.000 F12000
G1 X51.000 Y146.000 E10162.07549 F15000
G1 X51.000 Y151.000 F12000
G1 X169.000 Y151.000 E10166.19642 F15000
G1 X169.000 Y156.000 F12000
G1 X51.000 Y156.000 E10170.31735 F15000
G1 X51.000 Y161.000 F12000
G1 X169.000 Y161.000 E10174.43829 F15000
G1 X169.000 Y166.000 F12000
G1 X51.000 Y166.000 E10178.55922 F15000
;LAYER_CHANGE
;Z:17.800
G1 Z17.800 F600
;TYPE:Outer wall
G1 X50.000 Y50.000 F7200
G1 X55.000 Y50.000 E10178.73383 F7200
G1 X60.000 Y50.000 E10178.90845 F7200
G1 X65.000 Y50.000 E10179.08306 F7200
G1 X70.000 Y50.000 E10179.25768 F7200
G1 X75.000 Y50.000 E10179.43229 F7200
G1 X80.000 Y50.000 E10179.60691 F7200
G1 X85.000 Y50.000 E10179.78153 F7200
G1 X90.000 Y50.000 E10179.95614 F7200
G1 X95.000 Y50.000 E10180.13076 F7200
G1 X100.000 Y50.000 E10180.30537 F7200
G1 X105.000 Y50.000 E10180.47999 F7200
G1 X110.000 Y50.000 E10180.65460 F7200
G1 X115.000 Y50.000 E10180.82922 F7200
G1 X120.000 Y50.000 E10181.00384 F7200
G1 X125.000 Y50.000 E10181.17845 F7200
G1 X130.000 Y50.000 E10181.35307 F7200
G1 X135.000 Y50.000 E10181.52768 F7200
G1 X140.000 Y50.000 E10181.70230 F7200
G1 X145.000 Y50.000 E10181.87691 F7200
G1 X150.000 Y50.000 E10182.05153 F7200
G1 X155.000 Y50.000 E10182.22615 F7200
G1 X160.000 Y50.000 E10182.40076 F7200
G1 X165.000 Y50.000 E10182.57538 F7200
G1 X170.000 Y50.000 E10182.74999 F7200
G1 X170.000 Y55.000 E10182.92461 F7200
G1 X170.000 Y60.000 E10183.09922 F7200
G1 X170.000 Y65.000 E10183.27384 F7200
G1 X170.000 Y70.000 E10183.44846 F7200
G1 X170.000 Y75.000 E10183.62307 F7200
G1 X170.000 Y80.000 E10183.79769 F7200
G1 X170.000 Y85.000 E10183.97230 F7200
G1 X170.000 Y90.000 E10184.14692 F7200
G1 X170.000 Y95.000 E10184.32153 F7200
G1 X170.000 Y100.000 E10184.49615 F7200
G1 X170.000 Y105.000 E10184.67077 F7200
G1 X170.000 Y110.000 E10184.84538 F7200
G1 X170.000 Y115.000 E10185.02000 F7200
G1 X170.000 Y120.000 E10185.19461 F7200
G1 X170.000 Y125.000 E10185.36923 F7200
G1 X170.000 Y130.000 E10185.54384 F7200
G1 X170.000 Y135.000 E10185.71846 F7200
G1 X170.000 Y140.000 E10185.89308 F7200
G1 X170.000 Y145.000 E10186.06769 F7200
G1 X170.000 Y150.000 E10186.24231 F7200
G1 X170.000 Y155.000 E10186.41692 F7200
G1 X170.000 Y160.000 E10186.59154 F7200
G1 X170.000 Y165.000 E10186.76615 F7200
G1 X170.000 Y170.000 E10186.94077 F7200
G1 X165.000 Y170.000 E10187.11539 F7200
G1 X160.000 Y170.000 E10187.29000 F7200
G1 X155.000 Y170.000 E10187.46462 F7200
G1 X150.000 Y170.000 E10187.63923 F7200
G1 X145.000 Y170.000 E10187.81385 F7200
G1 X140.000 Y170.000 E10187.98846 F7200
G1 X135.000 Y170.000 E10188.16308 F7200
G1 X130.000 Y170.000 E10188.33770 F7200
G1 X125.000 Y170.000 E10188.51231 F7200
G1 X120.000 Y170.000 E10188.68693 F7200
G1 X115.000 Y170.000 E10188.86154 F7200
G1 X110.000 Y170.000 E10189.03616 F7200
G1 X105.000 Y170.000 E10189.21077 F7200
G1 X100.000 Y170.000 E10189.38539 F7200
G1 X95.000 Y170.000 E10189.56001 F7200
G1 X90.000 Y170.000 E10189.73462 F7200
G1 X85.000 Y170.000 E10189.90924 F7200
G1 X80.000 Y170.000 E10190.08385 F7200
G1 X75.000 Y170.000 E10190.25847 F7200
G1 X70.000 Y170.000 E10190.43308 F7200
G1 X65.000 Y170.000 E10190.60770 F7200
G1 X60.000 Y170.000 E10190.78232 F7200
G1 X55.000 Y170.000 E10190.95693 F7200
G1 X50.000 Y170.000 E10191.13155 F7200
G1 X50.000 Y165.000 E10191.30616 F7200
G1 X50.000 Y160.000 E10191.48078 F7200
G1 X50.000 Y155.000 E10191.65539 F7200
G1 X50.000 Y150.000 E10191.83001 F7200
G1 X50.000 Y145.000 E10192.00463 F7200
G1 X50.000 Y140.000 E10192.17924 F7200
G1 X50.000 Y135.000 E10192.35386 F7200
G1 X50.000 Y130.000 E10192.52847 F7200
G1 X50.000 Y125.000 E10192.70309 F7200
G1 X50.000 Y120.000 E10192.87770 F7200
G1 X50.000 Y115.000 E10193.05232 F7200
G1 X50.000 Y110.000 E10193.22694 F7200
G1 X50.000 Y105.000 E10193.40155 F7200
G1 X50.000 Y100.000 E10193.57617 F7200
G1 X50.000 Y95.000 E10193.75078 F7200
G1 X50.000 Y90.000 E10193.92540 F7200
G1 X50.000 Y85.000 E10194.10001 F7200
G1 X50.000 Y80.000 E10194.27463 F7200
G1 X50.000 Y75.000 E10194.44925 F7200
G1 X50.000 Y70.000 E10194.62386 F7200
G1 X50.000 Y65.000 E10194.79848 F7200
G1 X50.000 Y60.000 E10194.97309 F7200
G1 X50.000 Y55.000 E10195.14771 F7200
G1 X50.000 Y50.000 E10195.32232 F7200
;TYPE:Sparse infill
G1 X51.000 Y51.000 F12000
G1 X169.000 Y51.000 E10199.44325 F15000
G1 X169.000 Y56.000 F12000
G1 X51.000 Y56.000 E10203.56419 F15000
G1 X51.000 Y61.000 F12000
G1 X169.000 Y61.000 E10207.68512 F15000
G1 X169.000 Y66.000 F12000
G1 X51.000 Y66.000 E10211.80605 F15000
G1 X51.000 Y71.000 F12000
G1 X169.000 Y71.000 E10215.92698 F15000
G1 X169.000 Y76.000 F12000
G1 X51.000 Y76.000 E10220.04791 F15000
G1 X51.000 Y81.000 F12000
G1 X169.000 Y81.000 E10224.16884 F15000
G1 X169.000 Y86.000 F12000
G1 X51.000 Y86.000 E10228.28977 F15000
G1 X51.000 Y91.000 F12000
G1 X169.000 Y91.000 E10232.41070 F15000
G1 X169.000 Y96.000 F12000
G1 X51.000 Y96.000 E10236.53163 F15000
G1 X51.000 Y101.000 F12000
G1 X169.000 Y101.000 E10240.65256 F15000
G1 X169.000 Y106.000 F12000
G1 X51.000 Y106.000 E10244.77349 F15000
G1 X51.000 Y111.000 F12000
G1 X169.000 Y111.000 E10248.89442 F15000
G1 X169.000 Y116.000 F12000
G1 X51.000 Y116.000 E10253.01535 F15000
G1 X51.000 Y121.000 F12000
G1 X169.000 Y121.000 E10257.13629 F15000
G1 X169.000 Y126.000 F12000
G1 X51.000 Y126.000 E10261.25722 F15000
G1 X51.000 Y131.000 F12000
G1 X169.000 Y131.000 E10265.37815 F15000
G1 X169.000 Y136.000 F12000
G1 X51.000 Y136.000 E10269.49908 F15000
G1 X51.000 Y141.000 F12000
G1 X169.000 Y141.000 E10273.62001 F15000
G1 X169.000 Y146.000 F12000
G1 X51.000 Y146.000 E10277.74094 F15000
G1 X51.000 Y151.000 F12000
G1 X169.000 Y151.000 E10281.86187 F15000
G1 X169.000 Y156.000 F12000
G1 X51.000 Y156.000 E10285.98280 F15000
G1 X51.000 Y161.000 F12000
G1 X169.000 Y161.000 E10290.10373 F15000
G1 X169.000 Y166.000 F12000
G1 X51.000 Y166.000 E10294.22466 F15000
;LAYER_CHANGE
;Z:18.000
G1 Z18.000 F600
;TYPE:Outer wall
G1 X50.000 Y50.000 F7200
G1 X55.000 Y50.000 E10294.39928 F7200
G1 X60.000 Y50.000 E10294.57389 F7200
G1 X65.000 Y50.000 E10294.74851 F7200
G1 X70.000 Y50.000 E10294.92312 F7200
G1 X75.000 Y50.000 E10295.09774 F7200
G1 X80.000 Y50.000 E10295.27236 F7200
G1 X85.000 Y50.000 E10295.44697 F7200
G1 X90.000 Y50.000 E10295.62159 F7200
G1 X95.000 Y50.000 E10295.79620 F7200
G1 X100.000 Y50.000 E10295.97082 F7200
G1 X105.000 Y50.000 E10296.14543 F7200
G1 X110.000 Y50.000 E10296.32005 F7200
G1 X115.000 Y50.000 E10296.49467 F7200
G1 X120.000 Y50.000 E10296.66928 F7200
G1 X125.000 Y50.000 E10296.84390 F7200
G1 X130.000 Y50.000 E10297.01851 F7200
G1 X135.000 Y50.000 E10297.19313 F7200
G1 X140.000 Y50.000 E10297.36774 F7200
G1 X145.000 Y50.000 E10297.54236 F7200
G1 X150.000 Y50.000 E10297.71698 F7200
G1 X155.000 Y50.000 E10297.89159 F7200
G1 X160.000 Y50.000 E10298.06621 F7200
G1 X165.000 Y50.000 E10298.24082 F7200
G1 X170.000 Y50.000 E10298.41544 F7200
G1 X170.000 Y55.000 E10298.59005 F7200
G1 X170.000 Y60.000 E10298.76467 F7200
G1 X170.000 Y65.000 E10298.93929 F7200
G1 X170.000 Y70.000 E10299.11390 F7200
G1 X170.000 Y75.000 E10299.28852 F7200
G1 X170.000 Y80.000 E10299.46313 F7200
G1 X170.000 Y85.000 E10299.63775 F7200
G1 X170.000 Y90.000 E10299.81236 F7200
G1 X170.000 Y95.000 E10299.98698 F7200
G1 X170.000 Y100.000 E10300.16160 F7200
G1 X170.000 Y105.000 E10300.33621 F7200
G1 X170.000 Y110.000 E10300.51083 F7200
G1 X170.000 Y115.000 E10300.68544 F7200
G1 X170.000 Y120.000 E10300.86006 F7200
G1 X170.000 Y125.000 E10301.03467 F7200
G1 X170.000 Y130.000 E10301.20929 F7200
G1 X170.000 Y135.000 E10301.38391 F7200
G1 X170.000 Y140.000 E10301.55852 F7200
G1 X170.000 Y145.000 E10301.73314 F7200
G1 X170.000 Y150.000 E10301.90775 F7200
G1 X170.000 Y155.000 E10302.08237 F7200
G1 X170.000 Y160.000 E10302.25698 F7200
G1 X170.000 Y165.000 E10302.43160 F7200
G1 X170.000 Y170.000 E10302.60622 F7200
G1 X165.000 Y170.000 E10302.78083 F7200
G1 X160.000 Y170.000 E10302.95545 F7200
G1 X155.000 Y170.000 E10303.13006 F7200
G1 X150.000 Y170.000 E10303.30468 F7200
G1 X145.000 Y170.000 E10303.47929 F7200
G1 X140.000 Y170.000 E10303.65391 F7200
G1 X135.000 Y170.000 E10303.82853 F7200
G1 X130.000 Y170.000 E10304.00314 F7200
G1 X125.000 Y170.000 E10304.17776 F7200
G1 X120.000 Y170.000 E10304.35237 F7200
G1 X115.000 Y170.000 E10304.52699 F7200
G1 X110.000 Y170.000 E10304.70160 F7200
G1 X105.000 Y170.000 E10304.87622 F7200
G1 X100.000 Y170.000 E10305.05084 F7200
G1 X95.000 Y170.000 E10305.22545 F7200
G1 X90.000 Y170.000 E10305.40007 F7200
G1 X85.000 Y170.000 E10305.57468 F7200
G1 X80.000 Y170.000 E10305.74930 F7200
G1 X75.000 Y170.000 E10305.92391 F7200
G1 X70.000 Y170.000 E10306.09853 F7200
G1 X65.000 Y170.000 E10306.27315 F7200
G1 X60.000 Y170.000 E10306.44776 F7200
G1 X55.000 Y170.000 E10306.62238 F7200
G1 X50.000 Y170.000 E10306.79699 F7200
G1 X50.000 Y165.000 E10306.97161 F7200
G1 X50.000 Y160.000 E10307.14622 F7200
G1 X50.000 Y155.000 E10307.32084 F7200
G1 X50.000 Y150.000 E10307.49546 F7200
G1 X50.000 Y145.000 E10307.67007 F7200
G1 X50.000 Y140.000 E10307.84469 F7200
G1 X50.000 Y135.000 E10308.01930 F7200
G1 X50.000 Y130.000 E10308.19392 F7200
G1 X50.000 Y125.000 E10308.36853 F7200
G1 X50.000 Y120.000 E10308.54315 F7200
G1 X50.000 Y115.000 E10308.71777 F7200
G1 X50.000 Y110.000 E10308.89238 F7200
G1 X50.000 Y105.000 E10309.06700 F7200
G1 X50.000 Y100.000 E10309.24161 F7200
G1 X50.000 Y95.000 E10309.41623 F7200
G1 X50.000 Y90.000 E10309.59084 F7200
G1 X50.000 Y85.000 E10309.76546 F7200
G1 X50.000 Y80.000 E10309.94008 F7200
G1 X50.000 Y75.000 E10310.11469 F7200
G1 X50.000 Y70.000 E10310.28931 F7200
G1 X50.000 Y65.000 E10310.46392 F7200
G1 X50.000 Y60.000 E10310.63854 F7200
G1 X50.000 Y55.000 E10310.81315 F7200
G1 X50.000 Y50.000 E10310.98777 F7200
;TYPE:Sparse infill
G1 X51.000 Y51.000 F12000
G1 X169.000 Y51.000 E10315.10870 F15000
G1 X169.000 Y56.000 F12000
G1 X51.000 Y56.000 E10319.22963 F15000
G1 X51.000 Y61.000 F12000
G1 X169.000 Y61.000 E10323.35056 F15000
G1 X169.000 Y66.000 F12000
G1 X51.000 Y66.000 E10327.47149 F15000
G1 X51.000 Y71.000 F12000
G1 X169.000 Y71.000 E10331.59242 F15000
G1 X169.000 Y76.000 F12000
G1 X51.000 Y76.000 E10335.71335 F15000
G1 X51.000 Y81.000 F12000
G1 X169.000 Y81.000 E10339.83428 F15000
G1 X169.000 Y86.000 F12000
G1 X51.000 Y86.000 E10343.95522 F15000
G1 X51.000 Y91.000 F12000
G1 X169.000 Y91.000 E10348.07615 F15000
G1 X169.000 Y96.000 F12000
G1 X51.000 Y96.000 E10352.19708 F15000
G1 X51.000 Y101.000 F12000
G1 X169.000 Y101.000 E10356.31801 F15000
G1 X169.000 Y106.000 F12000
G1 X51.000 Y106.000 E10360.43894 F15000
G1 X51.000 Y111.000 F12000
G1 X169.000 Y111.000 E10364.55987 F15000
G1 X169.000 Y116.000 F12000
G1 X51.000 Y116.000 E10368.68080 F15000
G1 X51.000 Y121.000 F12000
G1 X169.000 Y121.000 E10372.80173 F15000
G1 X169.000 Y126.000 F12000
G1 X51.000 Y126.000 E10376.92266 F15000
G1 X51.000 Y131.000 F12000
G1 X169.000 Y131.000 E10381.04359 F15000
G1 X169.000 Y136.000 F12000
G1 X51.000 Y136.000 E10385.16452 F15000
G1 X51.000 Y141.000 F12000
G1 X169.000 Y141.000 E10389.28545 F15000
G1 X169.000 Y146.000 F12000
G1 X51.000 Y146.000 E10393.40638 F15000
G1 X51.000 Y151.000 F12000
G1 X169.000 Y151.000 E10397.52732 F15000
G1 X169.000 Y156.000 F12000
G1 X51.000 Y156.000 E10401.64825 F15000
G1 X51.000 Y161.000 F12000
G1 X169.000 Y161.000 E10405.76918 F15000
G1 X169.000 Y166.000 F12000
G1 X51.000 Y166.000 E10409.89011 F15000
;LAYER_CHANGE
;Z:18.200
G1 Z18.200 F600
;TYPE:Outer wall
G1 X50.000 Y50.000 F7200
G1 X55.000 Y50.000 E10410.06472 F7200
G1 X60.000 Y50.000 E10410.23934 F7200
G1 X65.000 Y50.000 E10410.41395 F7200
G1 X70.000 Y50.000 E10410.58857 F7200
G1 X75.000 Y50.000 E10410.76319 F7200
G1 X80.000 Y50.000 E10410.93780 F7200
G1 X85.000 Y50.000 E10411.11242 F7200
G1 X90.000 Y50.000 E10411.28703 F7200
G1 X95.000 Y50.000 E10411.46165 F7200
G1 X100.000 Y50.000 E10411.63626 F7200
G1 X105.000 Y50.000 E10411.81088 F7200
G1 X110.000 Y50.000 E10411.98550 F7200
G1 X115.000 Y50.000 E10412.16011 F7200
G1 X120.000 Y50.000 E10412.33473 F7200
G1 X125.000 Y50.000 E10412.50934 F7200
G1 X130.000 Y50.000 E10412.68396 F7200
G1 X135.000 Y50.000 E10412.85857 F7200
G1 X140.000 Y50.000 E10413.03319 F7200
G1 X145.000 Y50.000 E10413.20781 F7200
G1 X150.000 Y50.000 E10413.38242 F7200
G1 X155.000 Y50.000 E10413.55704 F7200
G1 X160.000 Y50.000 E10413.73165 F7200
G1 X165.000 Y50.000 E10413.90627 F7200
G1 X170.000 Y50.000 E10414.08088 F7200
G1 X170.000 Y55.000 E10414.25550 F7200
G1 X170.000 Y60.000 E10414.43012 F7200
G1 X170.000 Y65.000 E10414.60473 F7200
G1 X170.000 Y70.000 E10414.77935 F7200
G1 X170.000 Y75.000 E10414.95396 F7200
G1 X170.000 Y80.000 E10415.12858 F7200
G1 X170.000 Y85.000 E10415.30319 F7200
G1 X170.000 Y90.000 E10415.47781 F7200
G1 X170.000 Y95.000 E10415.65243 F7200
G1 X170.000 Y100.000 E10415.82704 F7200
G1 X170.000 Y105.000 E10416.00166 F7200
G1 X170.000 Y110.000 E10416.17627 F7200
G1 X170.000 Y115.000 E10416.35089 F7200
G1 X170.000 Y120.000 E10416.52550 F7200
G1 X170.000 Y125.000 E10416.70012 F7200
G1 X170.000 Y130.000 E10416.87474 F7200
G1 X170.000 Y135.000 E10417.04935 F7200
G1 X170.000 Y140.000 E10417.22397 F7200
G1 X170.000 Y145.000 E10417.39858 F7200
G1 X170.000 Y150.000 E10417.57320 F7200
G1 X170.000 Y155.000 E10417.74781 F7200
G1 X170.000 Y160.000 E10417.92243 F7200
G1 X170.000 Y165.000 E10418.09705 F7200
G1 X170.000 Y170.000 E10418.27166 F7200
G1 X165.000 Y170.000 E10418.44628 F7200
G1 X160.000 Y170.000 E10418.62089 F7200
G1 X155.000 Y170.000 E10418.79551 F7200
G1 X150.000 Y170.000 E10418.97012 F7200
G1 X145.000 Y170.000 E10419.14474 F7200
G1 X140.000 Y170.000 E10419.31936 F7200
G1 X135.000 Y170.000 E10419.49397 F7200
G1 X130.000 Y170.000 E10419.66859 F7200
G1 X125.000 Y170.000 E10419.84320 F7200
G1 X120.000 Y170.000 E10420.01782 F7200
G1 X115.000 Y170.000 E10420.19243 F7200
G1 X110.000 Y170.000 E10420.36705 F7200
G1 X105.000 Y170.000 E10420.54167 F7200
G1 X100.000 Y170.000 E10420.71628 F7200
G1 X95.000 Y170.000 E10420.89090 F7200
G1 X90.000 Y170.000 E10421.06551 F7200
G1 X85.000 Y170.000 E10421.24013 F7200
G1 X80.000 Y170.000 E10421.41474 F7200
G1 X75.000 Y170.000 E10421.58936 F7200
G1 X70.000 Y170.000 E10421.76398 F7200
G1 X65.000 Y170.000 E10421.93859 F7200
G1 X60.000 Y170.000 E10422.11321 F7200
G1 X55.000 Y170.000 E10422.28782 F7200
G1 X50.000 Y170.000 E10422.46244 F7200
G1 X50.000 Y165.000 E10422.63705 F7200
G1 X50.000 Y160.000 E10422.81167 F7200
G1 X50.000 Y155.000 E10422.98629 F7200
G1 X50.000 Y150.000 E10423.16090 F7200
G1 X50.000 Y145.000 E10423.33552 F7200
G1 X50.000 Y140.000 E10423.51013 F7200
G1 X50.000 Y135.000 E10423.68475 F7200
G1 X50.000 Y130.000 E10423.85936 F7200
G1 X50.000 Y125.000 E10424.03398 F7200
G1 X50.000 Y120.000 E10424.20860 F7200
G1 X50.000 Y115.000 E10424.38321 F7200
G1 X50.000 Y110.000 E10424.55783 F7200
G1 X50.000 Y105.000 E10424.73244 F7200
G1 X50.000 Y100.000 E10424.90706 F7200
G1 X50.000 Y95.000 E10425.08167 F7200
G1 X50.000 Y90.000 E10425.25629 F7200
G1 X50.000 Y85.000 E10425.43091 F7200
G1 X50.000 Y80.000 E10425.60552 F7200
G1 X50.000 Y75.000 E10425.78014 F7200
G1 X50.000 Y70.000 E10425.95475 F7200
G1 X50.000 Y65.000 E10426.12937 F7200
G1 X50.000 Y60.000 E10426.30398 F7200
G1 X50.000 Y55.000 E10426.47860 F7200
G1 X50.000 Y50.000 E10426.65322 F7200
;TYPE:Sparse infill
G1 X51.000 Y51.000 F12000
G1 X169.000 Y51.000 E10430.77415 F15000
G1 X169.000 Y56.000 F12000
G1 X51.000 Y56.000 E10434.89508 F15000
G1 X51.000 Y61.000 F12000
G1 X169.000 Y61.000 E10439.01601 F15000
G1 X169.000 Y66.000 F12000
G1 X51.000 Y66.000 E10443.13694 F15000
G1 X51.000 Y71.000 F12000
G1 X169.000 Y71.000 E10447.25787 F15000
G1 X169.000 Y76.000 F12000
G1 X51.000 Y76.000 E10451.37880 F15000
G1 X51.000 Y81.000 F12000
G1 X169.000 Y81.000 E10455.49973 F15000
G1 X169.000 Y86.000 F12000
G1 X51.000 Y86.000 E10459.62066 F15000
G1 X51.000 Y91.000 F12000
G1 X169.000 Y91.000 E10463.74159 F15000
G1 X169.000 Y96.000 F12000
G1 X51.000 Y96.000 E10467.86252 F15000
G1 X51.000 Y101.000 F12000
G1 X169.000 Y101.000 E10471.98345 F15000
G1 X169.000 Y106.000 F12000
G1 X51.000 Y106.000 E10476.10438 F15000
G1 X51.000 Y111.000 F12000
G1 X169.000 Y111.000 E10480.22531 F15000
G1 X169.000 Y116.000 F12000
G1 X51.000 Y116.000 E10484.34625 F15000
G1 X51.000 Y121.000 F12000
G1 X169.000 Y121.000 E10488.46718 F15000
G1 X169.000 Y126.000 F12000
G1 X51.000 Y126.000 E10492.58811 F15000
G1 X51.000 Y131.000 F12000
G1 X169.000 Y131.000 E10496.70904 F15000
G1 X169.000 Y136.000 F12000
G1 X51.000 Y136.000 E10500.82997 F15000
G1 X51.000 Y141.000 F12000
G1 X169.000 Y141.000 E10504.95090 F15000
G1 X169.000 Y146.000 F12000
G1 X51.000 Y146.000 E10509.07183 F15000
G1 X51.000 Y151.000 F12000
G1 X169.000 Y151.000 E10513.19276 F15000
G1 X169.000 Y156.000 F12000
G1 X51.000 Y156.000 E10517.31369 F15000
G1 X51.000 Y161.000 F12000
G1 X169.000 Y161.000 E10521.43462 F15000
G1 X169.000 Y166.000 F12000
G1 X51.000 Y166.000 E10525.55555 F15000
;LAYER_CHANGE
;Z:18.400
G1 Z18.400 F600
;TYPE:Outer wall
G1 X50.000 Y50.000 F7200
G1 X55.000 Y50.000 E10525.73017 F7200
G1 X60.000 Y50.000 E10525.90478 F7200
G1 X65.000 Y50.000 E10526.07940 F7200
G1 X70.000 Y50.000 E10526.25402 F7200
G1 X75.000 Y50.000 E10526.42863 F7200
G1 X80.000 Y50.000 E10526.60325 F7200
G1 X85.000 Y50.000 E10526.77786 F7200
G1 X90.000 Y50.000 E10526.95248 F7200
G1 X95.000 Y50.000 E10527.12709 F7200
G1 X100.000 Y50.000 E10527.30171 F7200
G1 X105.000 Y50.000 E10527.47633 F7200
G1 X110.000 Y50.000 E10527.65094 F7200
G1 X115.000 Y50.000 E10527.82556 F7200
G1 X120.000 Y50.000 E10528.00017 F7200
G1 X125.000 Y50.000 E10528.17479 F7200
G1 X130.000 Y50.000 E10528.34940 F7200
G1 X135.000 Y50.000 E10528.52402 F7200
G1 X140.000 Y50.000 E10528.69864 F7200
G1 X145.000 Y50.000 E10528.87325 F7200
G1 X150.000 Y50.000 E10529.04787 F7200
G1 X155.000 Y50.000 E10529.22248 F7200
G1 X160.000 Y50.000 E10529.39710 F7200
G1 X165.000 Y50.000 E10529.57171 F7200
G1 X170.000 Y50.000 E10529.74633 F7200
G1 X170.000 Y55.000 E10529.92095 F7200
G1 X170.000 Y60.000 E10530.09556 F7200
G1 X170.000 Y65.000 E10530.27018 F7200
G1 X170.000 Y70.000 E10530.44479 F7200
G1 X170.000 Y75.000 E10530.61941 F7200
G1 X170.000 Y80.000 E10530.79402 F7200
G1 X170.000 Y85.000 E10530.96864 F7200
G1 X170.000 Y90.000 E10531.14326 F7200
G1 X170.000 Y95.000 E10531.31787 F7200
G1 X170.000 Y100.000 E10531.49249 F7200
G1 X170.000 Y105.000 E10531.66710 F7200
G1 X170.000 Y110.000 E10531.84172 F7200
G1 X170.000 Y115.000 E10532.01633 F7200
G1 X170.000 Y120.000 E10532.19095 F7200
G1 X170.000 Y125.000 E10532.36557 F7200
G1 X170.000 Y130.000 E10532.54018 F7200
G1 X170.000 Y135.000 E10532.71480 F7200
G1 X170.000 Y140.000 E10532.88941 F7200
G1 X170.000 Y145.000 E10533.06403 F7200
G1 X170.000 Y150.000 E10533.23864 F7200
G1 X170.000 Y155.000 E10533.41326 F7200
G1 X170.000 Y160.000 E10533.58788 F7200
G1 X170.000 Y165.000 E10533.76249 F7200
G1 X170.000 Y170.000 E10533.93711 F7200
G1 X165.000 Y170.000 E10534.11172 F7200
G1 X160.000 Y170.000 E10534.28634 F7200
G1 X155.000 Y170.000 E10534.46095 F7200
G1 X150.000 Y170.000 E10534.63557 F7200
G1 X145.000 Y170.000 E10534.81019 F7200
G1 X140.000 Y170.000 E10534.98480 F7200
G1 X135.000 Y170.000 E10535.15942 F7200
G1 X130.000 Y170.000 E10535.33403 F7200
G1 X125.000 Y170.000 E10535.50865 F7200
G1 X120.000 Y170.000 E10535.68326 F7200
G1 X115.000 Y170.000 E10535.85788 F7200
G1 X110.000 Y170.000 E10536.03250 F7200
G1 X105.000 Y170.000 E10536.20711 F7200
G1 X100.000 Y170.000 E10536.38173 F7200
G1 X95.000 Y170.000 E10536.55634 F7200
G1 X90.000 Y170.000 E10536.73096 F7200
G1 X85.000 Y170.000 E10536.90557 F7200
G1 X80.000 Y170.000 E10537.08019 F7200
G1 X75.000 Y170.000 E10537.25481 F7200
G1 X70.000 Y170.000 E10537.42942 F7200
G1 X65.000 Y170.000 E10537.60404 F7200
G1 X60.000 Y170.000 E10537.77865 F7200
G1 X55.000 Y170.000 E10537.95327 F7200
G1 X50.000 Y170.000 E10538.12788 F7200
G1 X50.000 Y165.000 E10538.30250 F7200
G1 X50.000 Y160.000 E10538.47712 F7200
G1 X50.000 Y155.000 E10538.65173 F7200
G1 X50.000 Y150.000 E10538.82635 F7200
G1 X50.000 Y145.000 E10539.00096 F7200
G1 X50.000 Y140.000 E10539.17558 F7200
G1 X50.000 Y135.000 E10539.35019 F7200
G1 X50.000 Y130.000 E10539.52481 F7200
G1 X50.000 Y125.000 E10539.69943 F7200
G1 X50.000 Y120.000 E10539.87404 F7200
G1 X50.000 Y115.000 E10540.04866 F7200
G1 X50.000 Y110.000 E10540.22327 F7200
G1 X50.000 Y105.000 E10540.39789 F7200
G1 X50.000 Y100.000 E10540.57250 F7200
G1 X50.000 Y95.000 E10540.74712 F7200
G1 X50.000 Y90.000 E10540.92174 F7200
G1 X50.000 Y85.000 E10541.09635 F7200
G1 X50.000 Y80.000 E10541.27097 F7200
G1 X50.000 Y75.000 E10541.44558 F7200
G1 X50.000 Y70.000 E10541.62020 F7200
G1 X50.000 Y65.000 E10541.79481 F7200
G1 X50.000 Y60.000 E10541.96943 F7200
G1 X50.000 Y55.000 E10542.14405 F7200
G1 X50.000 Y50.000 E10542.31866 F7200
;TYPE:Sparse infill
G1 X51.000 Y51.000 F12000
G1 X169.000 Y51.000 E10546.43959 F15000
G1 X169.000 Y56.000 F12000
G1 X51.000 Y56.000 E10550.56052 F15000
G1 X51.000 Y61.000 F12000
G1 X169.000 Y61.000 E10554.68145 F15000
G1 X169.000 Y66.000 F12000
G1 X51.000 Y66.000 E10558.80238 F15000
G1 X51.000 Y71.000 F12000
G1 X169.000 Y71.000 E10562.92331 F15000
G1 X169.000 Y76.000 F12000
G1 X51.000 Y76.000 E10567.04425 F15000
G1 X51.000 Y81.000 F12000
G1 X169.000 Y81.000 E10571.16518 F15000
G1 X169.000 Y86.000 F12000
G1 X51.000 Y86.000 E10575.28611 F15000
G1 X51.000 Y91.000 F12000
G1 X169.000 Y91.000 E10579.40704 F15000
G1 X169.000 Y96.000 F12000
G1 X51.000 Y96.000 E10583.52797 F15000
G1 X51.000 Y101.000 F12000
G1 X169.000 Y101.000 E10587.64890 F15000
G1 X169.000 Y106.000 F12000
G1 X51.000 Y106.000 E10591.76983 F15000
G1 X51.000 Y111.000 F12000
G1 X169.000 Y111.000 E10595.89076 F15000
G1 X169.000 Y116.000 F12000
G1 X51.000 Y116.000 E10600.01169 F15000
G1 X51.000 Y121.000 F12000
G1 X169.000 Y121.000 E10604.13262 F15000
G1 X169.000 Y126.000 F12000
G1 X51.000 Y126.000 E10608.25355 F15000
G1 X51.000 Y131.000 F12000
G1 X169.000 Y131.000 E10612.37448 F15000
G1 X169.000 Y136.000 F12000
G1 X51.000 Y136.000 E10616.49541 F15000
G1 X51.000 Y141.000 F12000
G1 X169.000 Y141.000 E10620.61634 F15000
G1 X169.000 Y146.000 F12000
G1 X51.000 Y146.000 E10624.73728 F15000
G1 X51.000 Y151.000 F12000
G1 X169.000 Y151.000 E10628.85821 F15000
G1 X169.000 Y156.000 F12000
G1 X51.000 Y156.000 E10632.97914 F15000
G1 X51.000 Y161.000 F12000
G1 X169.000 Y161.000 E10637.10007 F15000
G1 X169.000 Y166.000 F12000
G1 X51.000 Y166.000 E10641.22100 F15000
;LAYER_CHANGE
;Z:18.600
G1 Z18.600 F600
;TYPE:Outer wall
G1 X50.000 Y50.000 F7200
G1 X55.000 Y50.000 E10641.39561 F7200
G1 X60.000 Y50.000 E10641.57023 F7200
G1 X65.000 Y50.000 E10641.74485 F7200
G1 X70.000 Y50.000 E10641.91946 F7200
G1 X75.000 Y50.000 E10642.09408 F7200
G1 X80.000 Y50.000 E10642.26869 F7200
G1 X85.000 Y50.000 E10642.44331 F7200
G1 X90.000 Y50.000 E10642.61792 F7200
G1 X95.000 Y50.000 E10642.79254 F7200
G1 X100.000 Y50.000 E10642.96716 F7200
G1 X105.000 Y50.000 E10643.14177 F7200
G1 X110.000 Y50.000 E10643.31639 F7200
G1 X115.000 Y50.000 E10643.49100 F7200
G1 X120.000 Y50.000 E10643.66562 F7200
G1 X125.000 Y50.000 E10643.84023 F7200
G1 X130.000 Y50.000 E10644.01485 F7200
G1 X135.000 Y50.000 E10644.18947 F7200
G1 X140.000 Y50.000 E10644.36408 F7200
G1 X145.000 Y50.000 E10644.53870 F7200
G1 X150.000 Y50.000 E10644.71331 F7200
G1 X155.000 Y50.000 E10644.88793 F7200
G1 X160.000 Y50.000 E10645.06254 F7200
G1 X165.000 Y50.000 E10645.23716 F7200
G1 X170.000 Y50.000 E10645.41178 F7200
G1 X170.000 Y55.000 E10645.58639 F7200
G1 X170.000 Y60.000 E10645.76101 F7200
G1 X170.000 Y65.000 E10645.93562 F7200
G1 X170.000 Y70.000 E10646.11024 F7200
G1 X170.000 Y75.000 E10646.28485 F7200
G1 X170.000 Y80.000 E10646.45947 F7200
G1 X170.000 Y85.000 E10646.63409 F7200
G1 X170.000 Y90.000 E10646.80870 F7200
G1 X170.000 Y95.000 E10646.98332 F7200
G1 X170.000 Y100.000 E10647.15793 F7200
G1 X170.000 Y105.000 E10647.33255 F7200
G1 X170.000 Y110.000 E10647.50716 F7200
G1 X170.000 Y115.000 E10647.68178 F7200
G1 X170.000 Y120.000 E10647.85640 F7200
G1 X170.000 Y125.000 E10648.03101 F7200
G1 X170.000 Y130.000 E10648.20563 F7200
G1 X170.000 Y135.000 E10648.38024 F7200
G1 X170.000 Y140.000 E10648.55486 F7200
G1 X170.000 Y145.000 E10648.72947 F7200
G1 X170.000 Y150.000 E10648.90409 F7200
G1 X170.000 Y155.000 E10649.07871 F7200
G1 X170.000 Y160.000 E10649.25332 F7200
G1 X170.000 Y165.000 E10649.42794 F7200
G1 X170.000 Y170.000 E10649.60255 F7200
G1 X165.000 Y170.000 E10649.77717 F7200
G1 X160.000 Y170.000 E10649.95178 F7200
G1 X155.000 Y170.000 E10650.12640 F7200
G1 X150.000 Y170.000 E10650.30102 F7200
G1 X145.000 Y170.000 E10650.47563 F7200
G1 X140.000 Y170.000 E10650.65025 F7200
G1 X135.000 Y170.000 E10650.82486 F7200
G1 X130.000 Y170.000 E10650.99948 F7200
G1 X125.000 Y170.000 E10651.17409 F7200
G1 X120.000 Y170.000 E10651.34871 F7200
G1 X115.000 Y170.000 E10651.52333 F7200
G1 X110.000 Y170.000 E10651.69794 F7200
G1 X105.000 Y170.000 E10651.87256 F7200
G1 X100.000 Y170.000 E10652.04717 F7200
G1 X95.000 Y170.000 E10652.22179 F7200
G1 X90.000 Y170.000 E10652.39640 F7200
G1 X85.000 Y170.000 E10652.57102 F7200
G1 X80.000 Y170.000 E10652.74564 F7200
G1 X75.000 Y170.000 E10652.92025 F7200
G1 X70.000 Y170.000 E10653.09487 F7200
G1 X65.000 Y170.000 E10653.26948 F7200
G1 X60.000 Y170.000 E10653.44410 F7200
G1 X55.000 Y170.000 E10653.61871 F7200
G1 X50.000 Y170.000 E10653.79333 F7200
G1 X50.000 Y165.000 E10653.96795 F7200
G1 X50.000 Y160.000 E10654.14256 F7200
G1 X50.000 Y155.000 E10654.31718 F7200
G1 X50.000 Y150.000 E10654.49179 F7200
G1 X50.000 Y145.000 E10654.66641 F7200
G1 X50.000 Y140.000 E10654.84102 F7200
G1 X50.000 Y135.000 E10655.01564 F7200
G1 X50.000 Y130.000 E10655.19026 F7200
G1 X50.000 Y125.000 E10655.36487 F7200
G1 X50.000 Y120.000 E10655.53949 F7200
G1 X50.000 Y115.000 E10655.71410 F7200
G1 X50.000 Y110.000 E10655.88872 F7200
G1 X50.000 Y105.000 E10656.06333 F7200
G1 X50.000 Y100.000 E10656.23795 F7200
G1 X50.000 Y95.000 E10656.41257 F7200
G1 X50.000 Y90.000 E10656.58718 F7200
G1 X50.000 Y85.000 E10656.76180 F7200
G1 X50.000 Y80.000 E10656.93641 F7200
G1 X50.000 Y75.000 E10657.11103 F7200
G1 X50.000 Y70.000 E10657.28564 F7200
G1 X50.000 Y65.000 E10657.46026 F7200
G1 X50.000 Y60.000 E10657.63488 F7200
G1 X50.000 Y55.000 E10657.80949 F7200
G1 X50.000 Y50.000 E10657.98411 F7200
;TYPE:Sparse infill
G1 X51.000 Y51.000 F12000
G1 X169.000 Y51.000 E10662.10504 F15000
G1 X169.000 Y56.000 F12000
G1 X51.000 Y56.000 E10666.22597 F15000
G1 X51.000 Y61.000 F12000
G1 X169.000 Y61.000 E10670.34690 F15000
G1 X169.000 Y66.000 F12000
G1 X51.000 Y66.000 E10674.46783 F15000
G1 X51.000 Y71.000 F12000
G1 X169.000 Y71.000 E10678.58876 F15000
G1 X169.000 Y76.000 F12000
G1 X51.000 Y76.000 E10682.70969 F15000
G1 X51.000 Y81.000 F12000
G1 X169.000 Y81.000 E10686.83062 F15000
G1 X169.000 Y86.000 F12000
G1 X51.000 Y86.000 E10690.95155 F15000
G1 X51.000 Y91.000 F12000
G1 X169.000 Y91.000 E10695.07248 F15000
G1 X169.000 Y96.000 F12000
G1 X51.000 Y96.000 E10699.19341 F15000
G1 X51.000 Y101.000 F12000
G1 X169.000 Y101.000 E10703.31434 F15000
G1 X169.000 Y106.000 F12000
G1 X51.000 Y106.000 E10707.43528 F15000
G1 X51.000 Y111.000 F12000
G1 X169.000 Y111.000 E10711.55621 F15000
G1 X169.000 Y116.000 F12000
G1 X51.000 Y116.000 E10715.67714 F15000
G1 X51.000 Y121.000 F12000
G1 X169.000 Y121.000 E10719.79807 F15000
G1 X169.000 Y126.000 F12000
G1 X51.000 Y126.000 E10723.91900 F15000
G1 X51.000 Y131.000 F12000
G1 X169.000 Y131.000 E10728.03993 F15000
G1 X169.000 Y136.000 F12000
G1 X51.000 Y136.000 E10732.16086 F15000
G1 X51.000 Y141.000 F12000
G1 X169.000 Y141.000 E10736.28179 F15000
G1 X169.000 Y146.000 F12000
G1 X51.000 Y146.000 E10740.40272 F15000
G1 X51.000 Y151.000 F12000
G1 X169.000 Y151.000 E10744.52365 F15000
G1 X169.000 Y156.000 F12000
G1 X51.000 Y156.000 E10748.64458 F15000
G1 X51.000 Y161.000 F12000
G1 X169.000 Y161.000 E10752.76551 F15000
G1 X169.000 Y166.000 F12000
G1 X51.000 Y166.000 E10756.88644 F15000
;LAYER_CHANGE
;Z:18.800
G1 Z18.800 F600
;TYPE:Outer wall
G1 X50.000 Y50.000 F7200
G1 X55.000 Y50.000 E10757.06106 F7200
G1 X60.000 Y50.000 E10757.23568 F7200
G1 X65.000 Y50.000 E10757.41029 F7200
G1 X70.000 Y50.000 E10757.58491 F7200
G1 X75.000 Y50.000 E10757.75952 F7200
G1 X80.000 Y50.000 E10757.93414 F7200
G1 X85.000 Y50.000 E10758.10875 F7200
G1 X90.000 Y50.000 E10758.28337 F7200
G1 X95.000 Y50.000 E10758.45799 F7200
G1 X100.000 Y50.000 E10758.63260 F7200
G1 X105.000 Y50.000 E10758.80722 F7200
G1 X110.000 Y50.000 E10758.98183 F7200
G1 X115.000 Y50.000 E10759.15645 F7200
G1 X120.000 Y50.000 E10759.33106 F7200
G1 X125.000 Y50.000 E10759.50568 F7200
G1 X130.000 Y50.000 E10759.68030 F7200
G1 X135.000 Y50.000 E10759.85491 F7200
G1 X140.000 Y50.000 E10760.02953 F7200
G1 X145.000 Y50.000 E10760.20414 F7200
G1 X150.000 Y50.000 E10760.37876 F7200
G1 X155.000 Y50.000 E10760.55337 F7200
G1 X160.000 Y50.000 E10760.72799 F7200
G1 X165.000 Y50.000 E10760.90261 F7200
G1 X170.000 Y50.000 E10761.07722 F7200
G1 X170.000 Y55.000 E10761.25184 F7200
G1 X170.000 Y60.000 E10761.42645 F7200
G1 X170.000 Y65.000 E10761.60107 F7200
G1 X170.000 Y70.000 E10761.77568 F7200
G1 X170.000 Y75.000 E10761.95030 F7200
G1 X170.000 Y80.000 E10762.12492 F7200
G1 X170.000 Y85.000 E10762.29953 F7200
G1 X170.000 Y90.000 E10762.47415 F7200
G1 X170.000 Y95.000 E10762.64876 F7200
G1 X170.000 Y100.000 E10762.82338 F7200
G1 X170.000 Y105.000 E10762.99799 F7200
G1 X170.000 Y110.000 E10763.17261 F7200
G1 X170.000 Y115.000 E10763.34723 F7200
G1 X170.000 Y120.000 E10763.52184 F7200
G1 X170.000 Y125.000 E10763.69646 F7200
G1 X170.000 Y130.000 E10763.87107 F7200
G1 X170.000 Y135.000 E10764.04569 F7200
G1 X170.000 Y140.000 E10764.22030 F7200
G1 X170.000 Y145.000 E10764.39492 F7200
G1 X170.000 Y150.000 E10764.56954 F7200
G1 X170.000 Y155.000 E10764.74415 F7200
G1 X170.000 Y160.000 E10764.91877 F7200
G1 X170.000 Y165.000 E10765.09338 F7200
G1 X170.000 Y170.000 E10765.26800 F7200
G1 X165.000 Y170.000 E10765.44261 F7200
G1 X160.000 Y170.000 E10765.61723 F7200
G1 X155.000 Y170.000 E10765.79185 F7200
G1 X150.000 Y170.000 E10765.96646 F7200
G1 X145.000 Y170.000 E10766.14108 F7200
G1 X140.000 Y170.000 E10766.31569 F7200
G1 X135.000 Y170.000 E10766.49031 F7200
G1 X130.000 Y170.000 E10766.66492 F7200
G1 X125.000 Y170.000 E10766.83954 F7200
G1 X120.000 Y170.000 E10767.01416 F7200
G1 X115.000 Y170.000 E10767.18877 F7200
G1 X110.000 Y170.000 E10767.36339 F7200
G1 X105.000 Y170.000 E10767.53800 F7200
G1 X100.000 Y170.000 E10767.71262 F7200
G1 X95.000 Y170.000 E10767.88723 F7200
G1 X90.000 Y170.000 E10768.06185 F7200
G1 X85.000 Y170.000 E10768.23647 F7200
G1 X80.000 Y170.000 E10768.41108 F7200
G1 X75.000 Y170.000 E10768.58570 F7200
G1 X70.000 Y170.000 E10768.76031 F7200
G1 X65.000 Y170.000 E10768.93493 F7200
G1 X60.000 Y170.000 E10769.10954 F7200
G1 X55.000 Y170.000 E10769.28416 F7200
G1 X50.000 Y170.000 E10769.45878 F7200
G1 X50.000 Y165.000 E10769.63339 F7200
G1 X50.000 Y160.000 E10769.80801 F7200
G1 X50.000 Y155.000 E10769.98262 F7200
G1 X50.000 Y150.000 E10770.15724 F7200
G1 X50.000 Y145.000 E10770.33185 F7200
G1 X50.000 Y140.000 E10770.50647 F7200
G1 X50.000 Y135.000 E10770.68109 F7200
G1 X50.000 Y130.000 E10770.85570 F7200
G1 X50.000 Y125.000 E10771.03032 F7200
G1 X50.000 Y120.000 E10771.20493 F7200
G1 X50.000 Y115.000 E10771.37955 F7200
G1 X50.000 Y110.000 E10771.55416 F7200
G1 X50.000 Y105.000 E10771.72878 F7200
G1 X50.000 Y100.000 E10771.90340 F7200
G1 X50.000 Y95.000 E10772.07801 F7200
G1 X50.000 Y90.000 E10772.25263 F7200
G1 X50.000 Y85.000 E10772.42724 F7200
G1 X50.000 Y80.000 E10772.60186 F7200
G1 X50.000 Y75.000 E10772.77647 F7200
G1 X50.000 Y70.000 E10772.95109 F7200
G1 X50.000 Y65.000 E10773.12571 F7200
G1 X50.000 Y60.000 E10773.30032 F7200
G1 X50.000 Y55.000 E10773.47494 F7200
G1 X50.000 Y50.000 E10773.64955 F7200
;TYPE:Sparse infill
G1 X51.000 Y51.000 F12000
G1 X169.000 Y51.000 E10777.77048 F15000
G1 X169.000 Y56.000 F12000
G1 X51.000 Y56.000 E10781.89141 F15000
G1 X51.000 Y61.000 F12000
G1 X169.000 Y61.000 E10786.01234 F15000
G1 X169.000 Y66.000 F12000
G1 X51.000 Y66.000 E10790.13328 F15000
G1 X51.000 Y71.000 F12000
G1 X169.000 Y71.000 E10794.25421 F15000
G1 X169.000 Y76.000 F12000
G1 X51.000 Y76.000 E10798.37514 F15000
G1 X51.000 Y81.000 F12000
G1 X169.000 Y81.000 E10802.49607 F15000
G1 X169.000 Y86.000 F12000
G1 X51.000 Y86.000 E10806.61700 F15000
G1 X51.000 Y91.000 F12000
G1 X169.000 Y91.000 E10810.73793 F15000
G1 X169.000 Y96.000 F12000
G1 X51.000 Y96.000 E10814.85886 F15000
G1 X51.000 Y101.000 F12000
G1 X169.000 Y101.000 E10818.97979 F15000
G1 X169.000 Y106.000 F12000
G1 X51.000 Y106.000 E10823.10072 F15000
G1 X51.000 Y111.000 F12000
G1 X169.000 Y111.000 E10827.22165 F15000
G1 X169.000 Y116.000 F12000
G1 X51.000 Y116.000 E10831.34258 F15000
G1 X51.000 Y121.000 F12000
G1 X169.000 Y121.000 E10835.46351 F15000
G1 X169.000 Y126.000 F12000
G1 X51.000 Y126.000 E10839.58444 F15000
G1 X51.000 Y131.000 F12000
G1 X169.000 Y131.000 E10843.70537 F15000
G1 X169.000 Y136.000 F12000
G1 X51.000 Y136.000 E10847.82631 F15000
G1 X51.000 Y141.000 F12000
G1 X169.000 Y141.000 E10851.94724 F15000
G1 X169.000 Y146.000 F12000
G1 X51.000 Y146.000 E10856.06817 F15000
G1 X51.000 Y151.000 F12000
G1 X169.000 Y151.000 E10860.18910 F15000
G1 X169.000 Y156.000 F12000
G1 X51.000 Y156.000 E10864.31003 F15000
G1 X51.000 Y161.000 F12000
G1 X169.000 Y161.000 E10868.43096 F15000
G1 X169.000 Y166.000 F12000
G1 X51.000 Y166.000 E10872.55189 F15000
;LAYER_CHANGE
;Z:19.000
G1 Z19.000 F600
;TYPE:Outer wall
G1 X50.000 Y50.000 F7200
G1 X55.000 Y50.000 E10872.72651 F7200
G1 X60.000 Y50.000 E10872.90112 F7200
G1 X65.000 Y50.000 E10873.07574 F7200
G1 X70.000 Y50.000 E10873.25035 F7200
G1 X75.000 Y50.000 E10873.42497 F7200
G1 X80.000 Y50.000 E10873.59958 F7200
G1 X85.000 Y50.000 E10873.77420 F7200
G1 X90.000 Y50.000 E10873.94882 F7200
G1 X95.000 Y50.000 E10874.12343 F7200
G1 X100.000 Y50.000 E10874.29805 F7200
G1 X105.000 Y50.000 E10874.47266 F7200
G1 X110.000 Y50.000 E10874.64728 F7200
G1 X115.000 Y50.000 E10874.82189 F7200
G1 X120.000 Y50.000 E10874.99651 F7200
G1 X125.000 Y50.000 E10875.17113 F7200
G1 X130.000 Y50.000 E10875.34574 F7200
G1 X135.000 Y50.000 E10875.52036 F7200
G1 X140.000 Y50.000 E10875.69497 F7200
G1 X145.000 Y50.000 E10875.86959 F7200
G1 X150.000 Y50.000 E10876.04420 F7200
G1 X155.000 Y50.000 E10876.21882 F7200
G1 X160.000 Y50.000 E10876.39344 F7200
G1 X165.000 Y50.000 E10876.56805 F7200
G1 X170.000 Y50.000 E10876.74267 F7200
G1 X170.000 Y55.000 E10876.91728 F7200
G1 X170.000 Y60.000 E10877.09190 F7200
G1 X170.000 Y65.000 E10877.26651 F7200
G1 X170.000 Y70.000 E10877.44113 F7200
G1 X170.000 Y75.000 E10877.61575 F7200
G1 X170.000 Y80.000 E10877.79036 F7200
G1 X170.000 Y85.000 E10877.96498 F7200
G1 X170.000 Y90.000 E10878.13959 F7200
G1 X170.000 Y95.000 E10878.31421 F7200
G1 X170.000 Y100.000 E10878.48882 F7200
G1 X170.000 Y105.000 E10878.66344 F7200
G1 X170.000 Y110.000 E10878.83806 F7200
G1 X170.000 Y115.000 E10879.01267 F7200
G1 X170.000 Y120.000 E10879.18729 F7200
G1 X170.000 Y125.000 E10879.36190 F7200
G1 X170.000 Y130.000 E10879.53652 F7200
G1 X170.000 Y135.000 E10879.71113 F7200
G1 X170.000 Y140.000 E10879.88575 F7200
G1 X170.000 Y145.000 E10880.06037 F7200
G1 X170.000 Y150.000 E10880.23498 F7200
G1 X170.000 Y155.000 E10880.40960 F7200
G1 X170.000 Y160.000 E10880.58421 F7200
G1 X170.000 Y165.000 E10880.75883 F7200
G1 X170.000 Y170.000 E10880.93344 F7200
G1 X165.000 Y170.000 E10881.10806 F7200
G1 X160.000 Y170.000 E10881.28268 F7200
G1 X155.000 Y170.000 E10881.45729 F7200
G1 X150.000 Y170.000 E10881.63191 F7200
G1 X145.000 Y170.000 E10881.80652 F7200
G1 X140.000 Y170.000 E10881.98114 F7200
G1 X135.000 Y170.000 E10882.15575 F7200
G1 X130.000 Y170.000 E10882.33037 F7200
G1 X125.000 Y170.000 E10882.50499 F7200
G1 X120.000 Y170.000 E10882.67960 F7200
G1 X115.000 Y170.000 E10882.85422 F7200
G1 X110.000 Y170.000 E10883.02883 F7200
G1 X105.000 Y170.000 E10883.20345 F7200
G1 X100.000 Y170.000 E10883.37806 F7200
G1 X95.000 Y170.000 E10883.55268 F7200
G1 X90.000 Y170.000 E10883.72730 F7200
G1 X85.000 Y170.000 E10883.90191 F7200
G1 X80.000 Y170.000 E10884.07653 F7200
G1 X75.000 Y170.000 E10884.25114 F7200
G1 X70.000 Y170.000 E10884.42576 F7200
G1 X65.000 Y170.000 E10884.60037 F7200
G1 X60.000 Y170.000 E10884.77499 F7200
G1 X55.000 Y170.000 E10884.94961 F7200
G1 X50.000 Y170.000 E10885.12422 F7200
G1 X50.000 Y165.000 E10885.29884 F7200
G1 X50.000 Y160.000 E10885.47345 F7200
G1 X50.000 Y155.000 E10885.64807 F7200
G1 X50.000 Y150.000 E10885.82268 F7200
G1 X50.000 Y145.000 E10885.99730 F7200
G1 X50.000 Y140.000 E10886.17192 F7200
G1 X50.000 Y135.000 E10886.34653 F7200
G1 X50.000 Y130.000 E10886.52115 F7200
G1 X50.000 Y125.000 E10886.69576 F7200
G1 X50.000 Y120.000 E10886.87038 F7200
G1 X50.000 Y115.000 E10887.04499 F7200
G1 X50.000 Y110.000 E10887.21961 F7200
G1 X50.000 Y105.000 E10887.39423 F7200
G1 X50.000 Y100.000 E10887.56884 F7200
G1 X50.000 Y95.000 E10887.74346 F7200
G1 X50.000 Y90.000 E10887.91807 F7200
G1 X50.000 Y85.000 E10888.09269 F7200
G1 X50.000 Y80.000 E10888.26730 F7200
G1 X50.000 Y75.000 E10888.44192 F7200
G1 X50.000 Y70.000 E10888.61654 F7200
G1 X50.000 Y65.000 E10888.79115 F7200
G1 X50.000 Y60.000 E10888.96577 F7200
G1 X50.000 Y55.000 E10889.14038 F7200
G1 X50.000 Y50.000 E10889.31500 F7200
;TYPE:Sparse infill
G1 X51.000 Y51.000 F12000
G1 X169.000 Y51.000 E10893.43593 F15000
G1 X169.000 Y56.000 F12000
G1 X51.000 Y56.000 E10897.55686 F15000
G1 X51.000 Y61.000 F12000
G1 X169.000 Y61.000 E10901.67779 F15000
G1 X169.000 Y66.000 F12000
G1 X51.000 Y66.000 E10905.79872 F15000
G1 X51.000 Y71.000 F12000
G1 X169.000 Y71.000 E10909.91965 F15000
G1 X169.000 Y76.000 F12000
G1 X51.000 Y76.000 E10914.04058 F15000
G1 X51.000 Y81.000 F12000
G1 X169.000 Y81.000 E10918.16151 F15000
G1 X169.000 Y86.000 F12000
G1 X51.000 Y86.000 E10922.28244 F15000
G1 X51.000 Y91.000 F12000
G1 X169.000 Y91.000 E10926.40337 F15000
G1 X169.000 Y96.000 F12000
G1 X51.000 Y96.000 E10930.52431 F15000
G1 X51.000 Y101.000 F12000
G1 X169.000 Y101.000 E10934.64524 F15000
G1 X169.000 Y106.000 F12000
G1 X51.000 Y106.000 E10938.76617 F15000
G1 X51.000 Y111.000 F12000
G1 X169.000 Y111.000 E10942.88710 F15000
G1 X169.000 Y116.000 F12000
G1 X51.000 Y116.000 E10947.00803 F15000
G1 X51.000 Y121.000 F12000
G1 X169.000 Y121.000 E10951.12896 F15000
G1 X169.000 Y126.000 F12000
G1 X51.000 Y126.000 E10955.24989 F15000
G1 X51.000 Y131.000 F12000
G1 X169.000 Y131.000 E10959.37082 F15000
G1 X169.000 Y136.000 F12000
G1 X51.000 Y136.000 E10963.49175 F15000
G1 X51.000 Y141.000 F12000
G1 X169.000 Y141.000 E10967.61268 F15000
G1 X169.000 Y146.000 F12000
G1 X51.000 Y146.000 E10971.73361 F15000
G1 X51.000 Y151.000 F12000
G1 X169.000 Y151.000 E10975.85454 F15000
G1 X169.000 Y156.000 F12000
G1 X51.000 Y156.000 E10979.97547 F15000
G1 X51.000 Y161.000 F12000
G1 X169.000 Y161.000 E10984.09640 F15000
G1 X169.000 Y166.000 F12000
G1 X51.000 Y166.000 E10988.21734 F15000
;LAYER_CHANGE
;Z:19.200
G1 Z19.200 F600
;TYPE:Outer wall
G1 X50.000 Y50.000 F7200
G1 X55.000 Y50.000 E10988.39195 F7200
G1 X60.000 Y50.000 E10988.56657 F7200
G1 X65.000 Y50.000 E10988.74118 F7200
G1 X70.000 Y50.000 E10988.91580 F7200
G1 X75.000 Y50.000 E10989.09041 F7200
G1 X80.000 Y50.000 E10989.26503 F7200
G1 X85.000 Y50.000 E10989.43965 F7200
G1 X90.000 Y50.000 E10989.61426 F7200
G1 X95.000 Y50.000 E10989.78888 F7200
G1 X100.000 Y50.000 E10989.96349 F7200
G1 X105.000 Y50.000 E10990.13811 F7200
G1 X110.000 Y50.000 E10990.31272 F7200
G1 X115.000 Y50.000 E10990.48734 F7200
G1 X120.000 Y50.000 E10990.66196 F7200
G1 X125.000 Y50.000 E10990.83657 F7200
G1 X130.000 Y50.000 E10991.01119 F7200
G1 X135.000 Y50.000 E10991.18580 F7200
G1 X140.000 Y50.000 E10991.36042 F7200
G1 X145.000 Y50.000 E10991.53503 F7200
G1 X150.000 Y50.000 E10991.70965 F7200
G1 X155.000 Y50.000 E10991.88427 F7200
G1 X160.000 Y50.000 E10992.05888 F7200
G1 X165.000 Y50.000 E10992.23350 F7200
G1 X170.000 Y50.000 E10992.40811 F7200
G1 X170.000 Y55.000 E10992.58273 F7200
G1 X170.000 Y60.000 E10992.75734 F7200
G1 X170.000 Y65.000 E10992.93196 F7200
G1 X170.000 Y70.000 E10993.10658 F7200
G1 X170.000 Y75.000 E10993.28119 F7200
G1 X170.000 Y80.000 E10993.45581 F7200
G1 X170.000 Y85.000 E10993.63042 F7200
G1 X170.000 Y90.000 E10993.80504 F7200
G1 X170.000 Y95.000 E10993.97965 F7200
G1 X170.000 Y100.000 E10994.15427 F7200
G1 X170.000 Y105.000 E10994.32889 F7200
G1 X170.000 Y110.000 E10994.50350 F7200
G1 X170.000 Y115.000 E10994.67812 F7200
G1 X170.000 Y120.000 E10994.85273 F7200
G1 X170.000 Y125.000 E10995.02735 F7200
G1 X170.000 Y130.000 E10995.20196 F7200
G1 X170.000 Y135.000 E10995.37658 F7200
G1 X170.000 Y140.000 E10995.55120 F7200
G1 X170.000 Y145.000 E10995.72581 F7200
G1 X170.000 Y150.000 E10995.90043 F7200
G1 X170.000 Y155.000 E10996.07504 F7200
G1 X170.000 Y160.000 E10996.24966 F7200
G1 X170.000 Y165.000 E10996.42427 F7200
G1 X170.000 Y170.000 E10996.59889 F7200
G1 X165.000 Y170.000 E10996.77351 F7200
G1 X160.000 Y170.000 E10996.94812 F7200
G1 X155.000 Y170.000 E10997.12274 F7200
G1 X150.000 Y170.000 E10997.29735 F7200
G1 X145.000 Y170.000 E10997.47197 F7200
G1 X140.000 Y170.000 E10997.64658 F7200
G1 X135.000 Y170.000 E10997.82120 F7200
G1 X130.000 Y170.000 E10997.99582 F7200
G1 X125.000 Y170.000 E10998.17043 F7200
G1 X120.000 Y170.000 E10998.34505 F7200
G1 X115.000 Y170.000 E10998.51966 F7200
G1 X110.000 Y170.000 E10998.69428 F7200
G1 X105.000 Y170.000 E10998.86889 F7200
G1 X100.000 Y170.000 E10999.04351 F7200
G1 X95.000 Y170.000 E10999.21813 F7200
G1 X90.000 Y170.000 E10999.39274 F7200
G1 X85.000 Y170.000 E10999.56736 F7200
G1 X80.000 Y170.000 E10999.74197 F7200
G1 X75.000 Y170.000 E10999.91659 F7200
G1 X70.000 Y170.000 E11000.09120 F7200
G1 X65.000 Y170.000 E11000.26582 F7200
G1 X60.000 Y170.000 E11000.44044 F7200
G1 X55.000 Y170.000 E11000.61505 F7200
G1 X50.000 Y170.000 E11000.78967 F7200
G1 X50.000 Y165.000 E11000.96428 F7200
G1 X50.000 Y160.000 E11001.13890 F7200
G1 X50.000 Y155.000 E11001.31351 F7200
G1 X50.000 Y150.000 E11001.48813 F7200
G1 X50.000 Y145.000 E11001.66275 F7200
G1 X50.000 Y140.000 E11001.83736 F7200
G1 X50.000 Y135.000 E11002.01198 F7200
G1 X50.000 Y130.000 E11002.18659 F7200
G1 X50.000 Y125.000 E11002.36121 F7200
G1 X50.000 Y120.000 E11002.53582 F7200
G1 X50.000 Y115.000 E11002.71044 F7200
G1 X50.000 Y110.000 E11002.88506 F7200
G1 X50.000 Y105.000 E11003.05967 F7200
G1 X50.000 Y100.000 E11003.23429 F7200
G1 X50.000 Y95.000 E11003.40890 F7200
G1 X50.000 Y90.000 E11003.58352 F7200
G1 X50.000 Y85.000 E11003.75813 F7200
G1 X50.000 Y80.000 E11003.93275 F7200
G1 X50.000 Y75.000 E11004.10736 F7200
G1 X50.000 Y70.000 E11004.28198 F7200
G1 X50.000 Y65.000 E11004.45660 F7200
G1 X50.000 Y60.000 E11004.63121 F7200
G1 X50.000 Y55.000 E11004.80583 F7200
G1 X50.000 Y50.000 E11004.98044 F7200
;TYPE:Sparse infill
G1 X51.000 Y51.000 F12000
G1 X169.000 Y51.000 E11009.10137 F15000
G1 X169.000 Y56.000 F12000
G1 X51.000 Y56.000 E11013.22230 F15000
G1 X51.000 Y61.000 F12000
G1 X169.000 Y61.000 E11017.34324 F15000
G1 X169.000 Y66.000 F12000
G1 X51.000 Y66.000 E11021.46417 F15000
G1 X51.000 Y71.000 F12000
G1 X169.000 Y71.000 E11025.58510 F15000
G1 X169.000 Y76.000 F12000
G1 X51.000 Y76.000 E11029.70603 F15000
G1 X51.000 Y81.000 F12000
G1 X169.000 Y81.000 E11033.82696 F15000
G1 X169.000 Y86.000 F12000
G1 X51.000 Y86.000 E11037.94789 F15000
G1 X51.000 Y91.000 F12000
G1 X169.000 Y91.000 E11042.06882 F15000
G1 X169.000 Y96.000 F12000
G1 X51.000 Y96.000 E11046.18975 F15000
G1 X51.000 Y101.000 F12000
G1 X169.000 Y101.000 E11050.31068 F15000
G1 X169.000 Y106.000 F12000
G1 X51.000 Y106.000 E11054.43161 F15000
G1 X51.000 Y111.000 F12000
G1 X169.000 Y111.000 E11058.55254 F15000
G1 X169.000 Y116.000 F12000
G1 X51.000 Y116.000 E11062.67347 F15000
G1 X51.000 Y121.000 F12000
G1 X169.000 Y121.000 E11066.79440 F15000
G1 X169.000 Y126.000 F12000
G1 X51.000 Y126.000 E11070.91534 F15000
G1 X51.000 Y131.000 F12000
G1 X169.000 Y131.000 E11075.03627 F15000
G1 X169.000 Y136.000 F12000
G1 X51.000 Y136.000 E11079.15720 F15000
G1 X51.000 Y141.000 F12000
G1 X169.000 Y141.000 E11083.27813 F15000
G1 X169.000 Y146.000 F12000
G1 X51.000 Y146.000 E11087.39906 F15000
G1 X51.000 Y151.000 F12000
G1 X169.000 Y151.000 E11091.51999 F15000
G1 X169.000 Y156.000 F12000
G1 X51.000 Y156.000 E11095.64092 F15000
G1 X51.000 Y161.000 F12000
G1 X169.000 Y161.000 E11099.76185 F15000
G1 X169.000 Y166.000 F12000
G1 X51.000 Y166.000 E11103.88278 F15000
;LAYER_CHANGE
;Z:19.400
G1 Z19.400 F600
;TYPE:Outer wall
G1 X50.000 Y50.000 F7200
G1 X55.000 Y50.000 E11104.05740 F7200
G1 X60.000 Y50.000 E11104.23201 F7200
G1 X65.000 Y50.000 E11104.40663 F7200
G1 X70.000 Y50.000 E11104.58124 F7200
G1 X75.000 Y50.000 E11104.75586 F7200
G1 X80.000 Y50.000 E11104.93048 F7200
G1 X85.000 Y50.000 E11105.10509 F7200
G1 X90.000 Y50.000 E11105.27971 F7200
G1 X95.000 Y50.000 E11105.45432 F7200
G1 X100.000 Y50.000 E11105.62894 F7200
G1 X105.000 Y50.000 E11105.80355 F7200
G1 X110.000 Y50.000 E11105.97817 F7200
G1 X115.000 Y50.000 E11106.15279 F7200
G1 X120.000 Y50.000 E11106.32740 F7200
G1 X125.000 Y50.000 E11106.50202 F7200
G1 X130.000 Y50.000 E11106.67663 F7200
G1 X135.000 Y50.000 E11106.85125 F7200
G1 X140.000 Y50.000 E11107.02586 F7200
G1 X145.000 Y50.000 E11107.20048 F7200
G1 X150.000 Y50.000 E11107.37510 F7200
G1 X155.000 Y50.000 E11107.54971 F7200
G1 X160.000 Y50.000 E11107.72433 F7200
G1 X165.000 Y50.000 E11107.89894 F7200
G1 X170.000 Y50.000 E11108.07356 F7200
G1 X170.000 Y55.000 E11108.24817 F7200
G1 X170.000 Y60.000 E11108.42279 F7200
G1 X170.000 Y65.000 E11108.59741 F7200
G1 X170.000 Y70.000 E11108.77202 F7200
G1 X170.000 Y75.000 E11108.94664 F7200
G1 X170.000 Y80.000 E11109.12125 F7200
G1 X170.000 Y85.000 E11109.29587 F7200
G1 X170.000 Y90.000 E11109.47048 F7200
G1 X170.000 Y95.000 E11109.64510 F7200
G1 X170.000 Y100.000 E11109.81972 F7200
G1 X170.000 Y105.000 E11109.99433 F7200
G1 X170.000 Y110.000 E11110.16895 F7200
G1 X170.000 Y115.000 E11110.34356 F7200
G1 X170.000 Y120.000 E11110.51818 F7200
G1 X170.000 Y125.000 E11110.69279 F7200
G1 X170.000 Y130.000 E11110.86741 F7200
G1 X170.000 Y135.000 E11111.04203 F7200
G1 X170.000 Y140.000 E11111.21664 F7200
G1 X170.000 Y145.000 E11111.39126 F7200
G1 X170.000 Y150.000 E11111.56587 F7200
G1 X170.000 Y155.000 E11111.74049 F7200
G1 X170.000 Y160.000 E11111.91510 F7200
G1 X170.000 Y165.000 E11112.08972 F7200
G1 X170.000 Y170.000 E11112.26434 F7200
G1 X165.000 Y170.000 E11112.43895 F7200
G1 X160.000 Y170.000 E11112.61357 F7200
G1 X155.000 Y170.000 E11112.78818 F7200
G1 X150.000 Y170.000 E11112.96280 F7200
G1 X145.000 Y170.000 E11113.13741 F7200
G1 X140.000 Y170.000 E11113.31203 F7200
G1 X135.000 Y170.000 E11113.48665 F7200
G1 X130.000 Y170.000 E11113.66126 F7200
G1 X125.000 Y170.000 E11113.83588 F7200
G1 X120.000 Y170.000 E11114.01049 F7200
G1 X115.000 Y170.000 E11114.18511 F7200
G1 X110.000 Y170.000 E11114.35972 F7200
G1 X105.000 Y170.000 E11114.53434 F7200
G1 X100.000 Y170.000 E11114.70896 F7200
G1 X95.000 Y170.000 E11114.88357 F7200
G1 X90.000 Y170.000 E11115.05819 F7200
G1 X85.000 Y170.000 E11115.23280 F7200
G1 X80.000 Y170.000 E11115.40742 F7200
G1 X75.000 Y170.000 E11115.58203 F7200
G1 X70.000 Y170.000 E11115.75665 F7200
G1 X65.000 Y170.000 E11115.93127 F7200
G1 X60.000 Y170.000 E11116.10588 F7200
G1 X55.000 Y170.000 E11116.28050 F7200
G1 X50.000 Y170.000 E11116.45511 F7200
G1 X50.000 Y165.000 E11116.62973 F7200
G1 X50.000 Y160.000 E11116.80434 F7200
G1 X50.000 Y155.000 E11116.97896 F7200
G1 X50.000 Y150.000 E11117.15357 F7200
G1 X50.000 Y145.000 E11117.32819 F7200
G1 X50.000 Y140.000 E11117.50281 F7200
G1 X50.000 Y135.000 E11117.67742 F7200
G1 X50.000 Y130.000 E11117.85204 F7200
G1 X50.000 Y125.000 E11118.02665 F7200
G1 X50.000 Y120.000 E11118.20127 F7200
G1 X50.000 Y115.000 E11118.37588 F7200
G1 X50.000 Y110.000 E11118.55050 F7200
G1 X50.000 Y105.000 E11118.72512 F7200
G1 X50.000 Y100.000 E11118.89973 F7200
G1 X50.000 Y95.000 E11119.07435 F7200
G1 X50.000 Y90.000 E11119.24896 F7200
G1 X50.000 Y85.000 E11119.42358 F7200
G1 X50.000 Y80.000 E11119.59819 F7200
G1 X50.000 Y75.000 E11119.77281 F7200
G1 X50.000 Y70.000 E11119.94743 F7200
G1 X50.000 Y65.000 E11120.12204 F7200
G1 X50.000 Y60.000 E11120.29666 F7200
G1 X50.000 Y55.000 E11120.47127 F7200
G1 X50.000 Y50.000 E11120.64589 F7200
;TYPE:Sparse infill
G1 X51.000 Y51.000 F12000
G1 X169.000 Y51.000 E11124.76682 F15000
G1 X169.000 Y56.000 F12000
G1 X51.000 Y56.000 E11128.88775 F15000
G1 X51.000 Y61.000 F12000
G1 X169.000 Y61.000 E11133.00868 F15000
G1 X169.000 Y66.000 F12000
G1 X51.000 Y66.000 E11137.12961 F15000
G1 X51.000 Y71.000 F12000
G1 X169.000 Y71.000 E11141.25054 F15000
G1 X169.000 Y76.000 F12000
G1 X51.000 Y76.000 E11145.37147 F15000
G1 X51.000 Y81.000 F12000
G1 X169.000 Y81.000 E11149.49240 F15000
G1 X169.000 Y86.000 F12000
G1 X51.000 Y86.000 E11153.61334 F15000
G1 X51.000 Y91.000 F12000
G1 X169.000 Y91.000 E11157.73427 F15000
G1 X169.000 Y96.000 F12000
G1 X51.000 Y96.000 E11161.85520 F15000
G1 X51.000 Y101.000 F12000
G1 X169.000 Y101.000 E11165.97613 F15000
G1 X169.000 Y106.000 F12000
G1 X51.000 Y106.000 E11170.09706 F15000
G1 X51.000 Y111.000 F12000
G1 X169.000 Y111.000 E11174.21799 F15000
G1 X169.000 Y116.000 F12000
G1 X51.000 Y116.000 E11178.33892 F15000
G1 X51.000 Y121.000 F12000
G1 X169.000 Y121.000 E11182.45985 F15000
G1 X169.000 Y126.000 F12000
G1 X51.000 Y126.000 E11186.58078 F15000
G1 X51.000 Y131.000 F12000
G1 X169.000 Y131.000 E11190.70171 F15000
G1 X169.000 Y136.000 F12000
G1 X51.000 Y136.000 E11194.82264 F15000
G1 X51.000 Y141.000 F12000
G1 X169.000 Y141.000 E11198.94357 F15000
G1 X169.000 Y146.000 F12000
G1 X51.000 Y146.000 E11203.06450 F15000
G1 X51.000 Y151.000 F12000
G1 X169.000 Y151.000 E11207.18543 F15000
G1 X169.000 Y156.000 F12000
G1 X51.000 Y156.000 E11211.30637 F15000
G1 X51.000 Y161.000 F12000
G1 X169.000 Y161.000 E11215.42730 F15000
G1 X169.000 Y166.000 F12000
G1 X51.000 Y166.000 E11219.54823 F15000
;LAYER_CHANGE
;Z:19.600
G1 Z19.600 F600
;TYPE:Outer wall
G1 X50.000 Y50.000 F7200
G1 X55.000 Y50.000 E11219.72284 F7200
G1 X60.000 Y50.000 E11219.89746 F7200
G1 X65.000 Y50.000 E11220.07207 F7200
G1 X70.000 Y50.000 E11220.24669 F7200
G1 X75.000 Y50.000 E11220.42131 F7200
G1 X80.000 Y50.000 E11220.59592 F7200
G1 X85.000 Y50.000 E11220.77054 F7200
G1 X90.000 Y50.000 E11220.94515 F7200
G1 X95.000 Y50.000 E11221.11977 F7200
G1 X100.000 Y50.000 E11221.29438 F7200
G1 X105.000 Y50.000 E11221.46900 F7200
G1 X110.000 Y50.000 E11221.64362 F7200
G1 X115.000 Y50.000 E11221.81823 F7200
G1 X120.000 Y50.000 E11221.99285 F7200
G1 X125.000 Y50.000 E11222.16746 F7200
G1 X130.000 Y50.000 E11222.34208 F7200
G1 X135.000 Y50.000 E11222.51669 F7200
G1 X140.000 Y50.000 E11222.69131 F7200
G1 X145.000 Y50.000 E11222.86593 F7200
G1 X150.000 Y50.000 E11223.04054 F7200
G1 X155.000 Y50.000 E11223.21516 F7200
G1 X160.000 Y50.000 E11223.38977 F7200
G1 X165.000 Y50.000 E11223.56439 F7200
G1 X170.000 Y50.000 E11223.73900 F7200
G1 X170.000 Y55.000 E11223.91362 F7200
G1 X170.000 Y60.000 E11224.08824 F7200
G1 X170.000 Y65.000 E11224.26285 F7200
G1 X170.000 Y70.000 E11224.43747 F7200
G1 X170.000 Y75.000 E11224.61208 F7200
G1 X170.000 Y80.000 E11224.78670 F7200
G1 X170.000 Y85.000 E11224.96131 F7200
G1 X170.000 Y90.000 E11225.13593 F7200
G1 X170.000 Y95.000 E11225.31055 F7200
G1 X170.000 Y100.000 E11225.48516 F7200
G1 X170.000 Y105.000 E11225.65978 F7200
G1 X170.000 Y110.000 E11225.83439 F7200
G1 X170.000 Y115.000 E11226.00901 F7200
G1 X170.000 Y120.000 E11226.18362 F7200
G1 X170.000 Y125.000 E11226.35824 F7200
G1 X170.000 Y130.000 E11226.53286 F7200
G1 X170.000 Y135.000 E11226.70747 F7200
G1 X170.000 Y140.000 E11226.88209 F7200
G1 X170.000 Y145.000 E11227.05670 F7200
G1 X170.000 Y150.000 E11227.23132 F7200
G1 X170.000 Y155.000 E11227.40593 F7200
G1 X170.000 Y160.000 E11227.58055 F7200
G1 X170.000 Y165.000 E11227.75517 F7200
G1 X170.000 Y170.000 E11227.92978 F7200
G1 X165.000 Y170.000 E11228.10440 F7200
G1 X160.000 Y170.000 E11228.27901 F7200
G1 X155.000 Y170.000 E11228.45363 F7200
G1 X150.000 Y170.000 E11228.62824 F7200
G1 X145.000 Y170.000 E11228.80286 F7200
G1 X140.000 Y170.000 E11228.97748 F7200
G1 X135.000 Y170.000 E11229.15209 F7200
G1 X130.000 Y170.000 E11229.32671 F7200
G1 X125.000 Y170.000 E11229.50132 F7200
G1 X120.000 Y170.000 E11229.67594 F7200
G1 X115.000 Y170.000 E11229.85055 F7200
G1 X110.000 Y170.000 E11230.02517 F7200
G1 X105.000 Y170.000 E11230.19978 F7200
G1 X100.000 Y170.000 E11230.37440 F7200
G1 X95.000 Y170.000 E11230.54902 F7200
G1 X90.000 Y170.000 E11230.72363 F7200
G1 X85.000 Y170.000 E11230.89825 F7200
G1 X80.000 Y170.000 E11231.07286 F7200
G1 X75.000 Y170.000 E11231.24748 F7200
G1 X70.000 Y170.000 E11231.42209 F7200
G1 X65.000 Y170.000 E11231.59671 F7200
G1 X60.000 Y170.000 E11231.77133 F7200
G1 X55.000 Y170.000 E11231.94594 F7200
G1 X50.000 Y170.000 E11232.12056 F7200
G1 X50.000 Y165.000 E11232.29517 F7200
G1 X50.000 Y160.000 E11232.46979 F7200
G1 X50.000 Y155.000 E11232.64440 F7200
G1 X50.000 Y150.000 E11232.81902 F7200
G1 X50.000 Y145.000 E11232.99364 F7200
G1 X50.000 Y140.000 E11233.16825 F7200
G1 X50.000 Y135.000 E11233.34287 F7200
G1 X50.000 Y130.000 E11233.51748 F7200
G1 X50.000 Y125.000 E11233.69210 F7200
G1 X50.000 Y120.000 E11233.86671 F7200
G1 X50.000 Y115.000 E11234.04133 F7200
G1 X50.000 Y110.000 E11234.21595 F7200
G1 X50.000 Y105.000 E11234.39056 F7200
G1 X50.000 Y100.000 E11234.56518 F7200
G1 X50.000 Y95.000 E11234.73979 F7200
G1 X50.000 Y90.000 E11234.91441 F7200
G1 X50.000 Y85.000 E11235.08902 F7200
G1 X50.000 Y80.000 E11235.26364 F7200
G1 X50.000 Y75.000 E11235.43826 F7200
G1 X50.000 Y70.000 E11235.61287 F7200
G1 X50.000 Y65.000 E11235.78749 F7200
G1 X50.000 Y60.000 E11235.96210 F7200
G1 X50.000 Y55.000 E11236.13672 F7200
G1 X50.000 Y50.000 E11236.31133 F7200
;TYPE:Sparse infill
G1 X51.000 Y51.000 F12000
G1 X169.000 Y51.000 E11240.43227 F15000
G1 X169.000 Y56.000 F12000
G1 X51.000 Y56.000 E11244.55320 F15000
G1 X51.000 Y61.000 F12000
G1 X169.000 Y61.000 E11248.67413 F15000
G1 X169.000 Y66.000 F12000
G1 X51.000 Y66.000 E11252.79506 F15000
G1 X51.000 Y71.000 F12000
G1 X169.000 Y71.000 E11256.91599 F15000
G1 X169.000 Y76.000 F12000
G1 X51.000 Y76.000 E11261.03692 F15000
G1 X51.000 Y81.000 F12000
G1 X169.000 Y81.000 E11265.15785 F15000
G1 X169.000 Y86.000 F12000
G1 X51.000 Y86.000 E11269.27878 F15000
G1 X51.000 Y91.000 F12000
G1 X169.000 Y91.000 E11273.39971 F15000
G1 X169.000 Y96.000 F12000
G1 X51.000 Y96.000 E11277.52064 F15000
G1 X51.000 Y101.000 F12000
G1 X169.000 Y101.000 E11281.64157 F15000
G1 X169.000 Y106.000 F12000
G1 X51.000 Y106.000 E11285.76250 F15000
G1 X51.000 Y111.000 F12000
G1 X169.000 Y111.000 E11289.88343 F15000
G1 X169.000 Y116.000 F12000
G1 X51.000 Y116.000 E11294.00437 F15000
G1 X51.000 Y121.000 F12000
G1 X169.000 Y121.000 E11298.12530 F15000
G1 X169.000 Y126.000 F12000
G1 X51.000 Y126.000 E11302.24623 F15000
G1 X51.000 Y131.000 F12000
G1 X169.000 Y131.000 E11306.36716 F15000
G1 X169.000 Y136.000 F12000
G1 X51.000 Y136.000 E11310.48809 F15000
G1 X51.000 Y141.000 F12000
G1 X169.000 Y141.000 E11314.60902 F15000
G1 X169.000 Y146.000 F12000
G1 X51.000 Y146.000 E11318.72995 F15000
G1 X51.000 Y151.000 F12000
G1 X169.000 Y151.000 E11322.85088 F15000
G1 X169.000 Y156.000 F12000
G1 X51.000 Y156.000 E11326.97181 F15000
G1 X51.000 Y161.000 F12000
G1 X169.000 Y161.000 E11331.09274 F15000
G1 X169.000 Y166.000 F12000
G1 X51.000 Y166.000 E11335.21367 F15000
;LAYER_CHANGE
;Z:19.800
G1 Z19.800 F600
;TYPE:Outer wall
G1 X50.000 Y50.000 F7200
G1 X55.000 Y50.000 E11335.38829 F7200
G1 X60.000 Y50.000 E11335.56290 F7200
G1 X65.000 Y50.000 E11335.73752 F7200
G1 X70.000 Y50.000 E11335.91214 F7200
G1 X75.000 Y50.000 E11336.08675 F7200
G1 X80.000 Y50.000 E11336.26137 F7200
G1 X85.000 Y50.000 E11336.43598 F7200
G1 X90.000 Y50.000 E11336.61060 F7200
G1 X95.000 Y50.000 E11336.78521 F7200
G1 X100.000 Y50.000 E11336.95983 F7200
G1 X105.000 Y50.000 E11337.13445 F7200
G1 X110.000 Y50.000 E11337.30906 F7200
G1 X115.000 Y50.000 E11337.48368 F7200
G1 X120.000 Y50.000 E11337.65829 F7200
G1 X125.000 Y50.000 E11337.83291 F7200
G1 X130.000 Y50.000 E11338.00752 F7200
G1 X135.000 Y50.000 E11338.18214 F7200
G1 X140.000 Y50.000 E11338.35676 F7200
G1 X145.000 Y50.000 E11338.53137 F7200
G1 X150.000 Y50.000 E11338.70599 F7200
G1 X155.000 Y50.000 E11338.88060 F7200
G1 X160.000 Y50.000 E11339.05522 F7200
G1 X165.000 Y50.000 E11339.22983 F7200
G1 X170.000 Y50.000 E11339.40445 F7200
G1 X170.000 Y55.000 E11339.57907 F7200
G1 X170.000 Y60.000 E11339.75368 F7200
G1 X170.000 Y65.000 E11339.92830 F7200
G1 X170.000 Y70.000 E11340.10291 F7200
G1 X170.000 Y75.000 E11340.27753 F7200
G1 X170.000 Y80.000 E11340.45214 F7200
G1 X170.000 Y85.000 E11340.62676 F7200
G1 X170.000 Y90.000 E11340.80138 F7200
G1 X170.000 Y95.000 E11340.97599 F7200
G1 X170.000 Y100.000 E11341.15061 F7200
G1 X170.000 Y105.000 E11341.32522 F7200
G1 X170.000 Y110.000 E11341.49984 F7200
G1 X170.000 Y115.000 E11341.67445 F7200
G1 X170.000 Y120.000 E11341.84907 F7200
G1 X170.000 Y125.000 E11342.02369 F7200
G1 X170.000 Y130.000 E11342.19830 F7200
G1 X170.000 Y135.000 E11342.37292 F7200
G1 X170.000 Y140.000 E11342.54753 F7200
G1 X170.000 Y145.000 E11342.72215 F7200
G1 X170.000 Y150.000 E11342.89676 F7200
G1 X170.000 Y155.000 E11343.07138 F7200
G1 X170.000 Y160.000 E11343.24599 F7200
G1 X170.000 Y165.000 E11343.42061 F7200
G1 X170.000 Y170.000 E11343.59523 F7200
G1 X165.000 Y170.000 E11343.76984 F7200
G1 X160.000 Y170.000 E11343.94446 F7200
G1 X155.000 Y170.000 E11344.11907 F7200
G1 X150.000 Y170.000 E11344.29369 F7200
G1 X145.000 Y170.000 E11344.46830 F7200
G1 X140.000 Y170.000 E11344.64292 F7200
G1 X135.000 Y170.000 E11344.81754 F7200
G1 X130.000 Y170.000 E11344.99215 F7200
G1 X125.000 Y170.000 E11345.16677 F7200
G1 X120.000 Y170.000 E11345.34138 F7200
G1 X115.000 Y170.000 E11345.51600 F7200
G1 X110.000 Y170.000 E11345.69061 F7200
G1 X105.000 Y170.000 E11345.86523 F7200
G1 X100.000 Y170.000 E11346.03985 F7200
G1 X95.000 Y170.000 E11346.21446 F7200
G1 X90.000 Y170.000 E11346.38908 F7200
G1 X85.000 Y170.000 E11346.56369 F7200
G1 X80.000 Y170.000 E11346.73831 F7200
G1 X75.000 Y170.000 E11346.91292 F7200
G1 X70.000 Y170.000 E11347.08754 F7200
G1 X65.000 Y170.000 E11347.26216 F7200
G1 X60.000 Y170.000 E11347.43677 F7200
G1 X55.000 Y170.000 E11347.61139 F7200
G1 X50.000 Y170.000 E11347.78600 F7200
G1 X50.000 Y165.000 E11347.96062 F7200
G1 X50.000 Y160.000 E11348.13523 F7200
G1 X50.000 Y155.000 E11348.30985 F7200
G1 X50.000 Y150.000 E11348.48447 F7200
G1 X50.000 Y145.000 E11348.65908 F7200
G1 X50.000 Y140.000 E11348.83370 F7200
G1 X50.000 Y135.000 E11349.00831 F7200
G1 X50.000 Y130.000 E11349.18293 F7200
G1 X50.000 Y125.000 E11349.35754 F7200
G1 X50.000 Y120.000 E11349.53216 F7200
G1 X50.000 Y115.000 E11349.70678 F7200
G1 X50.000 Y110.000 E11349.88139 F7200
G1 X50.000 Y105.000 E11350.05601 F7200
G1 X50.000 Y100.000 E11350.23062 F7200
G1 X50.000 Y95.000 E11350.40524 F7200
G1 X50.000 Y90.000 E11350.57985 F7200
G1 X50.000 Y85.000 E11350.75447 F7200
G1 X50.000 Y80.000 E11350.92909 F7200
G1 X50.000 Y75.000 E11351.10370 F7200
G1 X50.000 Y70.000 E11351.27832 F7200
G1 X50.000 Y65.000 E11351.45293 F7200
G1 X50.000 Y60.000 E11351.62755 F7200
G1 X50.000 Y55.000 E11351.80216 F7200
G1 X50.000 Y50.000 E11351.97678 F7200
;TYPE:Sparse infill
G1 X51.000 Y51.000 F12000
G1 X169.000 Y51.000 E11356.09771 F15000
G1 X169.000 Y56.000 F12000
G1 X51.000 Y56.000 E11360.21864 F15000
G1 X51.000 Y61.000 F12000
G1 X169.000 Y61.000 E11364.33957 F15000
G1 X169.000 Y66.000 F12000
G1 X51.000 Y66.000 E11368.46050 F15000
G1 X51.000 Y71.000 F12000
G1 X169.000 Y71.000 E11372.58143 F15000
G1 X169.000 Y76.000 F12000
G1 X51.000 Y76.000 E11376.70236 F15000
G1 X51.000 Y81.000 F12000
G1 X169.000 Y81.000 E11380.82330 F15000
G1 X169.000 Y86.000 F12000
G1 X51.000 Y86.000 E11384.94423 F15000
G1 X51.000 Y91.000 F12000
G1 X169.000 Y91.000 E11389.06516 F15000
G1 X169.000 Y96.000 F12000
G1 X51.000 Y96.000 E11393.18609 F15000
G1 X51.000 Y101.000 F12000
G1 X169.000 Y101.000 E11397.30702 F15000
G1 X169.000 Y106.000 F12000
G1 X51.000 Y106.000 E11401.42795 F15000
G1 X51.000 Y111.000 F12000
G1 X169.000 Y111.000 E11405.54888 F15000
G1 X169.000 Y116.000 F12000
G1 X51.000 Y116.000 E11409.66981 F15000
G1 X51.000 Y121.000 F12000
G1 X169.000 Y121.000 E11413.79074 F15000
G1 X169.000 Y126.000 F12000
G1 X51.000 Y126.000 E11417.91167 F15000
G1 X51.000 Y131.000 F12000
G1 X169.000 Y131.000 E11422.03260 F15000
G1 X169.000 Y136.000 F12000
G1 X51.000 Y136.000 E11426.15353 F15000
G1 X51.000 Y141.000 F12000
G1 X169.000 Y141.000 E11430.27446 F15000
G1 X169.000 Y146.000 F12000
G1 X51.000 Y146.000 E11434.39540 F15000
G1 X51.000 Y151.000 F12000
G1 X169.000 Y151.000 E11438.51633 F15000
G1 X169.000 Y156.000 F12000
G1 X51.000 Y156.000 E11442.63726 F15000
G1 X51.000 Y161.000 F12000
G1 X169.000 Y161.000 E11446.75819 F15000
G1 X169.000 Y166.000 F12000
G1 X51.000 Y166.000 E11450.87912 F15000
;LAYER_CHANGE
;Z:20.000
G1 Z20.000 F600
;TYPE:Outer wall
G1 X50.000 Y50.000 F7200
G1 X55.000 Y50.000 E11451.05373 F7200
G1 X60.000 Y50.000 E11451.22835 F7200
G1 X65.000 Y50.000 E11451.40297 F7200
G1 X70.000 Y50.000 E11451.57758 F7200
G1 X75.000 Y50.000 E11451.75220 F7200
G1 X80.000 Y50.000 E11451.92681 F7200
G1 X85.000 Y50.000 E11452.10143 F7200
G1 X90.000 Y50.000 E11452.27604 F7200
G1 X95.000 Y50.000 E11452.45066 F7200
G1 X100.000 Y50.000 E11452.62528 F7200
G1 X105.000 Y50.000 E11452.79989 F7200
G1 X110.000 Y50.000 E11452.97451 F7200
G1 X115.000 Y50.000 E11453.14912 F7200
G1 X120.000 Y50.000 E11453.32374 F7200
G1 X125.000 Y50.000 E11453.49835 F7200
G1 X130.000 Y50.000 E11453.67297 F7200
G1 X135.000 Y50.000 E11453.84759 F7200
G1 X140.000 Y50.000 E11454.02220 F7200
G1 X145.000 Y50.000 E11454.19682 F7200
G1 X150.000 Y50.000 E11454.37143 F7200
G1 X155.000 Y50.000 E11454.54605 F7200
G1 X160.000 Y50.000 E11454.72066 F7200
G1 X165.000 Y50.000 E11454.89528 F7200
G1 X170.000 Y50.000 E11455.06990 F7200
G1 X170.000 Y55.000 E11455.24451 F7200
G1 X170.000 Y60.000 E11455.41913 F7200
G1 X170.000 Y65.000 E11455.59374 F7200
G1 X170.000 Y70.000 E11455.76836 F7200
G1 X170.000 Y75.000 E11455.94297 F7200
G1 X170.000 Y80.000 E11456.11759 F7200
G1 X170.000 Y85.000 E11456.29220 F7200
G1 X170.000 Y90.000 E11456.46682 F7200
G1 X170.000 Y95.000 E11456.64144 F7200
G1 X170.000 Y100.000 E11456.81605 F7200
G1 X170.000 Y105.000 E11456.99067 F7200
G1 X170.000 Y110.000 E11457.16528 F7200
G1 X170.000 Y115.000 E11457.33990 F7200
G1 X170.000 Y120.000 E11457.51451 F7200
G1 X170.000 Y125.000 E11457.68913 F7200
G1 X170.000 Y130.000 E11457.86375 F7200
G1 X170.000 Y135.000 E11458.03836 F7200
G1 X170.000 Y140.000 E11458.21298 F7200
G1 X170.000 Y145.000 E11458.38759 F7200
G1 X170.000 Y150.000 E11458.56221 F7200
G1 X170.000 Y155.000 E11458.73682 F7200
G1 X170.000 Y160.000 E11458.91144 F7200
G1 X170.000 Y165.000 E11459.08606 F7200
G1 X170.000 Y170.000 E11459.26067 F7200
G1 X165.000 Y170.000 E11459.43529 F7200
G1 X160.000 Y170.000 E11459.60990 F7200
G1 X155.000 Y170.000 E11459.78452 F7200
G1 X150.000 Y170.000 E11459.95913 F7200
G1 X145.000 Y170.000 E11460.13375 F7200
G1 X140.000 Y170.000 E11460.30837 F7200
G1 X135.000 Y170.000 E11460.48298 F7200
G1 X130.000 Y170.000 E11460.65760 F7200
G1 X125.000 Y170.000 E11460.83221 F7200
G1 X120.000 Y170.000 E11461.00683 F7200
G1 X115.000 Y170.000 E11461.18144 F7200
G1 X110.000 Y170.000 E11461.35606 F7200
G1 X105.000 Y170.000 E11461.53068 F7200
G1 X100.000 Y170.000 E11461.70529 F7200
G1 X95.000 Y170.000 E11461.87991 F7200
G1 X90.000 Y170.000 E11462.05452 F7200
G1 X85.000 Y170.000 E11462.22914 F7200
G1 X80.000 Y170.000 E11462.40375 F7200
G1 X75.000 Y170.000 E11462.57837 F7200
G1 X70.000 Y170.000 E11462.75299 F7200
G1 X65.000 Y170.000 E11462.92760 F7200
G1 X60.000 Y170.000 E11463.10222 F7200
G1 X55.000 Y170.000 E11463.27683 F7200
G1 X50.000 Y170.000 E11463.45145 F7200
G1 X50.000 Y165.000 E11463.62606 F7200
G1 X50.000 Y160.000 E11463.80068 F7200
G1 X50.000 Y155.000 E11463.97530 F7200
G1 X50.000 Y150.000 E11464.14991 F7200
G1 X50.000 Y145.000 E11464.32453 F7200
G1 X50.000 Y140.000 E11464.49914 F7200
G1 X50.000 Y135.000 E11464.67376 F7200
G1 X50.000 Y130.000 E11464.84837 F7200
G1 X50.000 Y125.000 E11465.02299 F7200
G1 X50.000 Y120.000 E11465.19761 F7200
G1 X50.000 Y115.000 E11465.37222 F7200
G1 X50.000 Y110.000 E11465.54684 F7200
G1 X50.000 Y105.000 E11465.72145 F7200
G1 X50.000 Y100.000 E11465.89607 F7200
G1 X50.000 Y95.000 E11466.07068 F7200
G1 X50.000 Y90.000 E11466.24530 F7200
G1 X50.000 Y85.000 E11466.41992 F7200
G1 X50.000 Y80.000 E11466.59453 F7200
G1 X50.000 Y75.000 E11466.76915 F7200
G1 X50.000 Y70.000 E11466.94376 F7200
G1 X50.000 Y65.000 E11467.11838 F7200
G1 X50.000 Y60.000 E11467.29299 F7200
G1 X50.000 Y55.000 E11467.46761 F7200
G1 X50.000 Y50.000 E11467.64223 F7200
;TYPE:Sparse infill
G1 X51.000 Y51.000 F12000
G1 X169.000 Y51.000 E11471.76316 F15000
G1 X169.000 Y56.000 F12000
G1 X51.000 Y56.000 E11475.88409 F15000
G1 X51.000 Y61.000 F12000
G1 X169.000 Y61.000 E11480.00502 F15000
G1 X169.000 Y66.000 F12000
G1 X51.000 Y66.000 E11484.12595 F15000
G1 X51.000 Y71.000 F12000
G1 X169.000 Y71.000 E11488.24688 F15000
G1 X169.000 Y76.000 F12000
G1 X51.000 Y76.000 E11492.36781 F15000
G1 X51.000 Y81.000 F12000
G1 X169.000 Y81.000 E11496.48874 F15000
G1 X169.000 Y86.000 F12000
G1 X51.000 Y86.000 E11500.60967 F15000
G1 X51.000 Y91.000 F12000
G1 X169.000 Y91.000 E11504.73060 F15000
G1 X169.000 Y96.000 F12000
G1 X51.000 Y96.000 E11508.85153 F15000
G1 X51.000 Y101.000 F12000
G1 X169.000 Y101.000 E11512.97246 F15000
G1 X169.000 Y106.000 F12000
G1 X51.000 Y106.000 E11517.09339 F15000
G1 X51.000 Y111.000 F12000
G1 X169.000 Y111.000 E11521.21433 F15000
G1 X169.000 Y116.000 F12000
G1 X51.000 Y116.000 E11525.33526 F15000
G1 X51.000 Y121.000 F12000
G1 X169.000 Y121.000 E11529.45619 F15000
G1 X169.000 Y126.000 F12000
G1 X51.000 Y126.000 E11533.57712 F15000
G1 X51.000 Y131.000 F12000
G1 X169.000 Y131.000 E11537.69805 F15000
G1 X169.000 Y136.000 F12000
G1 X51.000 Y136.000 E11541.81898 F15000
G1 X51.000 Y141.000 F12000
G1 X169.000 Y141.000 E11545.93991 F15000
G1 X169.000 Y146.000 F12000
G1 X51.000 Y146.000 E11550.06084 F15000
G1 X51.000 Y151.000 F12000
G1 X169.000 Y151.000 E11554.18177 F15000
G1 X169.000 Y156.000 F12000
G1 X51.000 Y156.000 E11558.30270 F15000
G1 X51.000 Y161.000 F12000
G1 X169.000 Y161.000 E11562.42363 F15000
G1 X169.000 Y166.000 F12000
G1 X51.000 Y166.000 E11566.54456 F15000
;LAYER_CHANGE
;Z:20.200
G1 Z20.200 F600
;TYPE:Outer wall
G1 X50.000 Y50.000 F7200
G1 X55.000 Y50.000 E11566.71918 F7200
G1 X60.000 Y50.000 E11566.89380 F7200
G1 X65.000 Y50.000 E11567.06841 F7200
G1 X70.000 Y50.000 E11567.24303 F7200
G1 X75.000 Y50.000 E11567.41764 F7200
G1 X80.000 Y50.000 E11567.59226 F7200
G1 X85.000 Y50.000 E11567.76687 F7200
G1 X90.000 Y50.000 E11567.94149 F7200
G1 X95.000 Y50.000 E11568.11611 F7200
G1 X100.000 Y50.000 E11568.29072 F7200
G1 X105.000 Y50.000 E11568.46534 F7200
G1 X110.000 Y50.000 E11568.63995 F7200
G1 X115.000 Y50.000 E11568.81457 F7200
G1 X120.000 Y50.000 E11568.98918 F7200
G1 X125.000 Y50.000 E11569.16380 F7200
G1 X130.000 Y50.000 E11569.33841 F7200
G1 X135.000 Y50.000 E11569.51303 F7200
G1 X140.000 Y50.000 E11569.68765 F7200
G1 X145.000 Y50.000 E11569.86226 F7200
G1 X150.000 Y50.000 E11570.03688 F7200
G1 X155.000 Y50.000 E11570.21149 F7200
G1 X160.000 Y50.000 E11570.38611 F7200
G1 X165.000 Y50.000 E11570.56072 F7200
G1 X170.000 Y50.000 E11570.73534 F7200
G1 X170.000 Y55.000 E11570.90996 F7200
G1 X170.000 Y60.000 E11571.08457 F7200
G1 X170.000 Y65.000 E11571.25919 F7200
G1 X170.000 Y70.000 E11571.43380 F7200
G1 X170.000 Y75.000 E11571.60842 F7200
G1 X170.000 Y80.000 E11571.78303 F7200
G1 X170.000 Y85.000 E11571.95765 F7200
G1 X170.000 Y90.000 E11572.13227 F7200
G1 X170.000 Y95.000 E11572.30688 F7200
G1 X170.000 Y100.000 E11572.48150 F7200
G1 X170.000 Y105.000 E11572.65611 F7200
G1 X170.000 Y110.000 E11572.83073 F7200
G1 X170.000 Y115.000 E11573.00534 F7200
G1 X170.000 Y120.000 E11573.17996 F7200
G1 X170.000 Y125.000 E11573.35458 F7200
G1 X170.000 Y130.000 E11573.52919 F7200
G1 X170.000 Y135.000 E11573.70381 F7200
G1 X170.000 Y140.000 E11573.87842 F7200
G1 X170.000 Y145.000 E11574.05304 F7200
G1 X170.000 Y150.000 E11574.22765 F7200
G1 X170.000 Y155.000 E11574.40227 F7200
G1 X170.000 Y160.000 E11574.57689 F7200
G1 X170.000 Y165.000 E11574.75150 F7200
G1 X170.000 Y170.000 E11574.92612 F7200
G1 X165.000 Y170.000 E11575.10073 F7200
G1 X160.000 Y170.000 E11575.27535 F7200
G1 X155.000 Y170.000 E11575.44996 F7200
G1 X150.000 Y170.000 E11575.62458 F7200
G1 X145.000 Y170.000 E11575.79920 F7200
G1 X140.000 Y170.000 E11575.97381 F7200
G1 X135.000 Y170.000 E11576.14843 F7200
G1 X130.000 Y170.000 E11576.32304 F7200
G1 X125.000 Y170.000 E11576.49766 F7200
G1 X120.000 Y170.000 E11576.67227 F7200
G1 X115.000 Y170.000 E11576.84689 F7200
G1 X110.000 Y170.000 E11577.02151 F7200
G1 X105.000 Y170.000 E11577.19612 F7200
G1 X100.000 Y170.000 E11577.37074 F7200
G1 X95.000 Y170.000 E11577.54535 F7200
G1 X90.000 Y170.000 E11577.71997 F7200
G1 X85.000 Y170.000 E11577.89458 F7200
G1 X80.000 Y170.000 E11578.06920 F7200
G1 X75.000 Y170.000 E11578.24382 F7200
G1 X70.000 Y170.000 E11578.41843 F7200
G1 X65.000 Y170.000 E11578.59305 F7200
G1 X60.000 Y170.000 E11578.76766 F7200
G1 X55.000 Y170.000 E11578.94228 F7200
G1 X50.000 Y170.000 E11579.11689 F7200
G1 X50.000 Y165.000 E11579.29151 F7200
G1 X50.000 Y160.000 E11579.46613 F7200
G1 X50.000 Y155.000 E11579.64074 F7200
G1 X50.000 Y150.000 E11579.81536 F7200
G1 X50.000 Y145.000 E11579.98997 F7200
G1 X50.000 Y140.000 E11580.16459 F7200
G1 X50.000 Y135.000 E11580.33920 F7200
G1 X50.000 Y130.000 E11580.51382 F7200
G1 X50.000 Y125.000 E11580.68844 F7200
G1 X50.000 Y120.000 E11580.86305 F7200
G1 X50.000 Y115.000 E11581.03767 F7200
G1 X50.000 Y110.000 E11581.21228 F7200
G1 X50.000 Y105.000 E11581.38690 F7200
G1 X50.000 Y100.000 E11581.56151 F7200
G1 X50.000 Y95.000 E11581.73613 F7200
G1 X50.000 Y90.000 E11581.91075 F7200
G1 X50.000 Y85.000 E11582.08536 F7200
G1 X50.000 Y80.000 E11582.25998 F7200
G1 X50.000 Y75.000 E11582.43459 F7200
G1 X50.000 Y70.000 E11582.60921 F7200
G1 X50.000 Y65.000 E11582.78382 F7200
G1 X50.000 Y60.000 E11582.95844 F7200
G1 X50.000 Y55.000 E11583.13306 F7200
G1 X50.000 Y50.000 E11583.30767 F7200
;TYPE:Sparse infill
G1 X51.000 Y51.000 F12000
G1 X169.000 Y51.000 E11587.42860 F15000
G1 X169.000 Y56.000 F12000
G1 X51.000 Y56.000 E11591.54953 F15000
G1 X51.000 Y61.000 F12000
G1 X169.000 Y61.000 E11595.67046 F15000
G1 X169.000 Y66.000 F12000
G1 X51.000 Y66.000 E11599.79139 F15000
G1 X51.000 Y71.000 F12000
G1 X169.000 Y71.000 E11603.91233 F15000
G1 X169.000 Y76.000 F12000
G1 X51.000 Y76.000 E11608.03326 F15000
G1 X51.000 Y81.000 F12000
G1 X169.000 Y81.000 E11612.15419 F15000
G1 X169.000 Y86.000 F12000
G1 X51.000 Y86.000 E11616.27512 F15000
G1 X51.000 Y91.000 F12000
G1 X169.000 Y91.000 E11620.39605 F15000
G1 X169.000 Y96.000 F12000
G1 X51.000 Y96.000 E11624.51698 F15000
G1 X51.000 Y101.000 F12000
G1 X169.000 Y101.000 E11628.63791 F15000
G1 X169.000 Y106.000 F12000
G1 X51.000 Y106.000 E11632.75884 F15000
G1 X51.000 Y111.000 F12000
G1 X169.000 Y111.000 E11636.87977 F15000
G1 X169.000 Y116.000 F12000
G1 X51.000 Y116.000 E11641.00070 F15000
G1 X51.000 Y121.000 F12000
G1 X169.000 Y121.000 E11645.12163 F15000
G1 X169.000 Y126.000 F12000
G1 X51.000 Y126.000 E11649.24256 F15000
G1 X51.000 Y131.000 F12000
G1 X169.000 Y131.000 E11653.36349 F15000
G1 X169.000 Y136.000 F12000
G1 X51.000 Y136.000 E11657.48442 F15000
G1 X51.000 Y141.000 F12000
G1 X169.000 Y141.000 E11661.60536 F15000
G1 X169.000 Y146.000 F12000
G1 X51.000 Y146.000 E11665.72629 F15000
G1 X51.000 Y151.000 F12000
G1 X169.000 Y151.000 E11669.84722 F15000
G1 X169.000 Y156.000 F12000
G1 X51.000 Y156.000 E11673.96815 F15000
G1 X51.000 Y161.000 F12000
G1 X169.000 Y161.000 E11678.08908 F15000
G1 X169.000 Y166.000 F12000
G1 X51.000 Y166.000 E11682.21001 F15000
;LAYER_CHANGE
;Z:20.400
G1 Z20.400 F600
;TYPE:Outer wall
G1 X50.000 Y50.000 F7200
G1 X55.000 Y50.000 E11682.38462 F7200
G1 X60.000 Y50.000 E11682.55924 F7200
G1 X65.000 Y50.000 E11682.73386 F7200
G1 X70.000 Y50.000 E11682.90847 F7200
G1 X75.000 Y50.000 E11683.08309 F7200
G1 X80.000 Y50.000 E11683.25770 F7200
G1 X85.000 Y50.000 E11683.43232 F7200
G1 X90.000 Y50.000 E11683.60693 F7200
G1 X95.000 Y50.000 E11683.78155 F7200
G1 X100.000 Y50.000 E11683.95617 F7200
G1 X105.000 Y50.000 E11684.13078 F7200
G1 X110.000 Y50.000 E11684.30540 F7200
G1 X115.000 Y50.000 E11684.48001 F7200
G1 X120.000 Y50.000 E11684.65463 F7200
G1 X125.000 Y50.000 E11684.82924 F7200
G1 X130.000 Y50.000 E11685.00386 F7200
G1 X135.000 Y50.000 E11685.17848 F7200
G1 X140.000 Y50.000 E11685.35309 F7200
G1 X145.000 Y50.000 E11685.52771 F7200
G1 X150.000 Y50.000 E11685.70232 F7200
G1 X155.000 Y50.000 E11685.87694 F7200
G1 X160.000 Y50.000 E11686.05155 F7200
G1 X165.000 Y50.000 E11686.22617 F7200
G1 X170.000 Y50.000 E11686.40079 F7200
G1 X170.000 Y55.000 E11686.57540 F7200
G1 X170.000 Y60.000 E11686.75002 F7200
G1 X170.000 Y65.000 E11686.92463 F7200
G1 X170.000 Y70.000 E11687.09925 F7200
G1 X170.000 Y75.000 E11687.27386 F7200
G1 X170.000 Y80.000 E11687.44848 F7200
G1 X170.000 Y85.000 E11687.62310 F7200
G1 X170.000 Y90.000 E11687.79771 F7200
G1 X170.000 Y95.000 E11687.97233 F7200
G1 X170.000 Y100.000 E11688.14694 F7200
G1 X170.000 Y105.000 E11688.32156 F7200
G1 X170.000 Y110.000 E11688.49617 F7200
G1 X170.000 Y115.000 E11688.67079 F7200
G1 X170.000 Y120.000 E11688.84541 F7200
G1 X170.000 Y125.000 E11689.02002 F7200
G1 X170.000 Y130.000 E11689.19464 F7200
G1 X170.000 Y135.000 E11689.36925 F7200
G1 X170.000 Y140.000 E11689.54387 F7200
G1 X170.000 Y145.000 E11689.71848 F7200
G1 X170.000 Y150.000 E11689.89310 F7200
G1 X170.000 Y155.000 E11690.06772 F7200
G1 X170.000 Y160.000 E11690.24233 F7200
G1 X170.000 Y165.000 E11690.41695 F7200
G1 X170.000 Y170.000 E11690.59156 F7200
G1 X165.000 Y170.000 E11690.76618 F7200
G1 X160.000 Y170.000 E11690.94079 F7200
G1 X155.000 Y170.000 E11691.11541 F7200
G1 X150.000 Y170.000 E11691.29003 F7200
G1 X145.000 Y170.000 E11691.46464 F7200
G1 X140.000 Y170.000 E11691.63926 F7200
G1 X135.000 Y170.000 E11691.81387 F7200
G1 X130.000 Y170.000 E11691.98849 F7200
G1 X125.000 Y170.000 E11692.16310 F7200
G1 X120.000 Y170.000 E11692.33772 F7200
G1 X115.000 Y170.000 E11692.51234 F7200
G1 X110.000 Y170.000 E11692.68695 F7200
G1 X105.000 Y170.000 E11692.86157 F7200
G1 X100.000 Y170.000 E11693.03618 F7200
G1 X95.000 Y170.000 E11693.21080 F7200
G1 X90.000 Y170.000 E11693.38541 F7200
G1 X85.000 Y170.000 E11693.56003 F7200
G1 X80.000 Y170.000 E11693.73465 F7200
G1 X75.000 Y170.000 E11693.90926 F7200
G1 X70.000 Y170.000 E11694.08388 F7200
G1 X65.000 Y170.000 E11694.25849 F7200
G1 X60.000 Y170.000 E11694.43311 F7200
G1 X55.000 Y170.000 E11694.60772 F7200
G1 X50.000 Y170.000 E11694.78234 F7200
G1 X50.000 Y165.000 E11694.95696 F7200
G1 X50.000 Y160.000 E11695.13157 F7200
G1 X50.000 Y155.000 E11695.30619 F7200
G1 X50.000 Y150.000 E11695.48080 F7200
G1 X50.000 Y145.000 E11695.65542 F7200
G1 X50.000 Y140.000 E11695.83003 F7200
G1 X50.000 Y135.000 E11696.00465 F7200
G1 X50.000 Y130.000 E11696.17927 F7200
G1 X50.000 Y125.000 E11696.35388 F7200
G1 X50.000 Y120.000 E11696.52850 F7200
G1 X50.000 Y115.000 E11696.70311 F7200
G1 X50.000 Y110.000 E11696.87773 F7200
G1 X50.000 Y105.000 E11697.05234 F7200
G1 X50.000 Y100.000 E11697.22696 F7200
G1 X50.000 Y95.000 E11697.40158 F7200
G1 X50.000 Y90.000 E11697.57619 F7200
G1 X50.000 Y85.000 E11697.75081 F7200
G1 X50.000 Y80.000 E11697.92542 F7200
G1 X50.000 Y75.000 E11698.10004 F7200
G1 X50.000 Y70.000 E11698.27465 F7200
G1 X50.000 Y65.000 E11698.44927 F7200
G1 X50.000 Y60.000 E11698.62389 F7200
G1 X50.000 Y55.000 E11698.79850 F7200
G1 X50.000 Y50.000 E11698.97312 F7200
;TYPE:Sparse infill
G1 X51.000 Y51.000 F12000
G1 X169.000 Y51.000 E11703.09405 F15000
G1 X169.000 Y56.000 F12000
G1 X51.000 Y56.000 E11707.21498 F15000
G1 X51.000 Y61.000 F12000
G1 X169.000 Y61.000 E11711.33591 F15000
G1 X169.000 Y66.000 F12000
G1 X51.000 Y66.000 E11715.45684 F15000
G1 X51.000 Y71.000 F12000
G1 X169.000 Y71.000 E11719.57777 F15000
G1 X169.000 Y76.000 F12000
G1 X51.000 Y76.000 E11723.69870 F15000
G1 X51.000 Y81.000 F12000
G1 X169.000 Y81.000 E11727.81963 F15000
G1 X169.000 Y86.000 F12000
G1 X51.000 Y86.000 E11731.94056 F15000
G1 X51.000 Y91.000 F12000
G1 X169.000 Y91.000 E11736.06149 F15000
G1 X169.000 Y96.000 F12000
G1 X51.000 Y96.000 E11740.18242 F15000
G1 X51.000 Y101.000 F12000
G1 X169.000 Y101.000 E11744.30336 F15000
G1 X169.000 Y106.000 F12000
G1 X51.000 Y106.000 E11748.42429 F15000
G1 X51.000 Y111.000 F12000
G1 X169.000 Y111.000 E11752.54522 F15000
G1 X169.000 Y116.000 F12000
G1 X51.000 Y116.000 E11756.66615 F15000
G1 X51.000 Y121.000 F12000
G1 X169.000 Y121.000 E11760.78708 F15000
G1 X169.000 Y126.000 F12000
G1 X51.000 Y126.000 E11764.90801 F15000
G1 X51.000 Y131.000 F12000
G1 X169.000 Y131.000 E11769.02894 F15000
G1 X169.000 Y136.000 F12000
G1 X51.000 Y136.000 E11773.14987 F15000
G1 X51.000 Y141.000 F12000
G1 X169.000 Y141.000 E11777.27080 F15000
G1 X169.000 Y146.000 F12000
G1 X51.000 Y146.000 E11781.39173 F15000
G1 X51.000 Y151.000 F12000
G1 X169.000 Y151.000 E11785.51266 F15000
G1 X169.000 Y156.000 F12000
G1 X51.000 Y156.000 E11789.63359 F15000
G1 X51.000 Y161.000 F12000
G1 X169.000 Y161.000 E11793.75452 F15000
G1 X169.000 Y166.000 F12000
G1 X51.000 Y166.000 E11797.87545 F15000
;LAYER_CHANGE
;Z:20.600
G1 Z20.600 F600
;TYPE:Outer wall
G1 X50.000 Y50.000 F7200
G1 X55.000 Y50.000 E11798.05007 F7200
G1 X60.000 Y50.000 E11798.22469 F7200
G1 X65.000 Y50.000 E11798.39930 F7200
G1 X70.000 Y50.000 E11798.57392 F7200
G1 X75.000 Y50.000 E11798.74853 F7200
G1 X80.000 Y50.000 E11798.92315 F7200
G1 X85.000 Y50.000 E11799.09776 F7200
G1 X90.000 Y50.000 E11799.27238 F7200
G1 X95.000 Y50.000 E11799.44700 F7200
G1 X100.000 Y50.000 E11799.62161 F7200
G1 X105.000 Y50.000 E11799.79623 F7200
G1 X110.000 Y50.000 E11799.97084 F7200
G1 X115.000 Y50.000 E11800.14546 F7200
G1 X120.000 Y50.000 E11800.32007 F7200
G1 X125.000 Y50.000 E11800.49469 F7200
G1 X130.000 Y50.000 E11800.66931 F7200
G1 X135.000 Y50.000 E11800.84392 F7200
G1 X140.000 Y50.000 E11801.01854 F7200
G1 X145.000 Y50.000 E11801.19315 F7200
G1 X150.000 Y50.000 E11801.36777 F7200
G1 X155.000 Y50.000 E11801.54238 F7200
G1 X160.000 Y50.000 E11801.71700 F7200
G1 X165.000 Y50.000 E11801.89162 F7200
G1 X170.000 Y50.000 E11802.06623 F7200
G1 X170.000 Y55.000 E11802.24085 F7200
G1 X170.000 Y60.000 E11802.41546 F7200
G1 X170.000 Y65.000 E11802.59008 F7200
G1 X170.000 Y70.000 E11802.76469 F7200
G1 X170.000 Y75.000 E11802.93931 F7200
G1 X170.000 Y80.000 E11803.11393 F7200
G1 X170.000 Y85.000 E11803.28854 F7200
G1 X170.000 Y90.000 E11803.46316 F7200
G1 X170.000 Y95.000 E11803.63777 F7200
G1 X170.000 Y100.000 E11803.81239 F7200
G1 X170.000 Y105.000 E11803.98700 F7200
G1 X170.000 Y110.000 E11804.16162 F7200
G1 X170.000 Y115.000 E11804.33624 F7200
G1 X170.000 Y120.000 E11804.51085 F7200
G1 X170.000 Y125.000 E11804.68547 F7200
G1 X170.000 Y130.000 E11804.86008 F7200
G1 X170.000 Y135.000 E11805.03470 F7200
G1 X170.000 Y140.000 E11805.20931 F7200
G1 X170.000 Y145.000 E11805.38393 F7200
G1 X170.000 Y150.000 E11805.55855 F7200
G1 X170.000 Y155.000 E11805.73316 F7200
G1 X170.000 Y160.000 E11805.90778 F7200
G1 X170.000 Y165.000 E11806.08239 F7200
G1 X170.000 Y170.000 E11806.25701 F7200
G1 X165.000 Y170.000 E11806.43162 F7200
G1 X160.000 Y170.000 E11806.60624 F7200
G1 X155.000 Y170.000 E11806.78086 F7200
G1 X150.000 Y170.000 E11806.95547 F7200
G1 X145.000 Y170.000 E11807.13009 F7200
G1 X140.000 Y170.000 E11807.30470 F7200
G1 X135.000 Y170.000 E11807.47932 F7200
G1 X130.000 Y170.000 E11807.65393 F7200
G1 X125.000 Y170.000 E11807.82855 F7200
G1 X120.000 Y170.000 E11808.00317 F7200
G1 X115.000 Y170.000 E11808.17778 F7200
G1 X110.000 Y170.000 E11808.35240 F7200
G1 X105.000 Y170.000 E11808.52701 F7200
G1 X100.000 Y170.000 E11808.70163 F7200
G1 X95.000 Y170.000 E11808.87624 F7200
G1 X90.000 Y170.000 E11809.05086 F7200
G1 X85.000 Y170.000 E11809.22548 F7200
G1 X80.000 Y170.000 E11809.40009 F7200
G1 X75.000 Y170.000 E11809.57471 F7200
G1 X70.000 Y170.000 E11809.74932 F7200
G1 X65.000 Y170.000 E11809.92394 F7200
G1 X60.000 Y170.000 E11810.09855 F7200
G1 X55.000 Y170.000 E11810.27317 F7200
G1 X50.000 Y170.000 E11810.44779 F7200
G1 X50.000 Y165.000 E11810.62240 F7200
G1 X50.000 Y160.000 E11810.79702 F7200
G1 X50.000 Y155.000 E11810.97163 F7200
G1 X50.000 Y150.000 E11811.14625 F7200
G1 X50.000 Y145.000 E11811.32086 F7200
G1 X50.000 Y140.000 E11811.49548 F7200
G1 X50.000 Y135.000 E11811.67010 F7200
G1 X50.000 Y130.000 E11811.84471 F7200
G1 X50.000 Y125.000 E11812.01933 F7200
G1 X50.000 Y120.000 E11812.19394 F7200
G1 X50.000 Y115.000 E11812.36856 F7200
G1 X50.000 Y110.000 E11812.54317 F7200
G1 X50.000 Y105.000 E11812.71779 F7200
G1 X50.000 Y100.000 E11812.89241 F7200
G1 X50.000 Y95.000 E11813.06702 F7200
G1 X50.000 Y90.000 E11813.24164 F7200
G1 X50.000 Y85.000 E11813.41625 F7200
G1 X50.000 Y80.000 E11813.59087 F7200
G1 X50.000 Y75.000 E11813.76548 F7200
G1 X50.000 Y70.000 E11813.94010 F7200
G1 X50.000 Y65.000 E11814.11472 F7200
G1 X50.000 Y60.000 E11814.28933 F7200
G1 X50.000 Y55.000 E11814.46395 F7200
G1 X50.000 Y50.000 E11814.63856 F7200
;TYPE:Sparse infill
G1 X51.000 Y51.000 F12000
G1 X169.000 Y51.000 E11818.75949 F15000
G1 X169.000 Y56.000 F12000
G1 X51.000 Y56.000 E11822.88042 F15000
G1 X51.000 Y61.000 F12000
G1 X169.000 Y61.000 E11827.00136 F15000
G1 X169.000 Y66.000 F12000
G1 X51.000 Y66.000 E11831.12229 F15000
G1 X51.000 Y71.000 F12000
G1 X169.000 Y71.000 E11835.24322 F15000
G1 X169.000 Y76.000 F12000
G1 X51.000 Y76.000 E11839.36415 F15000
G1 X51.000 Y81.000 F12000
G1 X169.000 Y81.000 E11843.48508 F15000
G1 X169.000 Y86.000 F12000
G1 X51.000 Y86.000 E11847.60601 F15000
G1 X51.000 Y91.000 F12000
G1 X169.000 Y91.000 E11851.72694 F15000
G1 X169.000 Y96.000 F12000
G1 X51.000 Y96.000 E11855.84787 F15000
G1 X51.000 Y101.000 F12000
G1 X169.000 Y101.000 E11859.96880 F15000
G1 X169.000 Y106.000 F12000
G1 X51.000 Y106.000 E11864.08973 F15000
G1 X51.000 Y111.000 F12000
G1 X169.000 Y111.000 E11868.21066 F15000
G1 X169.000 Y116.000 F12000
G1 X51.000 Y116.000 E11872.33159 F15000
G1 X51.000 Y121.000 F12000
G1 X169.000 Y121.000 E11876.45252 F15000
G1 X169.000 Y126.000 F12000
G1 X51.000 Y126.000 E11880.57345 F15000
G1 X51.000 Y131.000 F12000
G1 X169.000 Y131.000 E11884.69439 F15000
G1 X169.000 Y136.000 F12000
G1 X51.000 Y136.000 E11888.81532 F15000
G1 X51.000 Y141.000 F12000
G1 X169.000 Y141.000 E11892.93625 F15000
G1 X169.000 Y146.000 F12000
G1 X51.000 Y146.000 E11897.05718 F15000
G1 X51.000 Y151.000 F12000
G1 X169.000 Y151.000 E11901.17811 F15000
G1 X169.000 Y156.000 F12000
G1 X51.000 Y156.000 E11905.29904 F15000
G1 X51.000 Y161.000 F12000
G1 X169.000 Y161.000 E11909.41997 F15000
G1 X169.000 Y166.000 F12000
G1 X51.000 Y166.000 E11913.54090 F15000
;LAYER_CHANGE
;Z:20.800
G1 Z20.800 F600
;TYPE:Outer wall
G1 X50.000 Y50.000 F7200
G1 X55.000 Y50.000 E11913.71552 F7200
G1 X60.000 Y50.000 E11913.89013 F7200
G1 X65.000 Y50.000 E11914.06475 F7200
G1 X70.000 Y50.000 E11914.23936 F7200
G1 X75.000 Y50.000 E11914.41398 F7200
G1 X80.000 Y50.000 E11914.58859 F7200
G1 X85.000 Y50.000 E11914.76321 F7200
G1 X90.000 Y50.000 E11914.93783 F7200
G1 X95.000 Y50.000 E11915.11244 F7200
G1 X100.000 Y50.000 E11915.28706 F7200
G1 X105.000 Y50.000 E11915.46167 F7200
G1 X110.000 Y50.000 E11915.63629 F7200
G1 X115.000 Y50.000 E11915.81090 F7200
G1 X120.000 Y50.000 E11915.98552 F7200
G1 X125.000 Y50.000 E11916.16014 F7200
G1 X130.000 Y50.000 E11916.33475 F7200
G1 X135.000 Y50.000 E11916.50937 F7200
G1 X140.000 Y50.000 E11916.68398 F7200
G1 X145.000 Y50.000 E11916.85860 F7200
G1 X150.000 Y50.000 E11917.03321 F7200
G1 X155.000 Y50.000 E11917.20783 F7200
G1 X160.000 Y50.000 E11917.38245 F7200
G1 X165.000 Y50.000 E11917.55706 F7200
G1 X170.000 Y50.000 E11917.73168 F7200
G1 X170.000 Y55.000 E11917.90629 F7200
G1 X170.000 Y60.000 E11918.08091 F7200
G1 X170.000 Y65.000 E11918.25552 F7200
G1 X170.000 Y70.000 E11918.43014 F7200
G1 X170.000 Y75.000 E11918.60476 F7200
G1 X170.000 Y80.000 E11918.77937 F7200
G1 X170.000 Y85.000 E11918.95399 F7200
G1 X170.000 Y90.000 E11919.12860 F7200
G1 X170.000 Y95.000 E11919.30322 F7200
G1 X170.000 Y100.000 E11919.47783 F7200
G1 X170.000 Y105.000 E11919.65245 F7200
G1 X170.000 Y110.000 E11919.82707 F7200
G1 X170.000 Y115.000 E11920.00168 F7200
G1 X170.000 Y120.000 E11920.17630 F7200
G1 X170.000 Y125.000 E11920.35091 F7200
G1 X170.000 Y130.000 E11920.52553 F7200
G1 X170.000 Y135.000 E11920.70014 F7200
G1 X170.000 Y140.000 E11920.87476 F7200
G1 X170.000 Y145.000 E11921.04938 F7200
G1 X170.000 Y150.000 E11921.22399 F7200
G1 X170.000 Y155.000 E11921.39861 F7200
G1 X170.000 Y160.000 E11921.57322 F7200
G1 X170.000 Y165.000 E11921.74784 F7200
G1 X170.000 Y170.000 E11921.92245 F7200
G1 X165.000 Y170.000 E11922.09707 F7200
G1 X160.000 Y170.000 E11922.27169 F7200
G1 X155.000 Y170.000 E11922.44630 F7200
G1 X150.000 Y170.000 E11922.62092 F7200
G1 X145.000 Y170.000 E11922.79553 F7200
G1 X140.000 Y170.000 E11922.97015 F7200
G1 X135.000 Y170.000 E11923.14476 F7200
G1 X130.000 Y170.000 E11923.31938 F7200
G1 X125.000 Y170.000 E11923.49400 F7200
G1 X120.000 Y170.000 E11923.66861 F7200
G1 X115.000 Y170.000 E11923.84323 F7200
G1 X110.000 Y170.000 E11924.01784 F7200
G1 X105.000 Y170.000 E11924.19246 F7200
G1 X100.000 Y170.000 E11924.36707 F7200
G1 X95.000 Y170.000 E11924.54169 F7200
G1 X90.000 Y170.000 E11924.71631 F7200
G1 X85.000 Y170.000 E11924.89092 F7200
G1 X80.000 Y170.000 E11925.06554 F7200
G1 X75.000 Y170.000 E11925.24015 F7200
G1 X70.000 Y170.000 E11925.41477 F7200
G1 X65.000 Y170.000 E11925.58938 F7200
G1 X60.000 Y170.000 E11925.76400 F7200
G1 X55.000 Y170.000 E11925.93862 F7200
G1 X50.000 Y170.000 E11926.11323 F7200
G1 X50.000 Y165.000 E11926.28785 F7200
G1 X50.000 Y160.000 E11926.46246 F7200
G1 X50.000 Y155.000 E11926.63708 F7200
G1 X50.000 Y150.000 E11926.81169 F7200
G1 X50.000 Y145.000 E11926.98631 F7200
G1 X50.000 Y140.000 E11927.16093 F7200
G1 X50.000 Y135.000 E11927.33554 F7200
G1 X50.000 Y130.000 E11927.51016 F7200
G1 X50.000 Y125.000 E11927.68477 F7200
G1 X50.000 Y120.000 E11927.85939 F7200
G1 X50.000 Y115.000 E11928.03400 F7200
G1 X50.000 Y110.000 E11928.20862 F7200
G1 X50.000 Y105.000 E11928.38324 F7200
G1 X50.000 Y100.000 E11928.55785 F7200
G1 X50.000 Y95.000 E11928.73247 F7200
G1 X50.000 Y90.000 E11928.90708 F7200
G1 X50.000 Y85.000 E11929.08170 F7200
G1 X50.000 Y80.000 E11929.25631 F7200
G1 X50.000 Y75.000 E11929.43093 F7200
G1 X50.000 Y70.000 E11929.60555 F7200
G1 X50.000 Y65.000 E11929.78016 F7200
G1 X50.000 Y60.000 E11929.95478 F7200
G1 X50.000 Y55.000 E11930.12939 F7200
G1 X50.000 Y50.000 E11930.30401 F7200
;TYPE:Sparse infill
G1 X51.000 Y51.000 F12000
G1 X169.000 Y51.000 E11934.42494 F15000
G1 X169.000 Y56.000 F12000
G1 X51.000 Y56.000 E11938.54587 F15000
G1 X51.000 Y61.000 F12000
G1 X169.000 Y61.000 E11942.66680 F15000
G1 X169.000 Y66.000 F12000
G1 X51.000 Y66.000 E11946.78773 F15000
G1 X51.000 Y71.000 F12000
G1 X169.000 Y71.000 E11950.90866 F15000
G1 X169.000 Y76.000 F12000
G1 X51.000 Y76.000 E11955.02959 F15000
G1 X51.000 Y81.000 F12000
G1 X169.000 Y81.000 E11959.15052 F15000
G1 X169.000 Y86.000 F12000
G1 X51.000 Y86.000 E11963.27145 F15000
G1 X51.000 Y91.000 F12000
G1 X169.000 Y91.000 E11967.39239 F15000
G1 X169.000 Y96.000 F12000
G1 X51.000 Y96.000 E11971.51332 F15000
G1 X51.000 Y101.000 F12000
G1 X169.000 Y101.000 E11975.63425 F15000
G1 X169.000 Y106.000 F12000
G1 X51.000 Y106.000 E11979.75518 F15000
G1 X51.000 Y111.000 F12000
G1 X169.000 Y111.000 E11983.87611 F15000
G1 X169.000 Y116.000 F12000
G1 X51.000 Y116.000 E11987.99704 F15000
G1 X51.000 Y121.000 F12000
G1 X169.000 Y121.000 E11992.11797 F15000
G1 X169.000 Y126.000 F12000
G1 X51.000 Y126.000 E11996.23890 F15000
G1 X51.000 Y131.000 F12000
G1 X169.000 Y131.000 E12000.35983 F15000
G1 X169.000 Y136.000 F12000
G1 X51.000 Y136.000 E12004.48076 F15000
G1 X51.000 Y141.000 F12000
G1 X169.000 Y141.000 E12008.60169 F15000
G1 X169.000 Y146.000 F12000
G1 X51.000 Y146.000 E12012.72262 F15000
G1 X51.000 Y151.000 F12000
G1 X169.000 Y151.000 E12016.84355 F15000
G1 X169.000 Y156.000 F12000
G1 X51.000 Y156.000 E12020.96448 F15000
G1 X51.000 Y161.000 F12000
G1 X169.000 Y161.000 E12025.08542 F15000
G1 X169.000 Y166.000 F12000
G1 X51.000 Y166.000 E12029.20635 F15000
;LAYER_CHANGE
;Z:21.000
G1 Z21.000 F600
;TYPE:Outer wall
G1 X50.000 Y50.000 F7200
G1 X55.000 Y50.000 E12029.38096 F7200
G1 X60.000 Y50.000 E12029.55558 F7200
G1 X65.000 Y50.000 E12029.73019 F7200
G1 X70.000 Y50.000 E12029.90481 F7200
G1 X75.000 Y50.000 E12030.07942 F7200
G1 X80.000 Y50.000 E12030.25404 F7200
G1 X85.000 Y50.000 E12030.42866 F7200
G1 X90.000 Y50.000 E12030.60327 F7200
G1 X95.000 Y50.000 E12030.77789 F7200
G1 X100.000 Y50.000 E12030.95250 F7200
G1 X105.000 Y50.000 E12031.12712 F7200
G1 X110.000 Y50.000 E12031.30173 F7200
G1 X115.000 Y50.000 E12031.47635 F7200
G1 X120.000 Y50.000 E12031.65097 F7200
G1 X125.000 Y50.000 E12031.82558 F7200
G1 X130.000 Y50.000 E12032.00020 F7200
G1 X135.000 Y50.000 E12032.17481 F7200
G1 X140.000 Y50.000 E12032.34943 F7200
G1 X145.000 Y50.000 E12032.52404 F7200
G1 X150.000 Y50.000 E12032.69866 F7200
G1 X155.000 Y50.000 E12032.87328 F7200
G1 X160.000 Y50.000 E12033.04789 F7200
G1 X165.000 Y50.000 E12033.22251 F7200
G1 X170.000 Y50.000 E12033.39712 F7200
G1 X170.000 Y55.000 E12033.57174 F7200
G1 X170.000 Y60.000 E12033.74635 F7200
G1 X170.000 Y65.000 E12033.92097 F7200
G1 X170.000 Y70.000 E12034.09559 F7200
G1 X170.000 Y75.000 E12034.27020 F7200
G1 X170.000 Y80.000 E12034.44482 F7200
G1 X170.000 Y85.000 E12034.61943 F7200
G1 X170.000 Y90.000 E12034.79405 F7200
G1 X170.000 Y95.000 E12034.96866 F7200
G1 X170.000 Y100.000 E12035.14328 F7200
G1 X170.000 Y105.000 E12035.31790 F7200
G1 X170.000 Y110.000 E12035.49251 F7200
G1 X170.000 Y115.000 E12035.66713 F7200
G1 X170.000 Y120.000 E12035.84174 F7200
G1 X170.000 Y125.000 E12036.01636 F7200
G1 X170.000 Y130.000 E12036.19097 F7200
G1 X170.000 Y135.000 E12036.36559 F7200
G1 X170.000 Y140.000 E12036.54021 F7200
G1 X170.000 Y145.000 E12036.71482 F7200
G1 X170.000 Y150.000 E12036.88944 F7200
G1 X170.000 Y155.000 E12037.06405 F7200
G1 X170.000 Y160.000 E12037.23867 F7200
G1 X170.000 Y165.000 E12037.41328 F7200
G1 X170.000 Y170.000 E12037.58790 F7200
G1 X165.000 Y170.000 E12037.76252 F7200
G1 X160.000 Y170.000 E12037.93713 F7200
G1 X155.000 Y170.000 E12038.11175 F7200
G1 X150.000 Y170.000 E12038.28636 F7200
G1 X145.000 Y170.000 E12038.46098 F7200
G1 X140.000 Y170.000 E12038.63559 F7200
G1 X135.000 Y170.000 E12038.81021 F7200
G1 X130.000 Y170.000 E12038.98483 F7200
G1 X125.000 Y170.000 E12039.15944 F7200
G1 X120.000 Y170.000 E12039.33406 F7200
G1 X115.000 Y170.000 E12039.50867 F7200
G1 X110.000 Y170.000 E12039.68329 F7200
G1 X105.000 Y170.000 E12039.85790 F7200
G1 X100.000 Y170.000 E12040.03252 F7200
G1 X95.000 Y170.000 E12040.20714 F7200
G1 X90.000 Y170.000 E12040.38175 F7200
G1 X85.000 Y170.000 E12040.55637 F7200
G1 X80.000 Y170.000 E12040.73098 F7200
G1 X75.000 Y170.000 E12040.90560 F7200
G1 X70.000 Y170.000 E12041.08021 F7200
G1 X65.000 Y170.000 E12041.25483 F7200
G1 X60.000 Y170.000 E12041.42945 F7200
G1 X55.000 Y170.000 E12041.60406 F7200
G1 X50.000 Y170.000 E12041.77868 F7200
G1 X50.000 Y165.000 E12041.95329 F7200
G1 X50.000 Y160.000 E12042.12791 F7200
G1 X50.000 Y155.000 E12042.30252 F7200
G1 X50.000 Y150.000 E12042.47714 F7200
G1 X50.000 Y145.000 E12042.65176 F7200
G1 X50.000 Y140.000 E12042.82637 F7200
G1 X50.000 Y135.000 E12043.00099 F7200
G1 X50.000 Y130.000 E12043.17560 F7200
G1 X50.000 Y125.000 E12043.35022 F7200
G1 X50.000 Y120.000 E12043.52483 F7200
G1 X50.000 Y115.000 E12043.69945 F7200
G1 X50.000 Y110.000 E12043.87407 F7200
G1 X50.000 Y105.000 E12044.04868 F7200
G1 X50.000 Y100.000 E12044.22330 F7200
G1 X50.000 Y95.000 E12044.39791 F7200
G1 X50.000 Y90.000 E12044.57253 F7200
G1 X50.000 Y85.000 E12044.74714 F7200
G1 X50.000 Y80.000 E12044.92176 F7200
G1 X50.000 Y75.000 E12045.09638 F7200
G1 X50.000 Y70.000 E12045.27099 F7200
G1 X50.000 Y65.000 E12045.44561 F7200
G1 X50.000 Y60.000 E12045.62022 F7200
G1 X50.000 Y55.000 E12045.79484 F7200
G1 X50.000 Y50.000 E12045.96945 F7200
;TYPE:Sparse infill
G1 X51.000 Y51.000 F12000
G1 X169.000 Y51.000 E12050.09038 F15000
G1 X169.000 Y56.000 F12000
G1 X51.000 Y56.000 E12054.21132 F15000
G1 X51.000 Y61.000 F12000
G1 X169.000 Y61.000 E12058.33225 F15000
G1 X169.000 Y66.000 F12000
G1 X51.000 Y66.000 E12062.45318 F15000
G1 X51.000 Y71.000 F12000
G1 X169.000 Y71.000 E12066.57411 F15000
G1 X169.000 Y76.000 F12000
G1 X51.000 Y76.000 E12070.69504 F15000
G1 X51.000 Y81.000 F12000
G1 X169.000 Y81.000 E12074.81597 F15000
G1 X169.000 Y86.000 F12000
G1 X51.000 Y86.000 E12078.93690 F15000
G1 X51.000 Y91.000 F12000
G1 X169.000 Y91.000 E12083.05783 F15000
G1 X169.000 Y96.000 F12000
G1 X51.000 Y96.000 E12087.17876 F15000
G1 X51.000 Y101.000 F12000
G1 X169.000 Y101.000 E12091.29969 F15000
G1 X169.000 Y106.000 F12000
G1 X51.000 Y106.000 E12095.42062 F15000
G1 X51.000 Y111.000 F12000
G1 X169.000 Y111.000 E12099.54155 F15000
G1 X169.000 Y116.000 F12000
G1 X51.000 Y116.000 E12103.66248 F15000
G1 X51.000 Y121.000 F12000
G1 X169.000 Y121.000 E12107.78342 F15000
G1 X169.000 Y126.000 F12000
G1 X51.000 Y126.000 E12111.90435 F15000
G1 X51.000 Y131.000 F12000
G1 X169.000 Y131.000 E12116.02528 F15000
G1 X169.000 Y136.000 F12000
G1 X51.000 Y136.000 E12120.14621 F15000
G1 X51.000 Y141.000 F12000
G1 X169.000 Y141.000 E12124.26714 F15000
G1 X169.000 Y146.000 F12000
G1 X51.000 Y146.000 E12128.38807 F15000
G1 X51.000 Y151.000 F12000
G1 X169.000 Y151.000 E12132.50900 F15000
G1 X169.000 Y156.000 F12000
G1 X51.000 Y156.000 E12136.62993 F15000
G1 X51.000 Y161.000 F12000
G1 X169.000 Y161.000 E12140.75086 F15000
G1 X169.000 Y166.000 F12000
G1 X51.000 Y166.000 E12144.87179 F15000
;LAYER_CHANGE
;Z:21.200
G1 Z21.200 F600
;TYPE:Outer wall
G1 X50.000 Y50.000 F7200
G1 X55.000 Y50.000 E12145.04641 F7200
G1 X60.000 Y50.000 E12145.22102 F7200
G1 X65.000 Y50.000 E12145.39564 F7200
G1 X70.000 Y50.000 E12145.57025 F7200
G1 X75.000 Y50.000 E12145.74487 F7200
G1 X80.000 Y50.000 E12145.91949 F7200
G1 X85.000 Y50.000 E12146.09410 F7200
G1 X90.000 Y50.000 E12146.26872 F7200
G1 X95.000 Y50.000 E12146.44333 F7200
G1 X100.000 Y50.000 E12146.61795 F7200
G1 X105.000 Y50.000 E12146.79256 F7200
G1 X110.000 Y50.000 E12146.96718 F7200
G1 X115.000 Y50.000 E12147.14180 F7200
G1 X120.000 Y50.000 E12147.31641 F7200
G1 X125.000 Y50.000 E12147.49103 F7200
G1 X130.000 Y50.000 E12147.66564 F7200
G1 X135.000 Y50.000 E12147.84026 F7200
G1 X140.000 Y50.000 E12148.01487 F7200
G1 X145.000 Y50.000 E12148.18949 F7200
G1 X150.000 Y50.000 E12148.36411 F7200
G1 X155.000 Y50.000 E12148.53872 F7200
G1 X160.000 Y50.000 E12148.71334 F7200
G1 X165.000 Y50.000 E12148.88795 F7200
G1 X170.000 Y50.000 E12149.06257 F7200
G1 X170.000 Y55.000 E12149.23718 F7200
G1 X170.000 Y60.000 E12149.41180 F7200
G1 X170.000 Y65.000 E12149.58642 F7200
G1 X170.000 Y70.000 E12149.76103 F7200
G1 X170.000 Y75.000 E12149.93565 F7200
G1 X170.000 Y80.000 E12150.11026 F7200
G1 X170.000 Y85.000 E12150.28488 F7200
G1 X170.000 Y90.000 E12150.45949 F7200
G1 X170.000 Y95.000 E12150.63411 F7200
G1 X170.000 Y100.000 E12150.80873 F7200
G1 X170.000 Y105.000 E12150.98334 F7200
G1 X170.000 Y110.000 E12151.15796 F7200
G1 X170.000 Y115.000 E12151.33257 F7200
G1 X170.000 Y120.000 E12151.50719 F7200
G1 X170.000 Y125.000 E12151.68180 F7200
G1 X170.000 Y130.000 E12151.85642 F7200
G1 X170.000 Y135.000 E12152.03104 F7200
G1 X170.000 Y140.000 E12152.20565 F7200
G1 X170.000 Y145.000 E12152.38027 F7200
G1 X170.000 Y150.000 E12152.55488 F7200
G1 X170.000 Y155.000 E12152.72950 F7200
G1 X170.000 Y160.000 E12152.90411 F7200
G1 X170.000 Y165.000 E12153.07873 F7200
G1 X170.000 Y170.000 E12153.25335 F7200
G1 X165.000 Y170.000 E12153.42796 F7200
G1 X160.000 Y170.000 E12153.60258 F7200
G1 X155.000 Y170.000 E12153.77719 F7200
G1 X150.000 Y170.000 E12153.95181 F7200
G1 X145.000 Y170.000 E12154.12642 F7200
G1 X140.000 Y170.000 E12154.30104 F7200
G1 X135.000 Y170.000 E12154.47566 F7200
G1 X130.000 Y170.000 E12154.65027 F7200
G1 X125.000 Y170.000 E12154.82489 F7200
G1 X120.000 Y170.000 E12154.99950 F7200
G1 X115.000 Y170.000 E12155.17412 F7200
G1 X110.000 Y170.000 E12155.34873 F7200
G1 X105.000 Y170.000 E12155.52335 F7200
G1 X100.000 Y170.000 E12155.69797 F7200
G1 X95.000 Y170.000 E12155.87258 F7200
G1 X90.000 Y170.000 E12156.04720 F7200
G1 X85.000 Y170.000 E12156.22181 F7200
G1 X80.000 Y170.000 E12156.39643 F7200
G1 X75.000 Y170.000 E12156.57104 F7200
G1 X70.000 Y170.000 E12156.74566 F7200
G1 X65.000 Y170.000 E12156.92028 F7200
G1 X60.000 Y170.000 E12157.09489 F7200
G1 X55.000 Y170.000 E12157.26951 F7200
G1 X50.000 Y170.000 E12157.44412 F7200
G1 X50.000 Y165.000 E12157.61874 F7200
G1 X50.000 Y160.000 E12157.79335 F7200
G1 X50.000 Y155.000 E12157.96797 F7200
G1 X50.000 Y150.000 E12158.14259 F7200
G1 X50.000 Y145.000 E12158.31720 F7200
G1 X50.000 Y140.000 E12158.49182 F7200
G1 X50.000 Y135.000 E12158.66643 F7200
G1 X50.000 Y130.000 E12158.84105 F7200
G1 X50.000 Y125.000 E12159.01566 F7200
G1 X50.000 Y120.000 E12159.19028 F7200
G1 X50.000 Y115.000 E12159.36490 F7200
G1 X50.000 Y110.000 E12159.53951 F7200
G1 X50.000 Y105.000 E12159.71413 F7200
G1 X50.000 Y100.000 E12159.88874 F7200
G1 X50.000 Y95.000 E12160.06336 F7200
G1 X50.000 Y90.000 E12160.23797 F7200
G1 X50.000 Y85.000 E12160.41259 F7200
G1 X50.000 Y80.000 E12160.58721 F7200
G1 X50.000 Y75.000 E12160.76182 F7200
G1 X50.000 Y70.000 E12160.93644 F7200
G1 X50.000 Y65.000 E12161.11105 F7200
G1 X50.000 Y60.000 E12161.28567 F7200
G1 X50.000 Y55.000 E12161.46028 F7200
G1 X50.000 Y50.000 E12161.63490 F7200
;TYPE:Sparse infill
G1 X51.000 Y51.000 F12000
G1 X169.000 Y51.000 E12165.75583 F15000
G1 X169.000 Y56.000 F12000
G1 X51.000 Y56.000 E12169.87676 F15000
G1 X51.000 Y61.000 F12000
G1 X169.000 Y61.000 E12173.99769 F15000
G1 X169.000 Y66.000 F12000
G1 X51.000 Y66.000 E12178.11862 F15000
G1 X51.000 Y71.000 F12000
G1 X169.000 Y71.000 E12182.23955 F15000
G1 X169.000 Y76.000 F12000
G1 X51.000 Y76.000 E12186.36048 F15000
G1 X51.000 Y81.000 F12000
G1 X169.000 Y81.000 E12190.48142 F15000
G1 X169.000 Y86.000 F12000
G1 X51.000 Y86.000 E12194.60235 F15000
G1 X51.000 Y91.000 F12000
G1 X169.000 Y91.000 E12198.72328 F15000
G1 X169.000 Y96.000 F12000
G1 X51.000 Y96.000 E12202.84421 F15000
G1 X51.000 Y101.000 F12000
G1 X169.000 Y101.000 E12206.96514 F15000
G1 X169.000 Y106.000 F12000
G1 X51.000 Y106.000 E12211.08607 F15000
G1 X51.000 Y111.000 F12000
G1 X169.000 Y111.000 E12215.20700 F15000
G1 X169.000 Y116.000 F12000
G1 X51.000 Y116.000 E12219.32793 F15000
G1 X51.000 Y121.000 F12000
G1 X169.000 Y121.000 E12223.44886 F15000
G1 X169.000 Y126.000 F12000
G1 X51.000 Y126.000 E12227.56979 F15000
G1 X51.000 Y131.000 F12000
G1 X169.000 Y131.000 E12231.69072 F15000
G1 X169.000 Y136.000 F12000
G1 X51.000 Y136.000 E12235.81165 F15000
G1 X51.000 Y141.000 F12000
G1 X169.000 Y141.000 E12239.93258 F15000
G1 X169.000 Y146.000 F12000
G1 X51.000 Y146.000 E12244.05351 F15000
G1 X51.000 Y151.000 F12000
G1 X169.000 Y151.000 E12248.17445 F15000
G1 X169.000 Y156.000 F12000
G1 X51.000 Y156.000 E12252.29538 F15000
G1 X51.000 Y161.000 F12000
G1 X169.000 Y161.000 E12256.41631 F15000
G1 X169.000 Y166.000 F12000
G1 X51.000 Y166.000 E12260.53724 F15000
;LAYER_CHANGE
;Z:21.400
G1 Z21.400 F600
;TYPE:Outer wall
G1 X50.000 Y50.000 F7200
G1 X55.000 Y50.000 E12260.71185 F7200
G1 X60.000 Y50.000 E12260.88647 F7200
G1 X65.000 Y50.000 E12261.06108 F7200
G1 X70.000 Y50.000 E12261.23570 F7200
G1 X75.000 Y50.000 E12261.41032 F7200
G1 X80.000 Y50.000 E12261.58493 F7200
G1 X85.000 Y50.000 E12261.75955 F7200
G1 X90.000 Y50.000 E12261.93416 F7200
G1 X95.000 Y50.000 E12262.10878 F7200
G1 X100.000 Y50.000 E12262.28339 F7200
G1 X105.000 Y50.000 E12262.45801 F7200
G1 X110.000 Y50.000 E12262.63263 F7200
G1 X115.000 Y50.000 E12262.80724 F7200
G1 X120.000 Y50.000 E12262.98186 F7200
G1 X125.000 Y50.000 E12263.15647 F7200
G1 X130.000 Y50.000 E12263.33109 F7200
G1 X135.000 Y50.000 E12263.50570 F7200
G1 X140.000 Y50.000 E12263.68032 F7200
G1 X145.000 Y50.000 E12263.85494 F7200
G1 X150.000 Y50.000 E12264.02955 F7200
G1 X155.000 Y50.000 E12264.20417 F7200
G1 X160.000 Y50.000 E12264.37878 F7200
G1 X165.000 Y50.000 E12264.55340 F7200
G1 X170.000 Y50.000 E12264.72801 F7200
G1 X170.000 Y55.000 E12264.90263 F7200
G1 X170.000 Y60.000 E12265.07725 F7200
G1 X170.000 Y65.000 E12265.25186 F7200
G1 X170.000 Y70.000 E12265.42648 F7200
G1 X170.000 Y75.000 E12265.60109 F7200
G1 X170.000 Y80.000 E12265.77571 F7200
G1 X170.000 Y85.000 E12265.95032 F7200
G1 X170.000 Y90.000 E12266.12494 F7200
G1 X170.000 Y95.000 E12266.29956 F7200
G1 X170.000 Y100.000 E12266.47417 F7200
G1 X170.000 Y105.000 E12266.64879 F7200
G1 X170.000 Y110.000 E12266.82340 F7200
G1 X170.000 Y115.000 E12266.99802 F7200
G1 X170.000 Y120.000 E12267.17263 F7200
G1 X170.000 Y125.000 E12267.34725 F7200
G1 X170.000 Y130.000 E12267.52187 F7200
G1 X170.000 Y135.000 E12267.69648 F7200
G1 X170.000 Y140.000 E12267.87110 F7200
G1 X170.000 Y145.000 E12268.04571 F7200
G1 X170.000 Y150.000 E12268.22033 F7200
G1 X170.000 Y155.000 E12268.39494 F7200
G1 X170.000 Y160.000 E12268.56956 F7200
G1 X170.000 Y165.000 E12268.74418 F7200
G1 X170.000 Y170.000 E12268.91879 F7200
G1 X165.000 Y170.000 E12269.09341 F7200
G1 X160.000 Y170.000 E12269.26802 F7200
G1 X155.000 Y170.000 E12269.44264 F7200
G1 X150.000 Y170.000 E12269.61725 F7200
G1 X145.000 Y170.000 E12269.79187 F7200
G1 X140.000 Y170.000 E12269.96649 F7200
G1 X135.000 Y170.000 E12270.14110 F7200
G1 X130.000 Y170.000 E12270.31572 F7200
G1 X125.000 Y170.000 E12270.49033 F7200
G1 X120.000 Y170.000 E12270.66495 F7200
G1 X115.000 Y170.000 E12270.83956 F7200
G1 X110.000 Y170.000 E12271.01418 F7200
G1 X105.000 Y170.000 E12271.18880 F7200
G1 X100.000 Y170.000 E12271.36341 F7200
G1 X95.000 Y170.000 E12271.53803 F7200
G1 X90.000 Y170.000 E12271.71264 F7200
G1 X85.000 Y170.000 E12271.88726 F7200
G1 X80.000 Y170.000 E12272.06187 F7200
G1 X75.000 Y170.000 E12272.23649 F7200
G1 X70.000 Y170.000 E12272.41111 F7200
G1 X65.000 Y170.000 E12272.58572 F7200
G1 X60.000 Y170.000 E12272.76034 F7200
G1 X55.000 Y170.000 E12272.93495 F7200
G1 X50.000 Y170.000 E12273.10957 F7200
G1 X50.000 Y165.000 E12273.28418 F7200
G1 X50.000 Y160.000 E12273.45880 F7200
G1 X50.000 Y155.000 E12273.63342 F7200
G1 X50.000 Y150.000 E12273.80803 F7200
G1 X50.000 Y145.000 E12273.98265 F7200
G1 X50.000 Y140.000 E12274.15726 F7200
G1 X50.000 Y135.000 E12274.33188 F7200
G1 X50.000 Y130.000 E12274.50649 F7200
G1 X50.000 Y125.000 E12274.68111 F7200
G1 X50.000 Y120.000 E12274.85573 F7200
G1 X50.000 Y115.000 E12275.03034 F7200
G1 X50.000 Y110.000 E12275.20496 F7200
G1 X50.000 Y105.000 E12275.37957 F7200
G1 X50.000 Y100.000 E12275.55419 F7200
G1 X50.000 Y95.000 E12275.72880 F7200
G1 X50.000 Y90.000 E12275.90342 F7200
G1 X50.000 Y85.000 E12276.07804 F7200
G1 X50.000 Y80.000 E12276.25265 F7200
G1 X50.000 Y75.000 E12276.42727 F7200
G1 X50.000 Y70.000 E12276.60188 F7200
G1 X50.000 Y65.000 E12276.77650 F7200
G1 X50.000 Y60.000 E12276.95111 F7200
G1 X50.000 Y55.000 E12277.12573 F7200
G1 X50.000 Y50.000 E12277.30035 F7200
;TYPE:Sparse infill
G1 X51.000 Y51.000 F12000
G1 X169.000 Y51.000 E12281.42128 F15000
G1 X169.000 Y56.000 F12000
G1 X51.000 Y56.000 E12285.54221 F15000
G1 X51.000 Y61.000 F12000
G1 X169.000 Y61.000 E12289.66314 F15000
G1 X169.000 Y66.000 F12000
G1 X51.000 Y66.000 E12293.78407 F15000
G1 X51.000 Y71.000 F12000
G1 X169.000 Y71.000 E12297.90500 F15000
G1 X169.000 Y76.000 F12000
G1 X51.000 Y76.000 E12302.02593 F15000
G1 X51.000 Y81.000 F12000
G1 X169.000 Y81.000 E12306.14686 F15000
G1 X169.000 Y86.000 F12000
G1 X51.000 Y86.000 E12310.26779 F15000
G1 X51.000 Y91.000 F12000
G1 X169.000 Y91.000 E12314.38872 F15000
G1 X169.000 Y96.000 F12000
G1 X51.000 Y96.000 E12318.50965 F15000
G1 X51.000 Y101.000 F12000
G1 X169.000 Y101.000 E12322.63058 F15000
G1 X169.000 Y106.000 F12000
G1 X51.000 Y106.000 E12326.75151 F15000
G1 X51.000 Y111.000 F12000
G1 X169.000 Y111.000 E12330.87245 F15000
G1 X169.000 Y116.000 F12000
G1 X51.000 Y116.000 E12334.99338 F15000
G1 X51.000 Y121.000 F12000
G1 X169.000 Y121.000 E12339.11431 F15000
G1 X169.000 Y126.000 F12000
G1 X51.000 Y126.000 E12343.23524 F15000
G1 X51.000 Y131.000 F12000
G1 X169.000 Y131.000 E12347.35617 F15000
G1 X169.000 Y136.000 F12000
G1 X51.000 Y136.000 E12351.47710 F15000
G1 X51.000 Y141.000 F12000
G1 X169.000 Y141.000 E12355.59803 F15000
G1 X169.000 Y146.000 F12000
G1 X51.000 Y146.000 E12359.71896 F15000
G1 X51.000 Y151.000 F12000
G1 X169.000 Y151.000 E12363.83989 F15000
G1 X169.000 Y156.000 F12000
G1 X51.000 Y156.000 E12367.96082 F15000
G1 X51.000 Y161.000 F12000
G1 X169.000 Y161.000 E12372.08175 F15000
G1 X169.000 Y166.000 F12000
G1 X51.000 Y166.000 E12376.20268 F15000
;LAYER_CHANGE
;Z:21.600
G1 Z21.600 F600
;TYPE:Outer wall
G1 X50.000 Y50.000 F7200
G1 X55.000 Y50.000 E12376.37730 F7200
G1 X60.000 Y50.000 E12376.55191 F7200
G1 X65.000 Y50.000 E12376.72653 F7200
G1 X70.000 Y50.000 E12376.90115 F7200
G1 X75.000 Y50.000 E12377.07576 F7200
G1 X80.000 Y50.000 E12377.25038 F7200
G1 X85.000 Y50.000 E12377.42499 F7200
G1 X90.000 Y50.000 E12377.59961 F7200
G1 X95.000 Y50.000 E12377.77422 F7200
G1 X100.000 Y50.000 E12377.94884 F7200
G1 X105.000 Y50.000 E12378.12346 F7200
G1 X110.000 Y50.000 E12378.29807 F7200
G1 X115.000 Y50.000 E12378.47269 F7200
G1 X120.000 Y50.000 E12378.64730 F7200
G1 X125.000 Y50.000 E12378.82192 F7200
G1 X130.000 Y50.000 E12378.99653 F7200
G1 X135.000 Y50.000 E12379.17115 F7200
G1 X140.000 Y50.000 E12379.34577 F7200
G1 X145.000 Y50.000 E12379.52038 F7200
G1 X150.000 Y50.000 E12379.69500 F7200
G1 X155.000 Y50.000 E12379.86961 F7200
G1 X160.000 Y50.000 E12380.04423 F7200
G1 X165.000 Y50.000 E12380.21884 F7200
G1 X170.000 Y50.000 E12380.39346 F7200
G1 X170.000 Y55.000 E12380.56808 F7200
G1 X170.000 Y60.000 E12380.74269 F7200
G1 X170.000 Y65.000 E12380.91731 F7200
G1 X170.000 Y70.000 E12381.09192 F7200
G1 X170.000 Y75.000 E12381.26654 F7200
G1 X170.000 Y80.000 E12381.44115 F7200
G1 X170.000 Y85.000 E12381.61577 F7200
G1 X170.000 Y90.000 E12381.79039 F7200
G1 X170.000 Y95.000 E12381.96500 F7200
G1 X170.000 Y100.000 E12382.13962 F7200
G1 X170.000 Y105.000 E12382.31423 F7200
G1 X170.000 Y110.000 E12382.48885 F7200
G1 X170.000 Y115.000 E12382.66346 F7200
G1 X170.000 Y120.000 E12382.83808 F7200
G1 X170.000 Y125.000 E12383.01270 F7200
G1 X170.000 Y130.000 E12383.18731 F7200
G1 X170.000 Y135.000 E12383.36193 F7200
G1 X170.000 Y140.000 E12383.53654 F7200
G1 X170.000 Y145.000 E12383.71116 F7200
G1 X170.000 Y150.000 E12383.88577 F7200
G1 X170.000 Y155.000 E12384.06039 F7200
G1 X170.000 Y160.000 E12384.23501 F7200
G1 X170.000 Y165.000 E12384.40962 F7200
G1 X170.000 Y170.000 E12384.58424 F7200
G1 X165.000 Y170.000 E12384.75885 F7200
G1 X160.000 Y170.000 E12384.93347 F7200
G1 X155.000 Y170.000 E12385.10808 F7200
G1 X150.000 Y170.000 E12385.28270 F7200
G1 X145.000 Y170.000 E12385.45732 F7200
G1 X140.000 Y170.000 E12385.63193 F7200
G1 X135.000 Y170.000 E12385.80655 F7200
G1 X130.000 Y170.000 E12385.98116 F7200
G1 X125.000 Y170.000 E12386.15578 F7200
G1 X120.000 Y170.000 E12386.33039 F7200
G1 X115.000 Y170.000 E12386.50501 F7200
G1 X110.000 Y170.000 E12386.67963 F7200
G1 X105.000 Y170.000 E12386.85424 F7200
G1 X100.000 Y170.000 E12387.02886 F7200
G1 X95.000 Y170.000 E12387.20347 F7200
G1 X90.000 Y170.000 E12387.37809 F7200
G1 X85.000 Y170.000 E12387.55270 F7200
G1 X80.000 Y170.000 E12387.72732 F7200
G1 X75.000 Y170.000 E12387.90194 F7200
G1 X70.000 Y170.000 E12388.07655 F7200
G1 X65.000 Y170.000 E12388.25117 F7200
G1 X60.000 Y170.000 E12388.42578 F7200
G1 X55.000 Y170.000 E12388.60040 F7200
G1 X50.000 Y170.000 E12388.77501 F7200
G1 X50.000 Y165.000 E12388.94963 F7200
G1 X50.000 Y160.000 E12389.12425 F7200
G1 X50.000 Y155.000 E12389.29886 F7200
G1 X50.000 Y150.000 E12389.47348 F7200
G1 X50.000 Y145.000 E12389.64809 F7200
G1 X50.000 Y140.000 E12389.82271 F7200
G1 X50.000 Y135.000 E12389.99732 F7200
G1 X50.000 Y130.000 E12390.17194 F7200
G1 X50.000 Y125.000 E12390.34656 F7200
G1 X50.000 Y120.000 E12390.52117 F7200
G1 X50.000 Y115.000 E12390.69579 F7200
G1 X50.000 Y110.000 E12390.87040 F7200
G1 X50.000 Y105.000 E12391.04502 F7200
G1 X50.000 Y100.000 E12391.21963 F7200
G1 X50.000 Y95.000 E12391.39425 F7200
G1 X50.000 Y90.000 E12391.56887 F7200
G1 X50.000 Y85.000 E12391.74348 F7200
G1 X50.000 Y80.000 E12391.91810 F7200
G1 X50.000 Y75.000 E12392.09271 F7200
G1 X50.000 Y70.000 E12392.26733 F7200
G1 X50.000 Y65.000 E12392.44194 F7200
G1 X50.000 Y60.000 E12392.61656 F7200
G1 X50.000 Y55.000 E12392.79118 F7200
G1 X50.000 Y50.000 E12392.96579 F7200
;TYPE:Sparse infill
G1 X51.000 Y51.000 F12000
G1 X169.000 Y51.000 E12397.08672 F15000
G1 X169.000 Y56.000 F12000
G1 X51.000 Y56.000 E12401.20765 F15000
G1 X51.000 Y61.000 F12000
G1 X169.000 Y61.000 E12405.32858 F15000
G1 X169.000 Y66.000 F12000
G1 X51.000 Y66.000 E12409.44951 F15000
G1 X51.000 Y71.000 F12000
G1 X169.000 Y71.000 E12413.57044 F15000
G1 X169.000 Y76.000 F12000
G1 X51.000 Y76.000 E12417.69138 F15000
G1 X51.000 Y81.000 F12000
G1 X169.000 Y81.000 E12421.81231 F15000
G1 X169.000 Y86.000 F12000
G1 X51.000 Y86.000 E12425.93324 F15000
G1 X51.000 Y91.000 F12000
G1 X169.000 Y91.000 E12430.05417 F15000
G1 X169.000 Y96.000 F12000
G1 X51.000 Y96.000 E12434.17510 F15000
G1 X51.000 Y101.000 F12000
G1 X169.000 Y101.000 E12438.29603 F15000
G1 X169.000 Y106.000 F12000
G1 X51.000 Y106.000 E12442.41696 F15000
G1 X51.000 Y111.000 F12000
G1 X169.000 Y111.000 E12446.53789 F15000
G1 X169.000 Y116.000 F12000
G1 X51.000 Y116.000 E12450.65882 F15000
G1 X51.000 Y121.000 F12000
G1 X169.000 Y121.000 E12454.77975 F15000
G1 X169.000 Y126.000 F12000
G1 X51.000 Y126.000 E12458.90068 F15000
G1 X51.000 Y131.000 F12000
G1 X169.000 Y131.000 E12463.02161 F15000
G1 X169.000 Y136.000 F12000
G1 X51.000 Y136.000 E12467.14254 F15000
G1 X51.000 Y141.000 F12000
G1 X169.000 Y141.000 E12471.26348 F15000
G1 X169.000 Y146.000 F12000
G1 X51.000 Y146.000 E12475.38441 F15000
G1 X51.000 Y151.000 F12000
G1 X169.000 Y151.000 E12479.50534 F15000
G1 X169.000 Y156.000 F12000
G1 X51.000 Y156.000 E12483.62627 F15000
G1 X51.000 Y161.000 F12000
G1 X169.000 Y161.000 E12487.74720 F15000
G1 X169.000 Y166.000 F12000
G1 X51.000 Y166.000 E12491.86813 F15000
;LAYER_CHANGE
;Z:21.800
G1 Z21.800 F600
;TYPE:Outer wall
G1 X50.000 Y50.000 F7200
G1 X55.000 Y50.000 E12492.04274 F7200
G1 X60.000 Y50.000 E12492.21736 F7200
G1 X65.000 Y50.000 E12492.39198 F7200
G1 X70.000 Y50.000 E12492.56659 F7200
G1 X75.000 Y50.000 E12492.74121 F7200
G1 X80.000 Y50.000 E12492.91582 F7200
G1 X85.000 Y50.000 E12493.09044 F7200
G1 X90.000 Y50.000 E12493.26505 F7200
G1 X95.000 Y50.000 E12493.43967 F7200
G1 X100.000 Y50.000 E12493.61429 F7200
G1 X105.000 Y50.000 E12493.78890 F7200
G1 X110.000 Y50.000 E12493.96352 F7200
G1 X115.000 Y50.000 E12494.13813 F7200
G1 X120.000 Y50.000 E12494.31275 F7200
G1 X125.000 Y50.000 E12494.48736 F7200
G1 X130.000 Y50.000 E12494.66198 F7200
G1 X135.000 Y50.000 E12494.83660 F7200
G1 X140.000 Y50.000 E12495.01121 F7200
G1 X145.000 Y50.000 E12495.18583 F7200
G1 X150.000 Y50.000 E12495.36044 F7200
G1 X155.000 Y50.000 E12495.53506 F7200
G1 X160.000 Y50.000 E12495.70967 F7200
G1 X165.000 Y50.000 E12495.88429 F7200
G1 X170.000 Y50.000 E12496.05891 F7200
G1 X170.000 Y55.000 E12496.23352 F7200
G1 X170.000 Y60.000 E12496.40814 F7200
G1 X170.000 Y65.000 E12496.58275 F7200
G1 X170.000 Y70.000 E12496.75737 F7200
G1 X170.000 Y75.000 E12496.93198 F7200
G1 X170.000 Y80.000 E12497.10660 F7200
G1 X170.000 Y85.000 E12497.28122 F7200
G1 X170.000 Y90.000 E12497.45583 F7200
G1 X170.000 Y95.000 E12497.63045 F7200
G1 X170.000 Y100.000 E12497.80506 F7200
G1 X170.000 Y105.000 E12497.97968 F7200
G1 X170.000 Y110.000 E12498.15429 F7200
G1 X170.000 Y115.000 E12498.32891 F7200
G1 X170.000 Y120.000 E12498.50353 F7200
G1 X170.000 Y125.000 E12498.67814 F7200
G1 X170.000 Y130.000 E12498.85276 F7200
G1 X170.000 Y135.000 E12499.02737 F7200
G1 X170.000 Y140.000 E12499.20199 F7200
G1 X170.000 Y145.000 E12499.37660 F7200
G1 X170.000 Y150.000 E12499.55122 F7200
G1 X170.000 Y155.000 E12499.72584 F7200
G1 X170.000 Y160.000 E12499.90045 F7200
G1 X170.000 Y165.000 E12500.07507 F7200
G1 X170.000 Y170.000 E12500.24968 F7200
G1 X165.000 Y170.000 E12500.42430 F7200
G1 X160.000 Y170.000 E12500.59891 F7200
G1 X155.000 Y170.000 E12500.77353 F7200
G1 X150.000 Y170.000 E12500.94815 F7200
G1 X145.000 Y170.000 E12501.12276 F7200
G1 X140.000 Y170.000 E12501.29738 F7200
G1 X135.000 Y170.000 E12501.47199 F7200
G1 X130.000 Y170.000 E12501.64661 F7200
G1 X125.000 Y170.000 E12501.82122 F7200
G1 X120.000 Y170.000 E12501.99584 F7200
G1 X115.000 Y170.000 E12502.17046 F7200
G1 X110.000 Y170.000 E12502.34507 F7200
G1 X105.000 Y170.000 E12502.51969 F7200
G1 X100.000 Y170.000 E12502.69430 F7200
G1 X95.000 Y170.000 E12502.86892 F7200
G1 X90.000 Y170.000 E12503.04353 F7200
G1 X85.000 Y170.000 E12503.21815 F7200
G1 X80.000 Y170.000 E12503.39277 F7200
G1 X75.000 Y170.000 E12503.56738 F7200
G1 X70.000 Y170.000 E12503.74200 F7200
G1 X65.000 Y170.000 E12503.91661 F7200
G1 X60.000 Y170.000 E12504.09123 F7200
G1 X55.000 Y170.000 E12504.26584 F7200
G1 X50.000 Y170.000 E12504.44046 F7200
G1 X50.000 Y165.000 E12504.61508 F7200
G1 X50.000 Y160.000 E12504.78969 F7200
G1 X50.000 Y155.000 E12504.96431 F7200
G1 X50.000 Y150.000 E12505.13892 F7200
G1 X50.000 Y145.000 E12505.31354 F7200
G1 X50.000 Y140.000 E12505.48815 F7200
G1 X50.000 Y135.000 E12505.66277 F7200
G1 X50.000 Y130.000 E12505.83739 F7200
G1 X50.000 Y125.000 E12506.01200 F7200
G1 X50.000 Y120.000 E12506.18662 F7200
G1 X50.000 Y115.000 E12506.36123 F7200
G1 X50.000 Y110.000 E12506.53585 F7200
G1 X50.000 Y105.000 E12506.71046 F7200
G1 X50.000 Y100.000 E12506.88508 F7200
G1 X50.000 Y95.000 E12507.05970 F7200
G1 X50.000 Y90.000 E12507.23431 F7200
G1 X50.000 Y85.000 E12507.40893 F7200
G1 X50.000 Y80.000 E12507.58354 F7200
G1 X50.000 Y75.000 E12507.75816 F7200
G1 X50.000 Y70.000 E12507.93277 F7200
G1 X50.000 Y65.000 E12508.10739 F7200
G1 X50.000 Y60.000 E12508.28201 F7200
G1 X50.000 Y55.000 E12508.45662 F7200
G1 X50.000 Y50.000 E12508.63124 F7200
;TYPE:Sparse infill
G1 X51.000 Y51.000 F12000
G1 X169.000 Y51.000 E12512.75217 F15000
G1 X169.000 Y56.000 F12000
G1 X51.000 Y56.000 E12516.87310 F15000
G1 X51.000 Y61.000 F12000
G1 X169.000 Y61.000 E12520.99403 F15000
G1 X169.000 Y66.000 F12000
G1 X51.000 Y66.000 E12525.11496 F15000
G1 X51.000 Y71.000 F12000
G1 X169.000 Y71.000 E12529.23589 F15000
G1 X169.000 Y76.000 F12000
G1 X51.000 Y76.000 E12533.35682 F15000
G1 X51.000 Y81.000 F12000
G1 X169.000 Y81.000 E12537.47775 F15000
G1 X169.000 Y86.000 F12000
G1 X51.000 Y86.000 E12541.59868 F15000
G1 X51.000 Y91.000 F12000
G1 X169.000 Y91.000 E12545.71961 F15000
G1 X169.000 Y96.000 F12000
G1 X51.000 Y96.000 E12549.84054 F15000
G1 X51.000 Y101.000 F12000
G1 X169.000 Y101.000 E12553.96147 F15000
G1 X169.000 Y106.000 F12000
G1 X51.000 Y106.000 E12558.08241 F15000
G1 X51.000 Y111.000 F12000
G1 X169.000 Y111.000 E12562.20334 F15000
G1 X169.000 Y116.000 F12000
G1 X51.000 Y116.000 E12566.32427 F15000
G1 X51.000 Y121.000 F12000
G1 X169.000 Y121.000 E12570.44520 F15000
G1 X169.000 Y126.000 F12000
G1 X51.000 Y126.000 E12574.56613 F15000
G1 X51.000 Y131.000 F12000
G1 X169.000 Y131.000 E12578.68706 F15000
G1 X169.000 Y136.000 F12000
G1 X51.000 Y136.000 E12582.80799 F15000
G1 X51.000 Y141.000 F12000
G1 X169.000 Y141.000 E12586.92892 F15000
G1 X169.000 Y146.000 F12000
G1 X51.000 Y146.000 E12591.04985 F15000
G1 X51.000 Y151.000 F12000
G1 X169.000 Y151.000 E12595.17078 F15000
G1 X169.000 Y156.000 F12000
G1 X51.000 Y156.000 E12599.29171 F15000
G1 X51.000 Y161.000 F12000
G1 X169.000 Y161.000 E12603.41264 F15000
G1 X169.000 Y166.000 F12000
G1 X51.000 Y166.000 E12607.53357 F15000
;LAYER_CHANGE
;Z:22.000
G1 Z22.000 F600
;TYPE:Outer wall
G1 X50.000 Y50.000 F7200
G1 X55.000 Y50.000 E12607.70819 F7200
G1 X60.000 Y50.000 E12607.88281 F7200
G1 X65.000 Y50.000 E12608.05742 F7200
G1 X70.000 Y50.000 E12608.23204 F7200
G1 X75.000 Y50.000 E12608.40665 F7200
G1 X80.000 Y50.000 E12608.58127 F7200
G1 X85.000 Y50.000 E12608.75588 F7200
G1 X90.000 Y50.000 E12608.93050 F7200
G1 X95.000 Y50.000 E12609.10512 F7200
G1 X100.000 Y50.000 E12609.27973 F7200
G1 X105.000 Y50.000 E12609.45435 F7200
G1 X110.000 Y50.000 E12609.62896 F7200
G1 X115.000 Y50.000 E12609.80358 F7200
G1 X120.000 Y50.000 E12609.97819 F7200
G1 X125.000 Y50.000 E12610.15281 F7200
G1 X130.000 Y50.000 E12610.32743 F7200
G1 X135.000 Y50.000 E12610.50204 F7200
G1 X140.000 Y50.000 E12610.67666 F7200
G1 X145.000 Y50.000 E12610.85127 F7200
G1 X150.000 Y50.000 E12611.02589 F7200
G1 X155.000 Y50.000 E12611.20050 F7200
G1 X160.000 Y50.000 E12611.37512 F7200
G1 X165.000 Y50.000 E12611.54974 F7200
G1 X170.000 Y50.000 E12611.72435 F7200
G1 X170.000 Y55.000 E12611.89897 F7200
G1 X170.000 Y60.000 E12612.07358 F7200
G1 X170.000 Y65.000 E12612.24820 F7200
G1 X170.000 Y70.000 E12612.42281 F7200
G1 X170.000 Y75.000 E12612.59743 F7200
G1 X170.000 Y80.000 E12612.77205 F7200
G1 X170.000 Y85.000 E12612.94666 F7200
G1 X170.000 Y90.000 E12613.12128 F7200
G1 X170.000 Y95.000 E12613.29589 F7200
G1 X170.000 Y100.000 E12613.47051 F7200
G1 X170.000 Y105.000 E12613.64512 F7200
G1 X170.000 Y110.000 E12613.81974 F7200
G1 X170.000 Y115.000 E12613.99436 F7200
G1 X170.000 Y120.000 E12614.16897 F7200
G1 X170.000 Y125.000 E12614.34359 F7200
G1 X170.000 Y130.000 E12614.51820 F7200
G1 X170.000 Y135.000 E12614.69282 F7200
G1 X170.000 Y140.000 E12614.86743 F7200
G1 X170.000 Y145.000 E12615.04205 F7200
G1 X170.000 Y150.000 E12615.21667 F7200
G1 X170.000 Y155.000 E12615.39128 F7200
G1 X170.000 Y160.000 E12615.56590 F7200
G1 X170.000 Y165.000 E12615.74051 F7200
G1 X170.000 Y170.000 E12615.91513 F7200
G1 X165.000 Y170.000 E12616.08974 F7200
G1 X160.000 Y170.000 E12616.26436 F7200
G1 X155.000 Y170.000 E12616.43898 F7200
G1 X150.000 Y170.000 E12616.61359 F7200
G1 X145.000 Y170.000 E12616.78821 F7200
G1 X140.000 Y170.000 E12616.96282 F7200
G1 X135.000 Y170.000 E12617.13744 F7200
G1 X130.000 Y170.000 E12617.31205 F7200
G1 X125.000 Y170.000 E12617.48667 F7200
G1 X120.000 Y170.000 E12617.66129 F7200
G1 X115.000 Y170.000 E12617.83590 F7200
G1 X110.000 Y170.000 E12618.01052 F7200
G1 X105.000 Y170.000 E12618.18513 F7200
G1 X100.000 Y170.000 E12618.35975 F7200
G1 X95.000 Y170.000 E12618.53436 F7200
G1 X90.000 Y170.000 E12618.70898 F7200
G1 X85.000 Y170.000 E12618.88360 F7200
G1 X80.000 Y170.000 E12619.05821 F7200
G1 X75.000 Y170.000 E12619.23283 F7200
G1 X70.000 Y170.000 E12619.40744 F7200
G1 X65.000 Y170.000 E12619.58206 F7200
G1 X60.000 Y170.000 E12619.75667 F7200
G1 X55.000 Y170.000 E12619.93129 F7200
G1 X50.000 Y170.000 E12620.10591 F7200
G1 X50.000 Y165.000 E12620.28052 F7200
G1 X50.000 Y160.000 E12620.45514 F7200
G1 X50.000 Y155.000 E12620.62975 F7200
G1 X50.000 Y150.000 E12620.80437 F7200
G1 X50.000 Y145.000 E12620.97898 F7200
G1 X50.000 Y140.000 E12621.15360 F7200
G1 X50.000 Y135.000 E12621.32822 F7200
G1 X50.000 Y130.000 E12621.50283 F7200
G1 X50.000 Y125.000 E12621.67745 F7200
G1 X50.000 Y120.000 E12621.85206 F7200
G1 X50.000 Y115.000 E12622.02668 F7200
G1 X50.000 Y110.000 E12622.20129 F7200
G1 X50.000 Y105.000 E12622.37591 F7200
G1 X50.000 Y100.000 E12622.55053 F7200
G1 X50.000 Y95.000 E12622.72514 F7200
G1 X50.000 Y90.000 E12622.89976 F7200
G1 X50.000 Y85.000 E12623.07437 F7200
G1 X50.000 Y80.000 E12623.24899 F7200
G1 X50.000 Y75.000 E12623.42360 F7200
G1 X50.000 Y70.000 E12623.59822 F7200
G1 X50.000 Y65.000 E12623.77284 F7200
G1 X50.000 Y60.000 E12623.94745 F7200
G1 X50.000 Y55.000 E12624.12207 F7200
G1 X50.000 Y50.000 E12624.29668 F7200
;TYPE:Sparse infill
G1 X51.000 Y51.000 F12000
G1 X169.000 Y51.000 E12628.41761 F15000
G1 X169.000 Y56.000 F12000
G1 X51.000 Y56.000 E12632.53854 F15000
G1 X51.000 Y61.000 F12000
G1 X169.000 Y61.000 E12636.65947 F15000
G1 X169.000 Y66.000 F12000
G1 X51.000 Y66.000 E12640.78041 F15000
G1 X51.000 Y71.000 F12000
G1 X169.000 Y71.000 E12644.90134 F15000
G1 X169.000 Y76.000 F12000
G1 X51.000 Y76.000 E12649.02227 F15000
G1 X51.000 Y81.000 F12000
G1 X169.000 Y81.000 E12653.14320 F15000
G1 X169.000 Y86.000 F12000
G1 X51.000 Y86.000 E12657.26413 F15000
G1 X51.000 Y91.000 F12000
G1 X169.000 Y91.000 E12661.38506 F15000
G1 X169.000 Y96.000 F12000
G1 X51.000 Y96.000 E12665.50599 F15000
G1 X51.000 Y101.000 F12000
G1 X169.000 Y101.000 E12669.62692 F15000
G1 X169.000 Y106.000 F12000
G1 X51.000 Y106.000 E12673.74785 F15000
G1 X51.000 Y111.000 F12000
G1 X169.000 Y111.000 E12677.86878 F15000
G1 X169.000 Y116.000 F12000
G1 X51.000 Y116.000 E12681.98971 F15000
G1 X51.000 Y121.000 F12000
G1 X169.000 Y121.000 E12686.11064 F15000
G1 X169.000 Y126.000 F12000
G1 X51.000 Y126.000 E12690.23157 F15000
G1 X51.000 Y131.000 F12000
G1 X169.000 Y131.000 E12694.35250 F15000
G1 X169.000 Y136.000 F12000
G1 X51.000 Y136.000 E12698.47344 F15000
G1 X51.000 Y141.000 F12000
G1 X169.000 Y141.000 E12702.59437 F15000
G1 X169.000 Y146.000 F12000
G1 X51.000 Y146.000 E12706.71530 F15000
G1 X51.000 Y151.000 F12000
G1 X169.000 Y151.000 E12710.83623 F15000
G1 X169.000 Y156.000 F12000
G1 X51.000 Y156.000 E12714.95716 F15000
G1 X51.000 Y161.000 F12000
G1 X169.000 Y161.000 E12719.07809 F15000
G1 X169.000 Y166.000 F12000
G1 X51.000 Y166.000 E12723.19902 F15000
;LAYER_CHANGE
;Z:22.200
G1 Z22.200 F600
;TYPE:Outer wall
G1 X50.000 Y50.000 F7200
G1 X55.000 Y50.000 E12723.37364 F7200
G1 X60.000 Y50.000 E12723.54825 F7200
G1 X65.000 Y50.000 E12723.72287 F7200
G1 X70.000 Y50.000 E12723.89748 F7200
G1 X75.000 Y50.000 E12724.07210 F7200
G1 X80.000 Y50.000 E12724.24671 F7200
G1 X85.000 Y50.000 E12724.42133 F7200
G1 X90.000 Y50.000 E12724.59595 F7200
G1 X95.000 Y50.000 E12724.77056 F7200
G1 X100.000 Y50.000 E12724.94518 F7200
G1 X105.000 Y50.000 E12725.11979 F7200
G1 X110.000 Y50.000 E12725.29441 F7200
G1 X115.000 Y50.000 E12725.46902 F7200
G1 X120.000 Y50.000 E12725.64364 F7200
G1 X125.000 Y50.000 E12725.81826 F7200
G1 X130.000 Y50.000 E12725.99287 F7200
G1 X135.000 Y50.000 E12726.16749 F7200
G1 X140.000 Y50.000 E12726.34210 F7200
G1 X145.000 Y50.000 E12726.51672 F7200
G1 X150.000 Y50.000 E12726.69133 F7200
G1 X155.000 Y50.000 E12726.86595 F7200
G1 X160.000 Y50.000 E12727.04057 F7200
G1 X165.000 Y50.000 E12727.21518 F7200
G1 X170.000 Y50.000 E12727.38980 F7200
G1 X170.000 Y55.000 E12727.56441 F7200
G1 X170.000 Y60.000 E12727.73903 F7200
G1 X170.000 Y65.000 E12727.91364 F7200
G1 X170.000 Y70.000 E12728.08826 F7200
G1 X170.000 Y75.000 E12728.26288 F7200
G1 X170.000 Y80.000 E12728.43749 F7200
G1 X170.000 Y85.000 E12728.61211 F7200
G1 X170.000 Y90.000 E12728.78672 F7200
G1 X170.000 Y95.000 E12728.96134 F7200
G1 X170.000 Y100.000 E12729.13595 F7200
G1 X170.000 Y105.000 E12729.31057 F7200
G1 X170.000 Y110.000 E12729.48519 F7200
G1 X170.000 Y115.000 E12729.65980 F7200
G1 X170.000 Y120.000 E12729.83442 F7200
G1 X170.000 Y125.000 E12730.00903 F7200
G1 X170.000 Y130.000 E12730.18365 F7200
G1 X170.000 Y135.000 E12730.35826 F7200
G1 X170.000 Y140.000 E12730.53288 F7200
G1 X170.000 Y145.000 E12730.70750 F7200
G1 X170.000 Y150.000 E12730.88211 F7200
G1 X170.000 Y155.000 E12731.05673 F7200
G1 X170.000 Y160.000 E12731.23134 F7200
G1 X170.000 Y165.000 E12731.40596 F7200
G1 X170.000 Y170.000 E12731.58057 F7200
G1 X165.000 Y170.000 E12731.75519 F7200
G1 X160.000 Y170.000 E12731.92981 F7200
G1 X155.000 Y170.000 E12732.10442 F7200
G1 X150.000 Y170.000 E12732.27904 F7200
G1 X145.000 Y170.000 E12732.45365 F7200
G1 X140.000 Y170.000 E12732.62827 F7200
G1 X135.000 Y170.000 E12732.80288 F7200
G1 X130.000 Y170.000 E12732.97750 F7200
G1 X125.000 Y170.000 E12733.15212 F7200
G1 X120.000 Y170.000 E12733.32673 F7200
G1 X115.000 Y170.000 E12733.50135 F7200
G1 X110.000 Y170.000 E12733.67596 F7200
G1 X105.000 Y170.000 E12733.85058 F7200
G1 X100.000 Y170.000 E12734.02519 F7200
G1 X95.000 Y170.000 E12734.19981 F7200
G1 X90.000 Y170.000 E12734.37443 F7200
G1 X85.000 Y170.000 E12734.54904 F7200
G1 X80.000 Y170.000 E12734.72366 F7200
G1 X75.000 Y170.000 E12734.89827 F7200
G1 X70.000 Y170.000 E12735.07289 F7200
G1 X65.000 Y170.000 E12735.24750 F7200
G1 X60.000 Y170.000 E12735.42212 F7200
G1 X55.000 Y170.000 E12735.59674 F7200
G1 X50.000 Y170.000 E12735.77135 F7200
G1 X50.000 Y165.000 E12735.94597 F7200
G1 X50.000 Y160.000 E12736.12058 F7200
G1 X50.000 Y155.000 E12736.29520 F7200
G1 X50.000 Y150.000 E12736.46981 F7200
G1 X50.000 Y145.000 E12736.64443 F7200
G1 X50.000 Y140.000 E12736.81905 F7200
G1 X50.000 Y135.000 E12736.99366 F7200
G1 X50.000 Y130.000 E12737.16828 F7200
G1 X50.000 Y125.000 E12737.34289 F7200
G1 X50.000 Y120.000 E12737.51751 F7200
G1 X50.000 Y115.000 E12737.69212 F7200
G1 X50.000 Y110.000 E12737.86674 F7200
G1 X50.000 Y105.000 E12738.04136 F7200
G1 X50.000 Y100.000 E12738.21597 F7200
G1 X50.000 Y95.000 E12738.39059 F7200
G1 X50.000 Y90.000 E12738.56520 F7200
G1 X50.000 Y85.000 E12738.73982 F7200
G1 X50.000 Y80.000 E12738.91443 F7200
G1 X50.000 Y75.000 E12739.08905 F7200
G1 X50.000 Y70.000 E12739.26367 F7200
G1 X50.000 Y65.000 E12739.43828 F7200
G1 X50.000 Y60.000 E12739.61290 F7200
G1 X50.000 Y55.000 E12739.78751 F7200
G1 X50.000 Y50.000 E12739.96213 F7200
;TYPE:Sparse infill
G1 X51.000 Y51.000 F12000
G1 X169.000 Y51.000 E12744.08306 F15000
G1 X169.000 Y56.000 F12000
G1 X51.000 Y56.000 E12748.20399 F15000
G1 X51.000 Y61.000 F12000
G1 X169.000 Y61.000 E12752.32492 F15000
G1 X169.000 Y66.000 F12000
G1 X51.000 Y66.000 E12756.44585 F15000
G1 X51.000 Y71.000 F12000
G1 X169.000 Y71.000 E12760.56678 F15000
G1 X169.000 Y76.000 F12000
G1 X51.000 Y76.000 E12764.68771 F15000
G1 X51.000 Y81.000 F12000
G1 X169.000 Y81.000 E12768.80864 F15000
G1 X169.000 Y86.000 F12000
G1 X51.000 Y86.000 E12772.92957 F15000
G1 X51.000 Y91.000 F12000
G1 X169.000 Y91.000 E12777.05050 F15000
G1 X169.000 Y96.000 F12000
G1 X51.000 Y96.000 E12781.17144 F15000
G1 X51.000 Y101.000 F12000
G1 X169.000 Y101.000 E12785.29237 F15000
G1 X169.000 Y106.000 F12000
G1 X51.000 Y106.000 E12789.41330 F15000
G1 X51.000 Y111.000 F12000
G1 X169.000 Y111.000 E12793.53423 F15000
G1 X169.000 Y116.000 F12000
G1 X51.000 Y116.000 E12797.65516 F15000
G1 X51.000 Y121.000 F12000
G1 X169.000 Y121.000 E12801.77609 F15000
G1 X169.000 Y126.000 F12000
G1 X51.000 Y126.000 E12805.89702 F15000
G1 X51.000 Y131.000 F12000
G1 X169.000 Y131.000 E12810.01795 F15000
G1 X169.000 Y136.000 F12000
G1 X51.000 Y136.000 E12814.13888 F15000
G1 X51.000 Y141.000 F12000
G1 X169.000 Y141.000 E12818.25981 F15000
G1 X169.000 Y146.000 F12000
G1 X51.000 Y146.000 E12822.38074 F15000
G1 X51.000 Y151.000 F12000
G1 X169.000 Y151.000 E12826.50167 F15000
G1 X169.000 Y156.000 F12000
G1 X51.000 Y156.000 E12830.62260 F15000
G1 X51.000 Y161.000 F12000
G1 X169.000 Y161.000 E12834.74353 F15000
G1 X169.000 Y166.000 F12000
G1 X51.000 Y166.000 E12838.86447 F15000
;LAYER_CHANGE
;Z:22.400
G1 Z22.400 F600
;TYPE:Outer wall
G1 X50.000 Y50.000 F7200
G1 X55.000 Y50.000 E12839.03908 F7200
G1 X60.000 Y50.000 E12839.21370 F7200
G1 X65.000 Y50.000 E12839.38831 F7200
G1 X70.000 Y50.000 E12839.56293 F7200
G1 X75.000 Y50.000 E12839.73754 F7200
G1 X80.000 Y50.000 E12839.91216 F7200
G1 X85.000 Y50.000 E12840.08678 F7200
G1 X90.000 Y50.000 E12840.26139 F7200
G1 X95.000 Y50.000 E12840.43601 F7200
G1 X100.000 Y50.000 E12840.61062 F7200
G1 X105.000 Y50.000 E12840.78524 F7200
G1 X110.000 Y50.000 E12840.95985 F7200
G1 X115.000 Y50.000 E12841.13447 F7200
G1 X120.000 Y50.000 E12841.30909 F7200
G1 X125.000 Y50.000 E12841.48370 F7200
G1 X130.000 Y50.000 E12841.65832 F7200
G1 X135.000 Y50.000 E12841.83293 F7200
G1 X140.000 Y50.000 E12842.00755 F7200
G1 X145.000 Y50.000 E12842.18216 F7200
G1 X150.000 Y50.000 E12842.35678 F7200
G1 X155.000 Y50.000 E12842.53140 F7200
G1 X160.000 Y50.000 E12842.70601 F7200
G1 X165.000 Y50.000 E12842.88063 F7200
G1 X170.000 Y50.000 E12843.05524 F7200
G1 X170.000 Y55.000 E12843.22986 F7200
G1 X170.000 Y60.000 E12843.40447 F7200
G1 X170.000 Y65.000 E12843.57909 F7200
G1 X170.000 Y70.000 E12843.75371 F7200
G1 X170.000 Y75.000 E12843.92832 F7200
G1 X170.000 Y80.000 E12844.10294 F7200
G1 X170.000 Y85.000 E12844.27755 F7200
G1 X170.000 Y90.000 E12844.45217 F7200
G1 X170.000 Y95.000 E12844.62678 F7200
G1 X170.000 Y100.000 E12844.80140 F7200
G1 X170.000 Y105.000 E12844.97602 F7200
G1 X170.000 Y110.000 E12845.15063 F7200
G1 X170.000 Y115.000 E12845.32525 F7200
G1 X170.000 Y120.000 E12845.49986 F7200
G1 X170.000 Y125.000 E12845.67448 F7200
G1 X170.000 Y130.000 E12845.84909 F7200
G1 X170.000 Y135.000 E12846.02371 F7200
G1 X170.000 Y140.000 E12846.19833 F7200
G1 X170.000 Y145.000 E12846.37294 F7200
G1 X170.000 Y150.000 E12846.54756 F7200
G1 X170.000 Y155.000 E12846.72217 F7200
G1 X170.000 Y160.000 E12846.89679 F7200
G1 X170.000 Y165.000 E12847.07140 F7200
G1 X170.000 Y170.000 E12847.24602 F7200
G1 X165.000 Y170.000 E12847.42064 F7200
G1 X160.000 Y170.000 E12847.59525 F7200
G1 X155.000 Y170.000 E12847.76987 F7200
G1 X150.000 Y170.000 E12847.94448 F7200
G1 X145.000 Y170.000 E12848.11910 F7200
G1 X140.000 Y170.000 E12848.29371 F7200
G1 X135.000 Y170.000 E12848.46833 F7200
G1 X130.000 Y170.000 E12848.64295 F7200
G1 X125.000 Y170.000 E12848.81756 F7200
G1 X120.000 Y170.000 E12848.99218 F7200
G1 X115.000 Y170.000 E12849.16679 F7200
G1 X110.000 Y170.000 E12849.34141 F7200
G1 X105.000 Y170.000 E12849.51602 F7200
G1 X100.000 Y170.000 E12849.69064 F7200
G1 X95.000 Y170.000 E12849.86526 F7200
G1 X90.000 Y170.000 E12850.03987 F7200
G1 X85.000 Y170.000 E12850.21449 F7200
G1 X80.000 Y170.000 E12850.38910 F7200
G1 X75.000 Y170.000 E12850.56372 F7200
G1 X70.000 Y170.000 E12850.73833 F7200
G1 X65.000 Y170.000 E12850.91295 F7200
G1 X60.000 Y170.000 E12851.08757 F7200
G1 X55.000 Y170.000 E12851.26218 F7200
G1 X50.000 Y170.000 E12851.43680 F7200
G1 X50.000 Y165.000 E12851.61141 F7200
G1 X50.000 Y160.000 E12851.78603 F7200
G1 X50.000 Y155.000 E12851.96064 F7200
G1 X50.000 Y150.000 E12852.13526 F7200
G1 X50.000 Y145.000 E12852.30988 F7200
G1 X50.000 Y140.000 E12852.48449 F7200
G1 X50.000 Y135.000 E12852.65911 F7200
G1 X50.000 Y130.000 E12852.83372 F7200
G1 X50.000 Y125.000 E12853.00834 F7200
G1 X50.000 Y120.000 E12853.18295 F7200
G1 X50.000 Y115.000 E12853.35757 F7200
G1 X50.000 Y110.000 E12853.53219 F7200
G1 X50.000 Y105.000 E12853.70680 F7200
G1 X50.000 Y100.000 E12853.88142 F7200
G1 X50.000 Y95.000 E12854.05603 F7200
G1 X50.000 Y90.000 E12854.23065 F7200
G1 X50.000 Y85.000 E12854.40526 F7200
G1 X50.000 Y80.000 E12854.57988 F7200
G1 X50.000 Y75.000 E12854.75450 F7200
G1 X50.000 Y70.000 E12854.92911 F7200
G1 X50.000 Y65.000 E12855.10373 F7200
G1 X50.000 Y60.000 E12855.27834 F7200
G1 X50.000 Y55.000 E12855.45296 F7200
G1 X50.000 Y50.000 E12855.62757 F7200
;TYPE:Sparse infill
G1 X51.000 Y51.000 F12000
G1 X169.000 Y51.000 E12859.74850 F15000
G1 X169.000 Y56.000 F12000
G1 X51.000 Y56.000 E12863.86944 F15000
G1 X51.000 Y61.000 F12000
G1 X169.000 Y61.000 E12867.99037 F15000
G1 X169.000 Y66.000 F12000
G1 X51.000 Y66.000 E12872.11130 F15000
G1 X51.000 Y71.000 F12000
G1 X169.000 Y71.000 E12876.23223 F15000
G1 X169.000 Y76.000 F12000
G1 X51.000 Y76.000 E12880.35316 F15000
G1 X51.000 Y81.000 F12000
G1 X169.000 Y81.000 E12884.47409 F15000
G1 X169.000 Y86.000 F12000
G1 X51.000 Y86.000 E12888.59502 F15000
G1 X51.000 Y91.000 F12000
G1 X169.000 Y91.000 E12892.71595 F15000
G1 X169.000 Y96.000 F12000
G1 X51.000 Y96.000 E12896.83688 F15000
G1 X51.000 Y101.000 F12000
G1 X169.000 Y101.000 E12900.95781 F15000
G1 X169.000 Y106.000 F12000
G1 X51.000 Y106.000 E12905.07874 F15000
G1 X51.000 Y111.000 F12000
G1 X169.000 Y111.000 E12909.19967 F15000
G1 X169.000 Y116.000 F12000
G1 X51.000 Y116.000 E12913.32060 F15000
G1 X51.000 Y121.000 F12000
G1 X169.000 Y121.000 E12917.44153 F15000
G1 X169.000 Y126.000 F12000
G1 X51.000 Y126.000 E12921.56247 F15000
G1 X51.000 Y131.000 F12000
G1 X169.000 Y131.000 E12925.68340 F15000
G1 X169.000 Y136.000 F12000
G1 X51.000 Y136.000 E12929.80433 F15000
G1 X51.000 Y141.000 F12000
G1 X169.000 Y141.000 E12933.92526 F15000
G1 X169.000 Y146.000 F12000
G1 X51.000 Y146.000 E12938.04619 F15000
G1 X51.000 Y151.000 F12000
G1 X169.000 Y151.000 E12942.16712 F15000
G1 X169.000 Y156.000 F12000
G1 X51.000 Y156.000 E12946.28805 F15000
G1 X51.000 Y161.000 F12000
G1 X169.000 Y161.000 E12950.40898 F15000
G1 X169.000 Y166.000 F12000
G1 X51.000 Y166.000 E12954.52991 F15000
;LAYER_CHANGE
;Z:22.600
G1 Z22.600 F600
;TYPE:Outer wall
G1 X50.000 Y50.000 F7200
G1 X55.000 Y50.000 E12954.70453 F7200
G1 X60.000 Y50.000 E12954.87914 F7200
G1 X65.000 Y50.000 E12955.05376 F7200
G1 X70.000 Y50.000 E12955.22837 F7200
G1 X75.000 Y50.000 E12955.40299 F7200
G1 X80.000 Y50.000 E12955.57761 F7200
G1 X85.000 Y50.000 E12955.75222 F7200
G1 X90.000 Y50.000 E12955.92684 F7200
G1 X95.000 Y50.000 E12956.10145 F7200
G1 X100.000 Y50.000 E12956.27607 F7200
G1 X105.000 Y50.000 E12956.45068 F7200
G1 X110.000 Y50.000 E12956.62530 F7200
G1 X115.000 Y50.000 E12956.79992 F7200
G1 X120.000 Y50.000 E12956.97453 F7200
G1 X125.000 Y50.000 E12957.14915 F7200
G1 X130.000 Y50.000 E12957.32376 F7200
G1 X135.000 Y50.000 E12957.49838 F7200
G1 X140.000 Y50.000 E12957.67299 F7200
G1 X145.000 Y50.000 E12957.84761 F7200
G1 X150.000 Y50.000 E12958.02223 F7200
G1 X155.000 Y50.000 E12958.19684 F7200
G1 X160.000 Y50.000 E12958.37146 F7200
G1 X165.000 Y50.000 E12958.54607 F7200
G1 X170.000 Y50.000 E12958.72069 F7200
G1 X170.000 Y55.000 E12958.89530 F7200
G1 X170.000 Y60.000 E12959.06992 F7200
G1 X170.000 Y65.000 E12959.24454 F7200
G1 X170.000 Y70.000 E12959.41915 F7200
G1 X170.000 Y75.000 E12959.59377 F7200
G1 X170.000 Y80.000 E12959.76838 F7200
G1 X170.000 Y85.000 E12959.94300 F7200
G1 X170.000 Y90.000 E12960.11761 F7200
G1 X170.000 Y95.000 E12960.29223 F7200
G1 X170.000 Y100.000 E12960.46685 F7200
G1 X170.000 Y105.000 E12960.64146 F7200
G1 X170.000 Y110.000 E12960.81608 F7200
G1 X170.000 Y115.000 E12960.99069 F7200
G1 X170.000 Y120.000 E12961.16531 F7200
G1 X170.000 Y125.000 E12961.33992 F7200
G1 X170.000 Y130.000 E12961.51454 F7200
G1 X170.000 Y135.000 E12961.68916 F7200
G1 X170.000 Y140.000 E12961.86377 F7200
G1 X170.000 Y145.000 E12962.03839 F7200
G1 X170.000 Y150.000 E12962.21300 F7200
G1 X170.000 Y155.000 E12962.38762 F7200
G1 X170.000 Y160.000 E12962.56223 F7200
G1 X170.000 Y165.000 E12962.73685 F7200
G1 X170.000 Y170.000 E12962.91147 F7200
G1 X165.000 Y170.000 E12963.08608 F7200
G1 X160.000 Y170.000 E12963.26070 F7200
G1 X155.000 Y170.000 E12963.43531 F7200
G1 X150.000 Y170.000 E12963.60993 F7200
G1 X145.000 Y170.000 E12963.78454 F7200
G1 X140.000 Y170.000 E12963.95916 F7200
G1 X135.000 Y170.000 E12964.13378 F7200
G1 X130.000 Y170.000 E12964.30839 F7200
G1 X125.000 Y170.000 E12964.48301 F7200
G1 X120.000 Y170.000 E12964.65762 F7200
G1 X115.000 Y170.000 E12964.83224 F7200
G1 X110.000 Y170.000 E12965.00685 F7200
G1 X105.000 Y170.000 E12965.18147 F7200
G1 X100.000 Y170.000 E12965.35609 F7200
G1 X95.000 Y170.000 E12965.53070 F7200
G1 X90.000 Y170.000 E12965.70532 F7200
G1 X85.000 Y170.000 E12965.87993 F7200
G1 X80.000 Y170.000 E12966.05455 F7200
G1 X75.000 Y170.000 E12966.22916 F7200
G1 X70.000 Y170.000 E12966.40378 F7200
G1 X65.000 Y170.000 E12966.57840 F7200
G1 X60.000 Y170.000 E12966.75301 F7200
G1 X55.000 Y170.000 E12966.92763 F7200
G1 X50.000 Y170.000 E12967.10224 F7200
G1 X50.000 Y165.000 E12967.27686 F7200
G1 X50.000 Y160.000 E12967.45147 F7200
G1 X50.000 Y155.000 E12967.62609 F7200
G1 X50.000 Y150.000 E12967.80071 F7200
G1 X50.000 Y145.000 E12967.97532 F7200
G1 X50.000 Y140.000 E12968.14994 F7200
G1 X50.000 Y135.000 E12968.32455 F7200
G1 X50.000 Y130.000 E12968.49917 F7200
G1 X50.000 Y125.000 E12968.67378 F7200
G1 X50.000 Y120.000 E12968.84840 F7200
G1 X50.000 Y115.000 E12969.02302 F7200
G1 X50.000 Y110.000 E12969.19763 F7200
G1 X50.000 Y105.000 E12969.37225 F7200
G1 X50.000 Y100.000 E12969.54686 F7200
G1 X50.000 Y95.000 E12969.72148 F7200
G1 X50.000 Y90.000 E12969.89609 F7200
G1 X50.000 Y85.000 E12970.07071 F7200
G1 X50.000 Y80.000 E12970.24533 F7200
G1 X50.000 Y75.000 E12970.41994 F7200
G1 X50.000 Y70.000 E12970.59456 F7200
G1 X50.000 Y65.000 E12970.76917 F7200
G1 X50.000 Y60.000 E12970.94379 F7200
G1 X50.000 Y55.000 E12971.11840 F7200
G1 X50.000 Y50.000 E12971.29302 F7200
;TYPE:Sparse infill
G1 X51.000 Y51.000 F12000
G1 X169.000 Y51.000 E12975.41395 F15000
G1 X169.000 Y56.000 F12000
G1 X51.000 Y56.000 E12979.53488 F15000
G1 X51.000 Y61.000 F12000
G1 X169.000 Y61.000 E12983.65581 F15000
G1 X169.000 Y66.000 F12000
G1 X51.000 Y66.000 E12987.77674 F15000
G1 X51.000 Y71.000 F12000
G1 X169.000 Y71.000 E12991.89767 F15000
G1 X169.000 Y76.000 F12000
G1 X51.000 Y76.000 E12996.01860 F15000
G1 X51.000 Y81.000 F12000
G1 X169.000 Y81.000 E13000.13953 F15000
G1 X169.000 Y86.000 F12000
G1 X51.000 Y86.000 E13004.26047 F15000
G1 X51.000 Y91.000 F12000
G1 X169.000 Y91.000 E13008.38140 F15000
G1 X169.000 Y96.000 F12000
G1 X51.000 Y96.000 E13012.50233 F15000
G1 X51.000 Y101.000 F12000
G1 X169.000 Y101.000 E13016.62326 F15000
G1 X169.000 Y106.000 F12000
G1 X51.000 Y106.000 E13020.74419 F15000
G1 X51.000 Y111.000 F12000
G1 X169.000 Y111.000 E13024.86512 F15000
G1 X169.000 Y116.000 F12000
G1 X51.000 Y116.000 E13028.98605 F15000
G1 X51.000 Y121.000 F12000
G1 X169.000 Y121.000 E13033.10698 F15000
G1 X169.000 Y126.000 F12000
G1 X51.000 Y126.000 E13037.22791 F15000
G1 X51.000 Y131.000 F12000
G1 X169.000 Y131.000 E13041.34884 F15000
G1 X169.000 Y136.000 F12000
G1 X51.000 Y136.000 E13045.46977 F15000
G1 X51.000 Y141.000 F12000
G1 X169.000 Y141.000 E13049.59070 F15000
G1 X169.000 Y146.000 F12000
G1 X51.000 Y146.000 E13053.71163 F15000
G1 X51.000 Y151.000 F12000
G1 X169.000 Y151.000 E13057.83256 F15000
G1 X169.000 Y156.000 F12000
G1 X51.000 Y156.000 E13061.95350 F15000
G1 X51.000 Y161.000 F12000
G1 X169.000 Y161.000 E13066.07443 F15000
G1 X169.000 Y166.000 F12000
G1 X51.000 Y166.000 E13070.19536 F15000
;LAYER_CHANGE
;Z:22.800
G1 Z22.800 F600
;TYPE:Outer wall
G1 X50.000 Y50.000 F7200
G1 X55.000 Y50.000 E13070.36997 F7200
G1 X60.000 Y50.000 E13070.54459 F7200
G1 X65.000 Y50.000 E13070.71920 F7200
G1 X70.000 Y50.000 E13070.89382 F7200
G1 X75.000 Y50.000 E13071.06844 F7200
G1 X80.000 Y50.000 E13071.24305 F7200
G1 X85.000 Y50.000 E13071.41767 F7200
G1 X90.000 Y50.000 E13071.59228 F7200
G1 X95.000 Y50.000 E13071.76690 F7200
G1 X100.000 Y50.000 E13071.94151 F7200
G1 X105.000 Y50.000 E13072.11613 F7200
G1 X110.000 Y50.000 E13072.29075 F7200
G1 X115.000 Y50.000 E13072.46536 F7200
G1 X120.000 Y50.000 E13072.63998 F7200
G1 X125.000 Y50.000 E13072.81459 F7200
G1 X130.000 Y50.000 E13072.98921 F7200
G1 X135.000 Y50.000 E13073.16382 F7200
G1 X140.000 Y50.000 E13073.33844 F7200
G1 X145.000 Y50.000 E13073.51306 F7200
G1 X150.000 Y50.000 E13073.68767 F7200
G1 X155.000 Y50.000 E13073.86229 F7200
G1 X160.000 Y50.000 E13074.03690 F7200
G1 X165.000 Y50.000 E13074.21152 F7200
G1 X170.000 Y50.000 E13074.38613 F7200
G1 X170.000 Y55.000 E13074.56075 F7200
G1 X170.000 Y60.000 E13074.73537 F7200
G1 X170.000 Y65.000 E13074.90998 F7200
G1 X170.000 Y70.000 E13075.08460 F7200
G1 X170.000 Y75.000 E13075.25921 F7200
G1 X170.000 Y80.000 E13075.43383 F7200
G1 X170.000 Y85.000 E13075.60844 F7200
G1 X170.000 Y90.000 E13075.78306 F7200
G1 X170.000 Y95.000 E13075.95768 F7200
G1 X170.000 Y100.000 E13076.13229 F7200
G1 X170.000 Y105.000 E13076.30691 F7200
G1 X170.000 Y110.000 E13076.48152 F7200
G1 X170.000 Y115.000 E13076.65614 F7200
G1 X170.000 Y120.000 E13076.83075 F7200
G1 X170.000 Y125.000 E13077.00537 F7200
G1 X170.000 Y130.000 E13077.17999 F7200
G1 X170.000 Y135.000 E13077.35460 F7200
G1 X170.000 Y140.000 E13077.52922 F7200
G1 X170.000 Y145.000 E13077.70383 F7200
G1 X170.000 Y150.000 E13077.87845 F7200
G1 X170.000 Y155.000 E13078.05306 F7200
G1 X170.000 Y160.000 E13078.22768 F7200
G1 X170.000 Y165.000 E13078.40230 F7200
G1 X170.000 Y170.000 E13078.57691 F7200
G1 X165.000 Y170.000 E13078.75153 F7200
G1 X160.000 Y170.000 E13078.92614 F7200
G1 X155.000 Y170.000 E13079.10076 F7200
G1 X150.000 Y170.000 E13079.27537 F7200
G1 X145.000 Y170.000 E13079.44999 F7200
G1 X140.000 Y170.000 E13079.62461 F7200
G1 X135.000 Y170.000 E13079.79922 F7200
G1 X130.000 Y170.000 E13079.97384 F7200
G1 X125.000 Y170.000 E13080.14845 F7200
G1 X120.000 Y170.000 E13080.32307 F7200
G1 X115.000 Y170.000 E13080.49768 F7200
G1 X110.000 Y170.000 E13080.67230 F7200
G1 X105.000 Y170.000 E13080.84692 F7200
G1 X100.000 Y170.000 E13081.02153 F7200
G1 X95.000 Y170.000 E13081.19615 F7200
G1 X90.000 Y170.000 E13081.37076 F7200
G1 X85.000 Y170.000 E13081.54538 F7200
G1 X80.000 Y170.000 E13081.71999 F7200
G1 X75.000 Y170.000 E13081.89461 F7200
G1 X70.000 Y170.000 E13082.06923 F7200
G1 X65.000 Y170.000 E13082.24384 F7200
G1 X60.000 Y170.000 E13082.41846 F7200
G1 X55.000 Y170.000 E13082.59307 F7200
G1 X50.000 Y170.000 E13082.76769 F7200
G1 X50.000 Y165.000 E13082.94230 F7200
G1 X50.000 Y160.000 E13083.11692 F7200
G1 X50.000 Y155.000 E13083.29154 F7200
G1 X50.000 Y150.000 E13083.46615 F7200
G1 X50.000 Y145.000 E13083.64077 F7200
G1 X50.000 Y140.000 E13083.81538 F7200
G1 X50.000 Y135.000 E13083.99000 F7200
G1 X50.000 Y130.000 E13084.16461 F7200
G1 X50.000 Y125.000 E13084.33923 F7200
G1 X50.000 Y120.000 E13084.51385 F7200
G1 X50.000 Y115.000 E13084.68846 F7200
G1 X50.000 Y110.000 E13084.86308 F7200
G1 X50.000 Y105.000 E13085.03769 F7200
G1 X50.000 Y100.000 E13085.21231 F7200
G1 X50.000 Y95.000 E13085.38692 F7200
G1 X50.000 Y90.000 E13085.56154 F7200
G1 X50.000 Y85.000 E13085.73616 F7200
G1 X50.000 Y80.000 E13085.91077 F7200
G1 X50.000 Y75.000 E13086.08539 F7200
G1 X50.000 Y70.000 E13086.26000 F7200
G1 X50.000 Y65.000 E13086.43462 F7200
G1 X50.000 Y60.000 E13086.60923 F7200
G1 X50.000 Y55.000 E13086.78385 F7200
G1 X50.000 Y50.000 E13086.95846 F7200
;TYPE:Sparse infill
G1 X51.000 Y51.000 F12000
G1 X169.000 Y51.000 E13091.07940 F15000
G1 X169.000 Y56.000 F12000
G1 X51.000 Y56.000 E13095.20033 F15000
G1 X51.000 Y61.000 F12000
G1 X169.000 Y61.000 E13099.32126 F15000
G1 X169.000 Y66.000 F12000
G1 X51.000 Y66.000 E13103.44219 F15000
G1 X51.000 Y71.000 F12000
G1 X169.000 Y71.000 E13107.56312 F15000
G1 X169.000 Y76.000 F12000
G1 X51.000 Y76.000 E13111.68405 F15000
G1 X51.000 Y81.000 F12000
G1 X169.000 Y81.000 E13115.80498 F15000
G1 X169.000 Y86.000 F12000
G1 X51.000 Y86.000 E13119.92591 F15000
G1 X51.000 Y91.000 F12000
G1 X169.000 Y91.000 E13124.04684 F15000
G1 X169.000 Y96.000 F12000
G1 X51.000 Y96.000 E13128.16777 F15000
G1 X51.000 Y101.000 F12000
G1 X169.000 Y101.000 E13132.28870 F15000
G1 X169.000 Y106.000 F12000
G1 X51.000 Y106.000 E13136.40963 F15000
G1 X51.000 Y111.000 F12000
G1 X169.000 Y111.000 E13140.53056 F15000
G1 X169.000 Y116.000 F12000
G1 X51.000 Y116.000 E13144.65150 F15000
G1 X51.000 Y121.000 F12000
G1 X169.000 Y121.000 E13148.77243 F15000
G1 X169.000 Y126.000 F12000
G1 X51.000 Y126.000 E13152.89336 F15000
G1 X51.000 Y131.000 F12000
G1 X169.000 Y131.000 E13157.01429 F15000
G1 X169.000 Y136.000 F12000
G1 X51.000 Y136.000 E13161.13522 F15000
G1 X51.000 Y141.000 F12000
G1 X169.000 Y141.000 E13165.25615 F15000
G1 X169.000 Y146.000 F12000
G1 X51.000 Y146.000 E13169.37708 F15000
G1 X51.000 Y151.000 F12000
G1 X169.000 Y151.000 E13173.49801 F15000
G1 X169.000 Y156.000 F12000
G1 X51.000 Y156.000 E13177.61894 F15000
G1 X51.000 Y161.000 F12000
G1 X169.000 Y161.000 E13181.73987 F15000
G1 X169.000 Y166.000 F12000
G1 X51.000 Y166.000 E13185.86080 F15000
;LAYER_CHANGE
;Z:23.000
G1 Z23.000 F600
;TYPE:Outer wall
G1 X50.000 Y50.000 F7200
G1 X55.000 Y50.000 E13186.03542 F7200
G1 X60.000 Y50.000 E13186.21003 F7200
G1 X65.000 Y50.000 E13186.38465 F7200
G1 X70.000 Y50.000 E13186.55927 F7200
G1 X75.000 Y50.000 E13186.73388 F7200
G1 X80.000 Y50.000 E13186.90850 F7200
G1 X85.000 Y50.000 E13187.08311 F7200
G1 X90.000 Y50.000 E13187.25773 F7200
G1 X95.000 Y50.000 E13187.43234 F7200
G1 X100.000 Y50.000 E13187.60696 F7200
G1 X105.000 Y50.000 E13187.78158 F7200
G1 X110.000 Y50.000 E13187.95619 F7200
G1 X115.000 Y50.000 E13188.13081 F7200
G1 X120.000 Y50.000 E13188.30542 F7200
G1 X125.000 Y50.000 E13188.48004 F7200
G1 X130.000 Y50.000 E13188.65465 F7200
G1 X135.000 Y50.000 E13188.82927 F7200
G1 X140.000 Y50.000 E13189.00389 F7200
G1 X145.000 Y50.000 E13189.17850 F7200
G1 X150.000 Y50.000 E13189.35312 F7200
G1 X155.000 Y50.000 E13189.52773 F7200
G1 X160.000 Y50.000 E13189.70235 F7200
G1 X165.000 Y50.000 E13189.87696 F7200
G1 X170.000 Y50.000 E13190.05158 F7200
G1 X170.000 Y55.000 E13190.22620 F7200
G1 X170.000 Y60.000 E13190.40081 F7200
G1 X170.000 Y65.000 E13190.57543 F7200
G1 X170.000 Y70.000 E13190.75004 F7200
G1 X170.000 Y75.000 E13190.92466 F7200
G1 X170.000 Y80.000 E13191.09927 F7200
G1 X170.000 Y85.000 E13191.27389 F7200
G1 X170.000 Y90.000 E13191.44851 F7200
G1 X170.000 Y95.000 E13191.62312 F7200
G1 X170.000 Y100.000 E13191.79774 F7200
G1 X170.000 Y105.000 E13191.97235 F7200
G1 X170.000 Y110.000 E13192.14697 F7200
G1 X170.000 Y115.000 E13192.32158 F7200
G1 X170.000 Y120.000 E13192.49620 F7200
G1 X170.000 Y125.000 E13192.67082 F7200
G1 X170.000 Y130.000 E13192.84543 F7200
G1 X170.000 Y135.000 E13193.02005 F7200
G1 X170.000 Y140.000 E13193.19466 F7200
G1 X170.000 Y145.000 E13193.36928 F7200
G1 X170.000 Y150.000 E13193.54389 F7200
G1 X170.000 Y155.000 E13193.71851 F7200
G1 X170.000 Y160.000 E13193.89313 F7200
G1 X170.000 Y165.000 E13194.06774 F7200
G1 X170.000 Y170.000 E13194.24236 F7200
G1 X165.000 Y170.000 E13194.41697 F7200
G1 X160.000 Y170.000 E13194.59159 F7200
G1 X155.000 Y170.000 E13194.76620 F7200
G1 X150.000 Y170.000 E13194.94082 F7200
G1 X145.000 Y170.000 E13195.11544 F7200
G1 X140.000 Y170.000 E13195.29005 F7200
G1 X135.000 Y170.000 E13195.46467 F7200
G1 X130.000 Y170.000 E13195.63928 F7200
G1 X125.000 Y170.000 E13195.81390 F7200
G1 X120.000 Y170.000 E13195.98851 F7200
G1 X115.000 Y170.000 E13196.16313 F7200
G1 X110.000 Y170.000 E13196.33775 F7200
G1 X105.000 Y170.000 E13196.51236 F7200
G1 X100.000 Y170.000 E13196.68698 F7200
G1 X95.000 Y170.000 E13196.86159 F7200
G1 X90.000 Y170.000 E13197.03621 F7200
G1 X85.000 Y170.000 E13197.21082 F7200
G1 X80.000 Y170.000 E13197.38544 F7200
G1 X75.000 Y170.000 E13197.56006 F7200
G1 X70.000 Y170.000 E13197.73467 F7200
G1 X65.000 Y170.000 E13197.90929 F7200
G1 X60.000 Y170.000 E13198.08390 F7200
G1 X55.000 Y170.000 E13198.25852 F7200
G1 X50.000 Y170.000 E13198.43313 F7200
G1 X50.000 Y165.000 E13198.60775 F7200
G1 X50.000 Y160.000 E13198.78237 F7200
G1 X50.000 Y155.000 E13198.95698 F7200
G1 X50.000 Y150.000 E13199.13160 F7200
G1 X50.000 Y145.000 E13199.30621 F7200
G1 X50.000 Y140.000 E13199.48083 F7200
G1 X50.000 Y135.000 E13199.65544 F7200
G1 X50.000 Y130.000 E13199.83006 F7200
G1 X50.000 Y125.000 E13200.00467 F7200
G1 X50.000 Y120.000 E13200.17929 F7200
G1 X50.000 Y115.000 E13200.35391 F7200
G1 X50.000 Y110.000 E13200.52852 F7200
G1 X50.000 Y105.000 E13200.70314 F7200
G1 X50.000 Y100.000 E13200.87775 F7200
G1 X50.000 Y95.000 E13201.05237 F7200
G1 X50.000 Y90.000 E13201.22698 F7200
G1 X50.000 Y85.000 E13201.40160 F7200
G1 X50.000 Y80.000 E13201.57622 F7200
G1 X50.000 Y75.000 E13201.75083 F7200
G1 X50.000 Y70.000 E13201.92545 F7200
G1 X50.000 Y65.000 E13202.10006 F7200
G1 X50.000 Y60.000 E13202.27468 F7200
G1 X50.000 Y55.000 E13202.44929 F7200
G1 X50.000 Y50.000 E13202.62391 F7200
;TYPE:Sparse infill
G1 X51.000 Y51.000 F12000
G1 X169.000 Y51.000 E13206.74484 F15000
G1 X169.000 Y56.000 F12000
G1 X51.000 Y56.000 E13210.86577 F15000
G1 X51.000 Y61.000 F12000
G1 X169.000 Y61.000 E13214.98670 F15000
G1 X169.000 Y66.000 F12000
G1 X51.000 Y66.000 E13219.10763 F15000
G1 X51.000 Y71.000 F12000
G1 X169.000 Y71.000 E13223.22856 F15000
G1 X169.000 Y76.000 F12000
G1 X51.000 Y76.000 E13227.34950 F15000
G1 X51.000 Y81.000 F12000
G1 X169.000 Y81.000 E13231.47043 F15000
G1 X169.000 Y86.000 F12000
G1 X51.000 Y86.000 E13235.59136 F15000
G1 X51.000 Y91.000 F12000
G1 X169.000 Y91.000 E13239.71229 F15000
G1 X169.000 Y96.000 F12000
G1 X51.000 Y96.000 E13243.83322 F15000
G1 X51.000 Y101.000 F12000
G1 X169.000 Y101.000 E13247.95415 F15000
G1 X169.000 Y106.000 F12000
G1 X51.000 Y106.000 E13252.07508 F15000
G1 X51.000 Y111.000 F12000
G1 X169.000 Y111.000 E13256.19601 F15000
G1 X169.000 Y116.000 F12000
G1 X51.000 Y116.000 E13260.31694 F15000
G1 X51.000 Y121.000 F12000
G1 X169.000 Y121.000 E13264.43787 F15000
G1 X169.000 Y126.000 F12000
G1 X51.000 Y126.000 E13268.55880 F15000
G1 X51.000 Y131.000 F12000
G1 X169.000 Y131.000 E13272.67973 F15000
G1 X169.000 Y136.000 F12000
G1 X51.000 Y136.000 E13276.80066 F15000
G1 X51.000 Y141.000 F12000
G1 X169.000 Y141.000 E13280.92159 F15000
G1 X169.000 Y146.000 F12000
G1 X51.000 Y146.000 E13285.04253 F15000
G1 X51.000 Y151.000 F12000
G1 X169.000 Y151.000 E13289.16346 F15000
G1 X169.000 Y156.000 F12000
G1 X51.000 Y156.000 E13293.28439 F15000
G1 X51.000 Y161.000 F12000
G1 X169.000 Y161.000 E13297.40532 F15000
G1 X169.000 Y166.000 F12000
G1 X51.000 Y166.000 E13301.52625 F15000
;LAYER_CHANGE
;Z:23.200
G1 Z23.200 F600
;TYPE:Outer wall
G1 X50.000 Y50.000 F7200
G1 X55.000 Y50.000 E13301.70086 F7200
G1 X60.000 Y50.000 E13301.87548 F7200
G1 X65.000 Y50.000 E13302.05010 F7200
G1 X70.000 Y50.000 E13302.22471 F7200
G1 X75.000 Y50.000 E13302.39933 F7200
G1 X80.000 Y50.000 E13302.57394 F7200
G1 X85.000 Y50.000 E13302.74856 F7200
G1 X90.000 Y50.000 E13302.92317 F7200
G1 X95.000 Y50.000 E13303.09779 F7200
G1 X100.000 Y50.000 E13303.27241 F7200
G1 X105.000 Y50.000 E13303.44702 F7200
G1 X110.000 Y50.000 E13303.62164 F7200
G1 X115.000 Y50.000 E13303.79625 F7200
G1 X120.000 Y50.000 E13303.97087 F7200
G1 X125.000 Y50.000 E13304.14548 F7200
G1 X130.000 Y50.000 E13304.32010 F7200
G1 X135.000 Y50.000 E13304.49472 F7200
G1 X140.000 Y50.000 E13304.66933 F7200
G1 X145.000 Y50.000 E13304.84395 F7200
G1 X150.000 Y50.000 E13305.01856 F7200
G1 X155.000 Y50.000 E13305.19318 F7200
G1 X160.000 Y50.000 E13305.36779 F7200
G1 X165.000 Y50.000 E13305.54241 F7200
G1 X170.000 Y50.000 E13305.71703 F7200
G1 X170.000 Y55.000 E13305.89164 F7200
G1 X170.000 Y60.000 E13306.06626 F7200
G1 X170.000 Y65.000 E13306.24087 F7200
G1 X170.000 Y70.000 E13306.41549 F7200
G1 X170.000 Y75.000 E13306.59010 F7200
G1 X170.000 Y80.000 E13306.76472 F7200
G1 X170.000 Y85.000 E13306.93934 F7200
G1 X170.000 Y90.000 E13307.11395 F7200
G1 X170.000 Y95.000 E13307.28857 F7200
G1 X170.000 Y100.000 E13307.46318 F7200
G1 X170.000 Y105.000 E13307.63780 F7200
G1 X170.000 Y110.000 E13307.81241 F7200
G1 X170.000 Y115.000 E13307.98703 F7200
G1 X170.000 Y120.000 E13308.16165 F7200
G1 X170.000 Y125.000 E13308.33626 F7200
G1 X170.000 Y130.000 E13308.51088 F7200
G1 X170.000 Y135.000 E13308.68549 F7200
G1 X170.000 Y140.000 E13308.86011 F7200
G1 X170.000 Y145.000 E13309.03472 F7200
G1 X170.000 Y150.000 E13309.20934 F7200
G1 X170.000 Y155.000 E13309.38396 F7200
G1 X170.000 Y160.000 E13309.55857 F7200
G1 X170.000 Y165.000 E13309.73319 F7200
G1 X170.000 Y170.000 E13309.90780 F7200
G1 X165.000 Y170.000 E13310.08242 F7200
G1 X160.000 Y170.000 E13310.25703 F7200
G1 X155.000 Y170.000 E13310.43165 F7200
G1 X150.000 Y170.000 E13310.60627 F7200
G1 X145.000 Y170.000 E13310.78088 F7200
G1 X140.000 Y170.000 E13310.95550 F7200
G1 X135.000 Y170.000 E13311.13011 F7200
G1 X130.000 Y170.000 E13311.30473 F7200
G1 X125.000 Y170.000 E13311.47934 F7200
G1 X120.000 Y170.000 E13311.65396 F7200
G1 X115.000 Y170.000 E13311.82858 F7200
G1 X110.000 Y170.000 E13312.00319 F7200
G1 X105.000 Y170.000 E13312.17781 F7200
G1 X100.000 Y170.000 E13312.35242 F7200
G1 X95.000 Y170.000 E13312.52704 F7200
G1 X90.000 Y170.000 E13312.70165 F7200
G1 X85.000 Y170.000 E13312.87627 F7200
G1 X80.000 Y170.000 E13313.05088 F7200
G1 X75.000 Y170.000 E13313.22550 F7200
G1 X70.000 Y170.000 E13313.40012 F7200
G1 X65.000 Y170.000 E13313.57473 F7200
G1 X60.000 Y170.000 E13313.74935 F7200
G1 X55.000 Y170.000 E13313.92396 F7200
G1 X50.000 Y170.000 E13314.09858 F7200
G1 X50.000 Y165.000 E13314.27319 F7200
G1 X50.000 Y160.000 E13314.44781 F7200
G1 X50.000 Y155.000 E13314.62243 F7200
G1 X50.000 Y150.000 E13314.79704 F7200
G1 X50.000 Y145.000 E13314.97166 F7200
G1 X50.000 Y140.000 E13315.14627 F7200
G1 X50.000 Y135.000 E13315.32089 F7200
G1 X50.000 Y130.000 E13315.49550 F7200
G1 X50.000 Y125.000 E13315.67012 F7200
G1 X50.000 Y120.000 E13315.84474 F7200
G1 X50.000 Y115.000 E13316.01935 F7200
G1 X50.000 Y110.000 E13316.19397 F7200
G1 X50.000 Y105.000 E13316.36858 F7200
G1 X50.000 Y100.000 E13316.54320 F7200
G1 X50.000 Y95.000 E13316.71781 F7200
G1 X50.000 Y90.000 E13316.89243 F7200
G1 X50.000 Y85.000 E13317.06705 F7200
G1 X50.000 Y80.000 E13317.24166 F7200
G1 X50.000 Y75.000 E13317.41628 F7200
G1 X50.000 Y70.000 E13317.59089 F7200
G1 X50.000 Y65.000 E13317.76551 F7200
G1 X50.000 Y60.000 E13317.94012 F7200
G1 X50.000 Y55.000 E13318.11474 F7200
G1 X50.000 Y50.000 E13318.28936 F7200
;TYPE:Sparse infill
G1 X51.000 Y51.000 F12000
G1 X169.000 Y51.000 E13322.41029 F15000
G1 X169.000 Y56.000 F12000
G1 X51.000 Y56.000 E13326.53122 F15000
G1 X51.000 Y61.000 F12000
G1 X169.000 Y61.000 E13330.65215 F15000
G1 X169.000 Y66.000 F12000
G1 X51.000 Y66.000 E13334.77308 F15000
G1 X51.000 Y71.000 F12000
G1 X169.000 Y71.000 E13338.89401 F15000
G1 X169.000 Y76.000 F12000
G1 X51.000 Y76.000 E13343.01494 F15000
G1 X51.000 Y81.000 F12000
G1 X169.000 Y81.000 E13347.13587 F15000
G1 X169.000 Y86.000 F12000
G1 X51.000 Y86.000 E13351.25680 F15000
G1 X51.000 Y91.000 F12000
G1 X169.000 Y91.000 E13355.37773 F15000
G1 X169.000 Y96.000 F12000
G1 X51.000 Y96.000 E13359.49866 F15000
G1 X51.000 Y101.000 F12000
G1 X169.000 Y101.000 E13363.61959 F15000
G1 X169.000 Y106.000 F12000
G1 X51.000 Y106.000 E13367.74053 F15000
G1 X51.000 Y111.000 F12000
G1 X169.000 Y111.000 E13371.86146 F15000
G1 X169.000 Y116.000 F12000
G1 X51.000 Y116.000 E13375.98239 F15000
G1 X51.000 Y121.000 F12000
G1 X169.000 Y121.000 E13380.10332 F15000
G1 X169.000 Y126.000 F12000
G1 X51.000 Y126.000 E13384.22425 F15000
G1 X51.000 Y131.000 F12000
G1 X169.000 Y131.000 E13388.34518 F15000
G1 X169.000 Y136.000 F12000
G1 X51.000 Y136.000 E13392.46611 F15000
G1 X51.000 Y141.000 F12000
G1 X169.000 Y141.000 E13396.58704 F15000
G1 X169.000 Y146.000 F12000
G1 X51.000 Y146.000 E13400.70797 F15000
G1 X51.000 Y151.000 F12000
G1 X169.000 Y151.000 E13404.82890 F15000
G1 X169.000 Y156.000 F12000
G1 X51.000 Y156.000 E13408.94983 F15000
G1 X51.000 Y161.000 F12000
G1 X169.000 Y161.000 E13413.07076 F15000
G1 X169.000 Y166.000 F12000
G1 X51.000 Y166.000 E13417.19169 F15000
;LAYER_CHANGE
;Z:23.400
G1 Z23.400 F600
;TYPE:Outer wall
G1 X50.000 Y50.000 F7200
G1 X55.000 Y50.000 E13417.36631 F7200
G1 X60.000 Y50.000 E13417.54093 F7200
G1 X65.000 Y50.000 E13417.71554 F7200
G1 X70.000 Y50.000 E13417.89016 F7200
G1 X75.000 Y50.000 E13418.06477 F7200
G1 X80.000 Y50.000 E13418.23939 F7200
G1 X85.000 Y50.000 E13418.41400 F7200
G1 X90.000 Y50.000 E13418.58862 F7200
G1 X95.000 Y50.000 E13418.76324 F7200
G1 X100.000 Y50.000 E13418.93785 F7200
G1 X105.000 Y50.000 E13419.11247 F7200
G1 X110.000 Y50.000 E13419.28708 F7200
G1 X115.000 Y50.000 E13419.46170 F7200
G1 X120.000 Y50.000 E13419.63631 F7200
G1 X125.000 Y50.000 E13419.81093 F7200
G1 X130.000 Y50.000 E13419.98555 F7200
G1 X135.000 Y50.000 E13420.16016 F7200
G1 X140.000 Y50.000 E13420.33478 F7200
G1 X145.000 Y50.000 E13420.50939 F7200
G1 X150.000 Y50.000 E13420.68401 F7200
G1 X155.000 Y50.000 E13420.85862 F7200
G1 X160.000 Y50.000 E13421.03324 F7200
G1 X165.000 Y50.000 E13421.20786 F7200
G1 X170.000 Y50.000 E13421.38247 F7200
G1 X170.000 Y55.000 E13421.55709 F7200
G1 X170.000 Y60.000 E13421.73170 F7200
G1 X170.000 Y65.000 E13421.90632 F7200
G1 X170.000 Y70.000 E13422.08093 F7200
G1 X170.000 Y75.000 E13422.25555 F7200
G1 X170.000 Y80.000 E13422.43017 F7200
G1 X170.000 Y85.000 E13422.60478 F7200
G1 X170.000 Y90.000 E13422.77940 F7200
G1 X170.000 Y95.000 E13422.95401 F7200
G1 X170.000 Y100.000 E13423.12863 F7200
G1 X170.000 Y105.000 E13423.30324 F7200
G1 X170.000 Y110.000 E13423.47786 F7200
G1 X170.000 Y115.000 E13423.65248 F7200
G1 X170.000 Y120.000 E13423.82709 F7200
G1 X170.000 Y125.000 E13424.00171 F7200
G1 X170.000 Y130.000 E13424.17632 F7200
G1 X170.000 Y135.000 E13424.35094 F7200
G1 X170.000 Y140.000 E13424.52555 F7200
G1 X170.000 Y145.000 E13424.70017 F7200
G1 X170.000 Y150.000 E13424.87479 F7200
G1 X170.000 Y155.000 E13425.04940 F7200
G1 X170.000 Y160.000 E13425.22402 F7200
G1 X170.000 Y165.000 E13425.39863 F7200
G1 X170.000 Y170.000 E13425.57325 F7200
G1 X165.000 Y170.000 E13425.74786 F7200
G1 X160.000 Y170.000 E13425.92248 F7200
G1 X155.000 Y170.000 E13426.09709 F7200
G1 X150.000 Y170.000 E13426.27171 F7200
G1 X145.000 Y170.000 E13426.44633 F7200
G1 X140.000 Y170.000 E13426.62094 F7200
G1 X135.000 Y170.000 E13426.79556 F7200
G1 X130.000 Y170.000 E13426.97017 F7200
G1 X125.000 Y170.000 E13427.14479 F7200
G1 X120.000 Y170.000 E13427.31940 F7200
G1 X115.000 Y170.000 E13427.49402 F7200
G1 X110.000 Y170.000 E13427.66864 F7200
G1 X105.000 Y170.000 E13427.84325 F7200
G1 X100.000 Y170.000 E13428.01787 F7200
G1 X95.000 Y170.000 E13428.19248 F7200
G1 X90.000 Y170.000 E13428.36710 F7200
G1 X85.000 Y170.000 E13428.54171 F7200
G1 X80.000 Y170.000 E13428.71633 F7200
G1 X75.000 Y170.000 E13428.89095 F7200
G1 X70.000 Y170.000 E13429.06556 F7200
G1 X65.000 Y170.000 E13429.24018 F7200
G1 X60.000 Y170.000 E13429.41479 F7200
G1 X55.000 Y170.000 E13429.58941 F7200
G1 X50.000 Y170.000 E13429.76402 F7200
G1 X50.000 Y165.000 E13429.93864 F7200
G1 X50.000 Y160.000 E13430.11326 F7200
G1 X50.000 Y155.000 E13430.28787 F7200
G1 X50.000 Y150.000 E13430.46249 F7200
G1 X50.000 Y145.000 E13430.63710 F7200
G1 X50.000 Y140.000 E13430.81172 F7200
G1 X50.000 Y135.000 E13430.98633 F7200
G1 X50.000 Y130.000 E13431.16095 F7200
G1 X50.000 Y125.000 E13431.33557 F7200
G1 X50.000 Y120.000 E13431.51018 F7200
G1 X50.000 Y115.000 E13431.68480 F7200
G1 X50.000 Y110.000 E13431.85941 F7200
G1 X50.000 Y105.000 E13432.03403 F7200
G1 X50.000 Y100.000 E13432.20864 F7200
G1 X50.000 Y95.000 E13432.38326 F7200
G1 X50.000 Y90.000 E13432.55788 F7200
G1 X50.000 Y85.000 E13432.73249 F7200
G1 X50.000 Y80.000 E13432.90711 F7200
G1 X50.000 Y75.000 E13433.08172 F7200
G1 X50.000 Y70.000 E13433.25634 F7200
G1 X50.000 Y65.000 E13433.43095 F7200
G1 X50.000 Y60.000 E13433.60557 F7200
G1 X50.000 Y55.000 E13433.78019 F7200
G1 X50.000 Y50.000 E13433.95480 F7200
;TYPE:Sparse infill
G1 X51.000 Y51.000 F12000
G1 X169.000 Y51.000 E13438.07573 F15000
G1 X169.000 Y56.000 F12000
G1 X51.000 Y56.000 E13442.19666 F15000
G1 X51.000 Y61.000 F12000
G1 X169.000 Y61.000 E13446.31759 F15000
G1 X169.000 Y66.000 F12000
G1 X51.000 Y66.000 E13450.43852 F15000
G1 X51.000 Y71.000 F12000
G1 X169.000 Y71.000 E13454.55946 F15000
G1 X169.000 Y76.000 F12000
G1 X51.000 Y76.000 E13458.68039 F15000
G1 X51.000 Y81.000 F12000
G1 X169.000 Y81.000 E13462.80132 F15000
G1 X169.000 Y86.000 F12000
G1 X51.000 Y86.000 E13466.92225 F15000
G1 X51.000 Y91.000 F12000
G1 X169.000 Y91.000 E13471.04318 F15000
G1 X169.000 Y96.000 F12000
G1 X51.000 Y96.000 E13475.16411 F15000
G1 X51.000 Y101.000 F12000
G1 X169.000 Y101.000 E13479.28504 F15000
G1 X169.000 Y106.000 F12000
G1 X51.000 Y106.000 E13483.40597 F15000
G1 X51.000 Y111.000 F12000
G1 X169.000 Y111.000 E13487.52690 F15000
G1 X169.000 Y116.000 F12000
G1 X51.000 Y116.000 E13491.64783 F15000
G1 X51.000 Y121.000 F12000
G1 X169.000 Y121.000 E13495.76876 F15000
G1 X169.000 Y126.000 F12000
G1 X51.000 Y126.000 E13499.88969 F15000
G1 X51.000 Y131.000 F12000
G1 X169.000 Y131.000 E13504.01062 F15000
G1 X169.000 Y136.000 F12000
G1 X51.000 Y136.000 E13508.13156 F15000
G1 X51.000 Y141.000 F12000
G1 X169.000 Y141.000 E13512.25249 F15000
G1 X169.000 Y146.000 F12000
G1 X51.000 Y146.000 E13516.37342 F15000
G1 X51.000 Y151.000 F12000
G1 X169.000 Y151.000 E13520.49435 F15000
G1 X169.000 Y156.000 F12000
G1 X51.000 Y156.000 E13524.61528 F15000
G1 X51.000 Y161.000 F12000
G1 X169.000 Y161.000 E13528.73621 F15000
G1 X169.000 Y166.000 F12000
G1 X51.000 Y166.000 E13532.85714 F15000
;LAYER_CHANGE
;Z:23.600
G1 Z23.600 F600
;TYPE:Outer wall
G1 X50.000 Y50.000 F7200
G1 X55.000 Y50.000 E13533.03176 F7200
G1 X60.000 Y50.000 E13533.20637 F7200
G1 X65.000 Y50.000 E13533.38099 F7200
G1 X70.000 Y50.000 E13533.55560 F7200
G1 X75.000 Y50.000 E13533.73022 F7200
G1 X80.000 Y50.000 E13533.90483 F7200
G1 X85.000 Y50.000 E13534.07945 F7200
G1 X90.000 Y50.000 E13534.25407 F7200
G1 X95.000 Y50.000 E13534.42868 F7200
G1 X100.000 Y50.000 E13534.60330 F7200
G1 X105.000 Y50.000 E13534.77791 F7200
G1 X110.000 Y50.000 E13534.95253 F7200
G1 X115.000 Y50.000 E13535.12714 F7200
G1 X120.000 Y50.000 E13535.30176 F7200
G1 X125.000 Y50.000 E13535.47638 F7200
G1 X130.000 Y50.000 E13535.65099 F7200
G1 X135.000 Y50.000 E13535.82561 F7200
G1 X140.000 Y50.000 E13536.00022 F7200
G1 X145.000 Y50.000 E13536.17484 F7200
G1 X150.000 Y50.000 E13536.34945 F7200
G1 X155.000 Y50.000 E13536.52407 F7200
G1 X160.000 Y50.000 E13536.69869 F7200
G1 X165.000 Y50.000 E13536.87330 F7200
G1 X170.000 Y50.000 E13537.04792 F7200
G1 X170.000 Y55.000 E13537.22253 F7200
G1 X170.000 Y60.000 E13537.39715 F7200
G1 X170.000 Y65.000 E13537.57176 F7200
G1 X170.000 Y70.000 E13537.74638 F7200
G1 X170.000 Y75.000 E13537.92100 F7200
G1 X170.000 Y80.000 E13538.09561 F7200
G1 X170.000 Y85.000 E13538.27023 F7200
G1 X170.000 Y90.000 E13538.44484 F7200
G1 X170.000 Y95.000 E13538.61946 F7200
G1 X170.000 Y100.000 E13538.79407 F7200
G1 X170.000 Y105.000 E13538.96869 F7200
G1 X170.000 Y110.000 E13539.14330 F7200
G1 X170.000 Y115.000 E13539.31792 F7200
G1 X170.000 Y120.000 E13539.49254 F7200
G1 X170.000 Y125.000 E13539.66715 F7200
G1 X170.000 Y130.000 E13539.84177 F7200
G1 X170.000 Y135.000 E13540.01638 F7200
G1 X170.000 Y140.000 E13540.19100 F7200
G1 X170.000 Y145.000 E13540.36561 F7200
G1 X170.000 Y150.000 E13540.54023 F7200
G1 X170.000 Y155.000 E13540.71485 F7200
G1 X170.000 Y160.000 E13540.88946 F7200
G1 X170.000 Y165.000 E13541.06408 F7200
G1 X170.000 Y170.000 E13541.23869 F7200
G1 X165.000 Y170.000 E13541.41331 F7200
G1 X160.000 Y170.000 E13541.58792 F7200
G1 X155.000 Y170.000 E13541.76254 F7200
G1 X150.000 Y170.000 E13541.93716 F7200
G1 X145.000 Y170.000 E13542.11177 F7200
G1 X140.000 Y170.000 E13542.28639 F7200
G1 X135.000 Y170.000 E13542.46100 F7200
G1 X130.000 Y170.000 E13542.63562 F7200
G1 X125.000 Y170.000 E13542.81023 F7200
G1 X120.000 Y170.000 E13542.98485 F7200
G1 X115.000 Y170.000 E13543.15947 F7200
G1 X110.000 Y170.000 E13543.33408 F7200
G1 X105.000 Y170.000 E13543.50870 F7200
G1 X100.000 Y170.000 E13543.68331 F7200
G1 X95.000 Y170.000 E13543.85793 F7200
G1 X90.000 Y170.000 E13544.03254 F7200
G1 X85.000 Y170.000 E13544.20716 F7200
G1 X80.000 Y170.000 E13544.38178 F7200
G1 X75.000 Y170.000 E13544.55639 F7200
G1 X70.000 Y170.000 E13544.73101 F7200
G1 X65.000 Y170.000 E13544.90562 F7200
G1 X60.000 Y170.000 E13545.08024 F7200
G1 X55.000 Y170.000 E13545.25485 F7200
G1 X50.000 Y170.000 E13545.42947 F7200
G1 X50.000 Y165.000 E13545.60409 F7200
G1 X50.000 Y160.000 E13545.77870 F7200
G1 X50.000 Y155.000 E13545.95332 F7200
G1 X50.000 Y150.000 E13546.12793 F7200
G1 X50.000 Y145.000 E13546.30255 F7200
G1 X50.000 Y140.000 E13546.47716 F7200
G1 X50.000 Y135.000 E13546.65178 F7200
G1 X50.000 Y130.000 E13546.82640 F7200
G1 X50.000 Y125.000 E13547.00101 F7200
G1 X50.000 Y120.000 E13547.17563 F7200
G1 X50.000 Y115.000 E13547.35024 F7200
G1 X50.000 Y110.000 E13547.52486 F7200
G1 X50.000 Y105.000 E13547.69947 F7200
G1 X50.000 Y100.000 E13547.87409 F7200
G1 X50.000 Y95.000 E13548.04871 F7200
G1 X50.000 Y90.000 E13548.22332 F7200
G1 X50.000 Y85.000 E13548.39794 F7200
G1 X50.000 Y80.000 E13548.57255 F7200
G1 X50.000 Y75.000 E13548.74717 F7200
G1 X50.000 Y70.000 E13548.92178 F7200
G1 X50.000 Y65.000 E13549.09640 F7200
G1 X50.000 Y60.000 E13549.27102 F7200
G1 X50.000 Y55.000 E13549.44563 F7200
G1 X50.000 Y50.000 E13549.62025 F7200
;TYPE:Sparse infill
G1 X51.000 Y51.000 F12000
G1 X169.000 Y51.000 E13553.74118 F15000
G1 X169.000 Y56.000 F12000
G1 X51.000 Y56.000 E13557.86211 F15000
G1 X51.000 Y61.000 F12000
G1 X169.000 Y61.000 E13561.98304 F15000
G1 X169.000 Y66.000 F12000
G1 X51.000 Y66.000 E13566.10397 F15000
G1 X51.000 Y71.000 F12000
G1 X169.000 Y71.000 E13570.22490 F15000
G1 X169.000 Y76.000 F12000
G1 X51.000 Y76.000 E13574.34583 F15000
G1 X51.000 Y81.000 F12000
G1 X169.000 Y81.000 E13578.46676 F15000
G1 X169.000 Y86.000 F12000
G1 X51.000 Y86.000 E13582.58769 F15000
G1 X51.000 Y91.000 F12000
G1 X169.000 Y91.000 E13586.70862 F15000
G1 X169.000 Y96.000 F12000
G1 X51.000 Y96.000 E13590.82955 F15000
G1 X51.000 Y101.000 F12000
G1 X169.000 Y101.000 E13594.95049 F15000
G1 X169.000 Y106.000 F12000
G1 X51.000 Y106.000 E13599.07142 F15000
G1 X51.000 Y111.000 F12000
G1 X169.000 Y111.000 E13603.19235 F15000
G1 X169.000 Y116.000 F12000
G1 X51.000 Y116.000 E13607.31328 F15000
G1 X51.000 Y121.000 F12000
G1 X169.000 Y121.000 E13611.43421 F15000
G1 X169.000 Y126.000 F12000
G1 X51.000 Y126.000 E13615.55514 F15000
G1 X51.000 Y131.000 F12000
G1 X169.000 Y131.000 E13619.67607 F15000
G1 X169.000 Y136.000 F12000
G1 X51.000 Y136.000 E13623.79700 F15000
G1 X51.000 Y141.000 F12000
G1 X169.000 Y141.000 E13627.91793 F15000
G1 X169.000 Y146.000 F12000
G1 X51.000 Y146.000 E13632.03886 F15000
G1 X51.000 Y151.000 F12000
G1 X169.000 Y151.000 E13636.15979 F15000
G1 X169.000 Y156.000 F12000
G1 X51.000 Y156.000 E13640.28072 F15000
G1 X51.000 Y161.000 F12000
G1 X169.000 Y161.000 E13644.40165 F15000
G1 X169.000 Y166.000 F12000
G1 X51.000 Y166.000 E13648.52259 F15000
;LAYER_CHANGE
;Z:23.800
G1 Z23.800 F600
;TYPE:Outer wall
G1 X50.000 Y50.000 F7200
G1 X55.000 Y50.000 E13648.69720 F7200
G1 X60.000 Y50.000 E13648.87182 F7200
G1 X65.000 Y50.000 E13649.04643 F7200
G1 X70.000 Y50.000 E13649.22105 F7200
G1 X75.000 Y50.000 E13649.39566 F7200
G1 X80.000 Y50.000 E13649.57028 F7200
G1 X85.000 Y50.000 E13649.74490 F7200
G1 X90.000 Y50.000 E13649.91951 F7200
G1 X95.000 Y50.000 E13650.09413 F7200
G1 X100.000 Y50.000 E13650.26874 F7200
G1 X105.000 Y50.000 E13650.44336 F7200
G1 X110.000 Y50.000 E13650.61797 F7200
G1 X115.000 Y50.000 E13650.79259 F7200
G1 X120.000 Y50.000 E13650.96721 F7200
G1 X125.000 Y50.000 E13651.14182 F7200
G1 X130.000 Y50.000 E13651.31644 F7200
G1 X135.000 Y50.000 E13651.49105 F7200
G1 X140.000 Y50.000 E13651.66567 F7200
G1 X145.000 Y50.000 E13651.84028 F7200
G1 X150.000 Y50.000 E13652.01490 F7200
G1 X155.000 Y50.000 E13652.18951 F7200
G1 X160.000 Y50.000 E13652.36413 F7200
G1 X165.000 Y50.000 E13652.53875 F7200
G1 X170.000 Y50.000 E13652.71336 F7200
G1 X170.000 Y55.000 E13652.88798 F7200
G1 X170.000 Y60.000 E13653.06259 F7200
G1 X170.000 Y65.000 E13653.23721 F7200
G1 X170.000 Y70.000 E13653.41182 F7200
G1 X170.000 Y75.000 E13653.58644 F7200
G1 X170.000 Y80.000 E13653.76106 F7200
G1 X170.000 Y85.000 E13653.93567 F7200
G1 X170.000 Y90.000 E13654.11029 F7200
G1 X170.000 Y95.000 E13654.28490 F7200
G1 X170.000 Y100.000 E13654.45952 F7200
G1 X170.000 Y105.000 E13654.63413 F7200
G1 X170.000 Y110.000 E13654.80875 F7200
G1 X170.000 Y115.000 E13654.98337 F7200
G1 X170.000 Y120.000 E13655.15798 F7200
G1 X170.000 Y125.000 E13655.33260 F7200
G1 X170.000 Y130.000 E13655.50721 F7200
G1 X170.000 Y135.000 E13655.68183 F7200
G1 X170.000 Y140.000 E13655.85644 F7200
G1 X170.000 Y145.000 E13656.03106 F7200
G1 X170.000 Y150.000 E13656.20568 F7200
G1 X170.000 Y155.000 E13656.38029 F7200
G1 X170.000 Y160.000 E13656.55491 F7200
G1 X170.000 Y165.000 E13656.72952 F7200
G1 X170.000 Y170.000 E13656.90414 F7200
G1 X165.000 Y170.000 E13657.07875 F7200
G1 X160.000 Y170.000 E13657.25337 F7200
G1 X155.000 Y170.000 E13657.42799 F7200
G1 X150.000 Y170.000 E13657.60260 F7200
G1 X145.000 Y170.000 E13657.77722 F7200
G1 X140.000 Y170.000 E13657.95183 F7200
G1 X135.000 Y170.000 E13658.12645 F7200
G1 X130.000 Y170.000 E13658.30106 F7200
G1 X125.000 Y170.000 E13658.47568 F7200
G1 X120.000 Y170.000 E13658.65030 F7200
G1 X115.000 Y170.000 E13658.82491 F7200
G1 X110.000 Y170.000 E13658.99953 F7200
G1 X105.000 Y170.000 E13659.17414 F7200
G1 X100.000 Y170.000 E13659.34876 F7200
G1 X95.000 Y170.000 E13659.52337 F7200
G1 X90.000 Y170.000 E13659.69799 F7200
G1 X85.000 Y170.000 E13659.87261 F7200
G1 X80.000 Y170.000 E13660.04722 F7200
G1 X75.000 Y170.000 E13660.22184 F7200
G1 X70.000 Y170.000 E13660.39645 F7200
G1 X65.000 Y170.000 E13660.57107 F7200
G1 X60.000 Y170.000 E13660.74568 F7200
G1 X55.000 Y170.000 E13660.92030 F7200
G1 X50.000 Y170.000 E13661.09492 F7200
G1 X50.000 Y165.000 E13661.26953 F7200
G1 X50.000 Y160.000 E13661.44415 F7200
G1 X50.000 Y155.000 E13661.61876 F7200
G1 X50.000 Y150.000 E13661.79338 F7200
G1 X50.000 Y145.000 E13661.96799 F7200
G1 X50.000 Y140.000 E13662.14261 F7200
G1 X50.000 Y135.000 E13662.31723 F7200
G1 X50.000 Y130.000 E13662.49184 F7200
G1 X50.000 Y125.000 E13662.66646 F7200
G1 X50.000 Y120.000 E13662.84107 F7200
G1 X50.000 Y115.000 E13663.01569 F7200
G1 X50.000 Y110.000 E13663.19030 F7200
G1 X50.000 Y105.000 E13663.36492 F7200
G1 X50.000 Y100.000 E13663.53954 F7200
G1 X50.000 Y95.000 E13663.71415 F7200
G1 X50.000 Y90.000 E13663.88877 F7200
G1 X50.000 Y85.000 E13664.06338 F7200
G1 X50.000 Y80.000 E13664.23800 F7200
G1 X50.000 Y75.000 E13664.41261 F7200
G1 X50.000 Y70.000 E13664.58723 F7200
G1 X50.000 Y65.000 E13664.76185 F7200
G1 X50.000 Y60.000 E13664.93646 F7200
G1 X50.000 Y55.000 E13665.11108 F7200
G1 X50.000 Y50.000 E13665.28569 F7200
;TYPE:Sparse infill
G1 X51.000 Y51.000 F12000
G1 X169.000 Y51.000 E13669.40662 F15000
G1 X169.000 Y56.000 F12000
G1 X51.000 Y56.000 E13673.52755 F15000
G1 X51.000 Y61.000 F12000
G1 X169.000 Y61.000 E13677.64849 F15000
G1 X169.000 Y66.000 F12000
G1 X51.000 Y66.000 E13681.76942 F15000
G1 X51.000 Y71.000 F12000
G1 X169.000 Y71.000 E13685.89035 F15000
G1 X169.000 Y76.000 F12000
G1 X51.000 Y76.000 E13690.01128 F15000
G1 X51.000 Y81.000 F12000
G1 X169.000 Y81.000 E13694.13221 F15000
G1 X169.000 Y86.000 F12000
G1 X51.000 Y86.000 E13698.25314 F15000
G1 X51.000 Y91.000 F12000
G1 X169.000 Y91.000 E13702.37407 F15000
G1 X169.000 Y96.000 F12000
G1 X51.000 Y96.000 E13706.49500 F15000
G1 X51.000 Y101.000 F12000
G1 X169.000 Y101.000 E13710.61593 F15000
G1 X169.000 Y106.000 F12000
G1 X51.000 Y106.000 E13714.73686 F15000
G1 X51.000 Y111.000 F12000
G1 X169.000 Y111.000 E13718.85779 F15000
G1 X169.000 Y116.000 F12000
G1 X51.000 Y116.000 E13722.97872 F15000
G1 X51.000 Y121.000 F12000
G1 X169.000 Y121.000 E13727.09965 F15000
G1 X169.000 Y126.000 F12000
G1 X51.000 Y126.000 E13731.22058 F15000
G1 X51.000 Y131.000 F12000
G1 X169.000 Y131.000 E13735.34152 F15000
G1 X169.000 Y136.000 F12000
G1 X51.000 Y136.000 E13739.46245 F15000
G1 X51.000 Y141.000 F12000
G1 X169.000 Y141.000 E13743.58338 F15000
G1 X169.000 Y146.000 F12000
G1 X51.000 Y146.000 E13747.70431 F15000
G1 X51.000 Y151.000 F12000
G1 X169.000 Y151.000 E13751.82524 F15000
G1 X169.000 Y156.000 F12000
G1 X51.000 Y156.000 E13755.94617 F15000
G1 X51.000 Y161.000 F12000
G1 X169.000 Y161.000 E13760.06710 F15000
G1 X169.000 Y166.000 F12000
G1 X51.000 Y166.000 E13764.18803 F15000
;LAYER_CHANGE
;Z:24.000
G1 Z24.000 F600
;TYPE:Outer wall
G1 X50.000 Y50.000 F7200
G1 X55.000 Y50.000 E13764.36265 F7200
G1 X60.000 Y50.000 E13764.53726 F7200
G1 X65.000 Y50.000 E13764.71188 F7200
G1 X70.000 Y50.000 E13764.88649 F7200
G1 X75.000 Y50.000 E13765.06111 F7200
G1 X80.000 Y50.000 E13765.23572 F7200
G1 X85.000 Y50.000 E13765.41034 F7200
G1 X90.000 Y50.000 E13765.58496 F7200
G1 X95.000 Y50.000 E13765.75957 F7200
G1 X100.000 Y50.000 E13765.93419 F7200
G1 X105.000 Y50.000 E13766.10880 F7200
G1 X110.000 Y50.000 E13766.28342 F7200
G1 X115.000 Y50.000 E13766.45803 F7200
G1 X120.000 Y50.000 E13766.63265 F7200
G1 X125.000 Y50.000 E13766.80727 F7200
G1 X130.000 Y50.000 E13766.98188 F7200
G1 X135.000 Y50.000 E13767.15650 F7200
G1 X140.000 Y50.000 E13767.33111 F7200
G1 X145.000 Y50.000 E13767.50573 F7200
G1 X150.000 Y50.000 E13767.68034 F7200
G1 X155.000 Y50.000 E13767.85496 F7200
G1 X160.000 Y50.000 E13768.02958 F7200
G1 X165.000 Y50.000 E13768.20419 F7200
G1 X170.000 Y50.000 E13768.37881 F7200
G1 X170.000 Y55.000 E13768.55342 F7200
G1 X170.000 Y60.000 E13768.72804 F7200
G1 X170.000 Y65.000 E13768.90265 F7200
G1 X170.000 Y70.000 E13769.07727 F7200
G1 X170.000 Y75.000 E13769.25189 F7200
G1 X170.000 Y80.000 E13769.42650 F7200
G1 X170.000 Y85.000 E13769.60112 F7200
G1 X170.000 Y90.000 E13769.77573 F7200
G1 X170.000 Y95.000 E13769.95035 F7200
G1 X170.000 Y100.000 E13770.12496 F7200
G1 X170.000 Y105.000 E13770.29958 F7200
G1 X170.000 Y110.000 E13770.47420 F7200
G1 X170.000 Y115.000 E13770.64881 F7200
G1 X170.000 Y120.000 E13770.82343 F7200
G1 X170.000 Y125.000 E13770.99804 F7200
G1 X170.000 Y130.000 E13771.17266 F7200
G1 X170.000 Y135.000 E13771.34727 F7200
G1 X170.000 Y140.000 E13771.52189 F7200
G1 X170.000 Y145.000 E13771.69651 F7200
G1 X170.000 Y150.000 E13771.87112 F7200
G1 X170.000 Y155.000 E13772.04574 F7200
G1 X170.000 Y160.000 E13772.22035 F7200
G1 X170.000 Y165.000 E13772.39497 F7200
G1 X170.000 Y170.000 E13772.56958 F7200
G1 X165.000 Y170.000 E13772.74420 F7200
G1 X160.000 Y170.000 E13772.91882 F7200
G1 X155.000 Y170.000 E13773.09343 F7200
G1 X150.000 Y170.000 E13773.26805 F7200
G1 X145.000 Y170.000 E13773.44266 F7200
G1 X140.000 Y170.000 E13773.61728 F7200
G1 X135.000 Y170.000 E13773.79189 F7200
G1 X130.000 Y170.000 E13773.96651 F7200
G1 X125.000 Y170.000 E13774.14113 F7200
G1 X120.000 Y170.000 E13774.31574 F7200
G1 X115.000 Y170.000 E13774.49036 F7200
G1 X110.000 Y170.000 E13774.66497 F7200
G1 X105.000 Y170.000 E13774.83959 F7200
G1 X100.000 Y170.000 E13775.01420 F7200
G1 X95.000 Y170.000 E13775.18882 F7200
G1 X90.000 Y170.000 E13775.36344 F7200
G1 X85.000 Y170.000 E13775.53805 F7200
G1 X80.000 Y170.000 E13775.71267 F7200
G1 X75.000 Y170.000 E13775.88728 F7200
G1 X70.000 Y170.000 E13776.06190 F7200
G1 X65.000 Y170.000 E13776.23651 F7200
G1 X60.000 Y170.000 E13776.41113 F7200
G1 X55.000 Y170.000 E13776.58575 F7200
G1 X50.000 Y170.000 E13776.76036 F7200
G1 X50.000 Y165.000 E13776.93498 F7200
G1 X50.000 Y160.000 E13777.10959 F7200
G1 X50.000 Y155.000 E13777.28421 F7200
G1 X50.000 Y150.000 E13777.45882 F7200
G1 X50.000 Y145.000 E13777.63344 F7200
G1 X50.000 Y140.000 E13777.80806 F7200
G1 X50.000 Y135.000 E13777.98267 F7200
G1 X50.000 Y130.000 E13778.15729 F7200
G1 X50.000 Y125.000 E13778.33190 F7200
G1 X50.000 Y120.000 E13778.50652 F7200
G1 X50.000 Y115.000 E13778.68113 F7200
G1 X50.000 Y110.000 E13778.85575 F7200
G1 X50.000 Y105.000 E13779.03037 F7200
G1 X50.000 Y100.000 E13779.20498 F7200
G1 X50.000 Y95.000 E13779.37960 F7200
G1 X50.000 Y90.000 E13779.55421 F7200
G1 X50.000 Y85.000 E13779.72883 F7200
G1 X50.000 Y80.000 E13779.90344 F7200
G1 X50.000 Y75.000 E13780.07806 F7200
G1 X50.000 Y70.000 E13780.25268 F7200
G1 X50.000 Y65.000 E13780.42729 F7200
G1 X50.000 Y60.000 E13780.60191 F7200
G1 X50.000 Y55.000 E13780.77652 F7200
G1 X50.000 Y50.000 E13780.95114 F7200
;TYPE:Sparse infill
G1 X51.000 Y51.000 F12000
G1 X169.000 Y51.000 E13785.07207 F15000
G1 X169.000 Y56.000 F12000
G1 X51.000 Y56.000 E13789.19300 F15000
G1 X51.000 Y61.000 F12000
G1 X169.000 Y61.000 E13793.31393 F15000
G1 X169.000 Y66.000 F12000
G1 X51.000 Y66.000 E13797.43486 F15000
G1 X51.000 Y71.000 F12000
G1 X169.000 Y71.000 E13801.55579 F15000
G1 X169.000 Y76.000 F12000
G1 X51.000 Y76.000 E13805.67672 F15000
G1 X51.000 Y81.000 F12000
G1 X169.000 Y81.000 E13809.79765 F15000
G1 X169.000 Y86.000 F12000
G1 X51.000 Y86.000 E13813.91858 F15000
G1 X51.000 Y91.000 F12000
G1 X169.000 Y91.000 E13818.03952 F15000
G1 X169.000 Y96.000 F12000
G1 X51.000 Y96.000 E13822.16045 F15000
G1 X51.000 Y101.000 F12000
G1 X169.000 Y101.000 E13826.28138 F15000
G1 X169.000 Y106.000 F12000
G1 X51.000 Y106.000 E13830.40231 F15000
G1 X51.000 Y111.000 F12000
G1 X169.000 Y111.000 E13834.52324 F15000
G1 X169.000 Y116.000 F12000
G1 X51.000 Y116.000 E13838.64417 F15000
G1 X51.000 Y121.000 F12000
G1 X169.000 Y121.000 E13842.76510 F15000
G1 X169.000 Y126.000 F12000
G1 X51.000 Y126.000 E13846.88603 F15000
G1 X51.000 Y131.000 F12000
G1 X169.000 Y131.000 E13851.00696 F15000
G1 X169.000 Y136.000 F12000
G1 X51.000 Y136.000 E13855.12789 F15000
G1 X51.000 Y141.000 F12000
G1 X169.000 Y141.000 E13859.24882 F15000
G1 X169.000 Y146.000 F12000
G1 X51.000 Y146.000 E13863.36975 F15000
G1 X51.000 Y151.000 F12000
G1 X169.000 Y151.000 E13867.49068 F15000
G1 X169.000 Y156.000 F12000
G1 X51.000 Y156.000 E13871.61161 F15000
G1 X51.000 Y161.000 F12000
G1 X169.000 Y161.000 E13875.73255 F15000
G1 X169.000 Y166.000 F12000
G1 X51.000 Y166.000 E13879.85348 F15000
;LAYER_CHANGE
;Z:24.200
G1 Z24.200 F600
;TYPE:Outer wall
G1 X50.000 Y50.000 F7200
G1 X55.000 Y50.000 E13880.02809 F7200
G1 X60.000 Y50.000 E13880.20271 F7200
G1 X65.000 Y50.000 E13880.37732 F7200
G1 X70.000 Y50.000 E13880.55194 F7200
G1 X75.000 Y50.000 E13880.72655 F7200
G1 X80.000 Y50.000 E13880.90117 F7200
G1 X85.000 Y50.000 E13881.07579 F7200
G1 X90.000 Y50.000 E13881.25040 F7200
G1 X95.000 Y50.000 E13881.42502 F7200
G1 X100.000 Y50.000 E13881.59963 F7200
G1 X105.000 Y50.000 E13881.77425 F7200
G1 X110.000 Y50.000 E13881.94886 F7200
G1 X115.000 Y50.000 E13882.12348 F7200
G1 X120.000 Y50.000 E13882.29810 F7200
G1 X125.000 Y50.000 E13882.47271 F7200
G1 X130.000 Y50.000 E13882.64733 F7200
G1 X135.000 Y50.000 E13882.82194 F7200
G1 X140.000 Y50.000 E13882.99656 F7200
G1 X145.000 Y50.000 E13883.17117 F7200
G1 X150.000 Y50.000 E13883.34579 F7200
G1 X155.000 Y50.000 E13883.52041 F7200
G1 X160.000 Y50.000 E13883.69502 F7200
G1 X165.000 Y50.000 E13883.86964 F7200
G1 X170.000 Y50.000 E13884.04425 F7200
G1 X170.000 Y55.000 E13884.21887 F7200
G1 X170.000 Y60.000 E13884.39348 F7200
G1 X170.000 Y65.000 E13884.56810 F7200
G1 X170.000 Y70.000 E13884.74272 F7200
G1 X170.000 Y75.000 E13884.91733 F7200
G1 X170.000 Y80.000 E13885.09195 F7200
G1 X170.000 Y85.000 E13885.26656 F7200
G1 X170.000 Y90.000 E13885.44118 F7200
G1 X170.000 Y95.000 E13885.61579 F7200
G1 X170.000 Y100.000 E13885.79041 F7200
G1 X170.000 Y105.000 E13885.96503 F7200
G1 X170.000 Y110.000 E13886.13964 F7200
G1 X170.000 Y115.000 E13886.31426 F7200
G1 X170.000 Y120.000 E13886.48887 F7200
G1 X170.000 Y125.000 E13886.66349 F7200
G1 X170.000 Y130.000 E13886.83810 F7200
G1 X170.000 Y135.000 E13887.01272 F7200
G1 X170.000 Y140.000 E13887.18734 F7200
G1 X170.000 Y145.000 E13887.36195 F7200
G1 X170.000 Y150.000 E13887.53657 F7200
G1 X170.000 Y155.000 E13887.71118 F7200
G1 X170.000 Y160.000 E13887.88580 F7200
G1 X170.000 Y165.000 E13888.06041 F7200
G1 X170.000 Y170.000 E13888.23503 F7200
G1 X165.000 Y170.000 E13888.40965 F7200
G1 X160.000 Y170.000 E13888.58426 F7200
G1 X155.000 Y170.000 E13888.75888 F7200
G1 X150.000 Y170.000 E13888.93349 F7200
G1 X145.000 Y170.000 E13889.10811 F7200
G1 X140.000 Y170.000 E13889.28272 F7200
G1 X135.000 Y170.000 E13889.45734 F7200
G1 X130.000 Y170.000 E13889.63196 F7200
G1 X125.000 Y170.000 E13889.80657 F7200
G1 X120.000 Y170.000 E13889.98119 F7200
G1 X115.000 Y170.000 E13890.15580 F7200
G1 X110.000 Y170.000 E13890.33042 F7200
G1 X105.000 Y170.000 E13890.50503 F7200
G1 X100.000 Y170.000 E13890.67965 F7200
G1 X95.000 Y170.000 E13890.85427 F7200
G1 X90.000 Y170.000 E13891.02888 F7200
G1 X85.000 Y170.000 E13891.20350 F7200
G1 X80.000 Y170.000 E13891.37811 F7200
G1 X75.000 Y170.000 E13891.55273 F7200
G1 X70.000 Y170.000 E13891.72734 F7200
G1 X65.000 Y170.000 E13891.90196 F7200
G1 X60.000 Y170.000 E13892.07658 F7200
G1 X55.000 Y170.000 E13892.25119 F7200
G1 X50.000 Y170.000 E13892.42581 F7200
G1 X50.000 Y165.000 E13892.60042 F7200
G1 X50.000 Y160.000 E13892.77504 F7200
G1 X50.000 Y155.000 E13892.94965 F7200
G1 X50.000 Y150.000 E13893.12427 F7200
G1 X50.000 Y145.000 E13893.29889 F7200
G1 X50.000 Y140.000 E13893.47350 F7200
G1 X50.000 Y135.000 E13893.64812 F7200
G1 X50.000 Y130.000 E13893.82273 F7200
G1 X50.000 Y125.000 E13893.99735 F7200
G1 X50.000 Y120.000 E13894.17196 F7200
G1 X50.000 Y115.000 E13894.34658 F7200
G1 X50.000 Y110.000 E13894.52120 F7200
G1 X50.000 Y105.000 E13894.69581 F7200
G1 X50.000 Y100.000 E13894.87043 F7200
G1 X50.000 Y95.000 E13895.04504 F7200
G1 X50.000 Y90.000 E13895.21966 F7200
G1 X50.000 Y85.000 E13895.39427 F7200
G1 X50.000 Y80.000 E13895.56889 F7200
G1 X50.000 Y75.000 E13895.74351 F7200
G1 X50.000 Y70.000 E13895.91812 F7200
G1 X50.000 Y65.000 E13896.09274 F7200
G1 X50.000 Y60.000 E13896.26735 F7200
G1 X50.000 Y55.000 E13896.44197 F7200
G1 X50.000 Y50.000 E13896.61658 F7200
;TYPE:Sparse infill
G1 X51.000 Y51.000 F12000
G1 X169.000 Y51.000 E13900.73752 F15000
G1 X169.000 Y56.000 F12000
G1 X51.000 Y56.000 E13904.85845 F15000
G1 X51.000 Y61.000 F12000
G1 X169.000 Y61.000 E13908.97938 F15000
G1 X169.000 Y66.000 F12000
G1 X51.000 Y66.000 E13913.10031 F15000
G1 X51.000 Y71.000 F12000
G1 X169.000 Y71.000 E13917.22124 F15000
G1 X169.000 Y76.000 F12000
G1 X51.000 Y76.000 E13921.34217 F15000
G1 X51.000 Y81.000 F12000
G1 X169.000 Y81.000 E13925.46310 F15000
G1 X169.000 Y86.000 F12000
G1 X51.000 Y86.000 E13929.58403 F15000
G1 X51.000 Y91.000 F12000
G1 X169.000 Y91.000 E13933.70496 F15000
G1 X169.000 Y96.000 F12000
G1 X51.000 Y96.000 E13937.82589 F15000
G1 X51.000 Y101.000 F12000
G1 X169.000 Y101.000 E13941.94682 F15000
G1 X169.000 Y106.000 F12000
G1 X51.000 Y106.000 E13946.06775 F15000
G1 X51.000 Y111.000 F12000
G1 X169.000 Y111.000 E13950.18868 F15000
G1 X169.000 Y116.000 F12000
G1 X51.000 Y116.000 E13954.30961 F15000
G1 X51.000 Y121.000 F12000
G1 X169.000 Y121.000 E13958.43055 F15000
G1 X169.000 Y126.000 F12000
G1 X51.000 Y126.000 E13962.55148 F15000
G1 X51.000 Y131.000 F12000
G1 X169.000 Y131.000 E13966.67241 F15000
G1 X169.000 Y136.000 F12000
G1 X51.000 Y136.000 E13970.79334 F15000
G1 X51.000 Y141.000 F12000
G1 X169.000 Y141.000 E13974.91427 F15000
G1 X169.000 Y146.000 F12000
G1 X51.000 Y146.000 E13979.03520 F15000
G1 X51.000 Y151.000 F12000
G1 X169.000 Y151.000 E13983.15613 F15000
G1 X169.000 Y156.000 F12000
G1 X51.000 Y156.000 E13987.27706 F15000
G1 X51.000 Y161.000 F12000
G1 X169.000 Y161.000 E13991.39799 F15000
G1 X169.000 Y166.000 F12000
G1 X51.000 Y166.000 E13995.51892 F15000
;LAYER_CHANGE
;Z:24.400
G1 Z24.400 F600
;TYPE:Outer wall
G1 X50.000 Y50.000 F7200
G1 X55.000 Y50.000 E13995.69354 F7200
G1 X60.000 Y50.000 E13995.86815 F7200
G1 X65.000 Y50.000 E13996.04277 F7200
G1 X70.000 Y50.000 E13996.21738 F7200
G1 X75.000 Y50.000 E13996.39200 F7200
G1 X80.000 Y50.000 E13996.56662 F7200
G1 X85.000 Y50.000 E13996.74123 F7200
G1 X90.000 Y50.000 E13996.91585 F7200
G1 X95.000 Y50.000 E13997.09046 F7200
G1 X100.000 Y50.000 E13997.26508 F7200
G1 X105.000 Y50.000 E13997.43969 F7200
G1 X110.000 Y50.000 E13997.61431 F7200
G1 X115.000 Y50.000 E13997.78893 F7200
G1 X120.000 Y50.000 E13997.96354 F7200
G1 X125.000 Y50.000 E13998.13816 F7200
G1 X130.000 Y50.000 E13998.31277 F7200
G1 X135.000 Y50.000 E13998.48739 F7200
G1 X140.000 Y50.000 E13998.66200 F7200
G1 X145.000 Y50.000 E13998.83662 F7200
G1 X150.000 Y50.000 E13999.01124 F7200
G1 X155.000 Y50.000 E13999.18585 F7200
G1 X160.000 Y50.000 E13999.36047 F7200
G1 X165.000 Y50.000 E13999.53508 F7200
G1 X170.000 Y50.000 E13999.70970 F7200
G1 X170.000 Y55.000 E13999.88431 F7200
G1 X170.000 Y60.000 E14000.05893 F7200
G1 X170.000 Y65.000 E14000.23355 F7200
G1 X170.000 Y70.000 E14000.40816 F7200
G1 X170.000 Y75.000 E14000.58278 F7200
G1 X170.000 Y80.000 E14000.75739 F7200
G1 X170.000 Y85.000 E14000.93201 F7200
G1 X170.000 Y90.000 E14001.10662 F7200
G1 X170.000 Y95.000 E14001.28124 F7200
G1 X170.000 Y100.000 E14001.45586 F7200
G1 X170.000 Y105.000 E14001.63047 F7200
G1 X170.000 Y110.000 E14001.80509 F7200
G1 X170.000 Y115.000 E14001.97970 F7200
G1 X170.000 Y120.000 E14002.15432 F7200
G1 X170.000 Y125.000 E14002.32893 F7200
G1 X170.000 Y130.000 E14002.50355 F7200
G1 X170.000 Y135.000 E14002.67817 F7200
G1 X170.000 Y140.000 E14002.85278 F7200
G1 X170.000 Y145.000 E14003.02740 F7200
G1 X170.000 Y150.000 E14003.20201 F7200
G1 X170.000 Y155.000 E14003.37663 F7200
G1 X170.000 Y160.000 E14003.55124 F7200
G1 X170.000 Y165.000 E14003.72586 F7200
G1 X170.000 Y170.000 E14003.90048 F7200
G1 X165.000 Y170.000 E14004.07509 F7200
G1 X160.000 Y170.000 E14004.24971 F7200
G1 X155.000 Y170.000 E14004.42432 F7200
G1 X150.000 Y170.000 E14004.59894 F7200
G1 X145.000 Y170.000 E14004.77355 F7200
G1 X140.000 Y170.000 E14004.94817 F7200
G1 X135.000 Y170.000 E14005.12279 F7200
G1 X130.000 Y170.000 E14005.29740 F7200
G1 X125.000 Y170.000 E14005.47202 F7200
G1 X120.000 Y170.000 E14005.64663 F7200
G1 X115.000 Y170.000 E14005.82125 F7200
G1 X110.000 Y170.000 E14005.99586 F7200
G1 X105.000 Y170.000 E14006.17048 F7200
G1 X100.000 Y170.000 E14006.34510 F7200
G1 X95.000 Y170.000 E14006.51971 F7200
G1 X90.000 Y170.000 E14006.69433 F7200
G1 X85.000 Y170.000 E14006.86894 F7200
G1 X80.000 Y170.000 E14007.04356 F7200
G1 X75.000 Y170.000 E14007.21817 F7200
G1 X70.000 Y170.000 E14007.39279 F7200
G1 X65.000 Y170.000 E14007.56741 F7200
G1 X60.000 Y170.000 E14007.74202 F7200
G1 X55.000 Y170.000 E14007.91664 F7200
G1 X50.000 Y170.000 E14008.09125 F7200
G1 X50.000 Y165.000 E14008.26587 F7200
G1 X50.000 Y160.000 E14008.44048 F7200
G1 X50.000 Y155.000 E14008.61510 F7200
G1 X50.000 Y150.000 E14008.78972 F7200
G1 X50.000 Y145.000 E14008.96433 F7200
G1 X50.000 Y140.000 E14009.13895 F7200
G1 X50.000 Y135.000 E14009.31356 F7200
G1 X50.000 Y130.000 E14009.48818 F7200
G1 X50.000 Y125.000 E14009.66279 F7200
G1 X50.000 Y120.000 E14009.83741 F7200
G1 X50.000 Y115.000 E14010.01203 F7200
G1 X50.000 Y110.000 E14010.18664 F7200
G1 X50.000 Y105.000 E14010.36126 F7200
G1 X50.000 Y100.000 E14010.53587 F7200
G1 X50.000 Y95.000 E14010.71049 F7200
G1 X50.000 Y90.000 E14010.88510 F7200
G1 X50.000 Y85.000 E14011.05972 F7200
G1 X50.000 Y80.000 E14011.23434 F7200
G1 X50.000 Y75.000 E14011.40895 F7200
G1 X50.000 Y70.000 E14011.58357 F7200
G1 X50.000 Y65.000 E14011.75818 F7200
G1 X50.000 Y60.000 E14011.93280 F7200
G1 X50.000 Y55.000 E14012.10741 F7200
G1 X50.000 Y50.000 E14012.28203 F7200
;TYPE:Sparse infill
G1 X51.000 Y51.000 F12000
G1 X169.000 Y51.000 E14016.40296 F15000
G1 X169.000 Y56.000 F12000
G1 X51.000 Y56.000 E14020.52389 F15000
G1 X51.000 Y61.000 F12000
G1 X169.000 Y61.000 E14024.64482 F15000
G1 X169.000 Y66.000 F12000
G1 X51.000 Y66.000 E14028.76575 F15000
G1 X51.000 Y71.000 F12000
G1 X169.000 Y71.000 E14032.88668 F15000
G1 X169.000 Y76.000 F12000
G1 X51.000 Y76.000 E14037.00761 F15000
G1 X51.000 Y81.000 F12000
G1 X169.000 Y81.000 E14041.12855 F15000
G1 X169.000 Y86.000 F12000
G1 X51.000 Y86.000 E14045.24948 F15000
G1 X51.000 Y91.000 F12000
G1 X169.000 Y91.000 E14049.37041 F15000
G1 X169.000 Y96.000 F12000
G1 X51.000 Y96.000 E14053.49134 F15000
G1 X51.000 Y101.000 F12000
G1 X169.000 Y101.000 E14057.61227 F15000
G1 X169.000 Y106.000 F12000
G1 X51.000 Y106.000 E14061.73320 F15000
G1 X51.000 Y111.000 F12000
G1 X169.000 Y111.000 E14065.85413 F15000
G1 X169.000 Y116.000 F12000
G1 X51.000 Y116.000 E14069.97506 F15000
G1 X51.000 Y121.000 F12000
G1 X169.000 Y121.000 E14074.09599 F15000
G1 X169.000 Y126.000 F12000
G1 X51.000 Y126.000 E14078.21692 F15000
G1 X51.000 Y131.000 F12000
G1 X169.000 Y131.000 E14082.33785 F15000
G1 X169.000 Y136.000 F12000
G1 X51.000 Y136.000 E14086.45878 F15000
G1 X51.000 Y141.000 F12000
G1 X169.000 Y141.000 E14090.57971 F15000
G1 X169.000 Y146.000 F12000
G1 X51.000 Y146.000 E14094.70064 F15000
G1 X51.000 Y151.000 F12000
G1 X169.000 Y151.000 E14098.82158 F15000
G1 X169.000 Y156.000 F12000
G1 X51.000 Y156.000 E14102.94251 F15000
G1 X51.000 Y161.000 F12000
G1 X169.000 Y161.000 E14107.06344 F15000
G1 X169.000 Y166.000 F12000
G1 X51.000 Y166.000 E14111.18437 F15000
;LAYER_CHANGE
;Z:24.600
G1 Z24.600 F600
;TYPE:Outer wall
G1 X50.000 Y50.000 F7200
G1 X55.000 Y50.000 E14111.35898 F7200
G1 X60.000 Y50.000 E14111.53360 F7200
G1 X65.000 Y50.000 E14111.70821 F7200
G1 X70.000 Y50.000 E14111.88283 F7200
G1 X75.000 Y50.000 E14112.05745 F7200
G1 X80.000 Y50.000 E14112.23206 F7200
G1 X85.000 Y50.000 E14112.40668 F7200
G1 X90.000 Y50.000 E14112.58129 F7200
G1 X95.000 Y50.000 E14112.75591 F7200
G1 X100.000 Y50.000 E14112.93052 F7200
G1 X105.000 Y50.000 E14113.10514 F7200
G1 X110.000 Y50.000 E14113.27976 F7200
G1 X115.000 Y50.000 E14113.45437 F7200
G1 X120.000 Y50.000 E14113.62899 F7200
G1 X125.000 Y50.000 E14113.80360 F7200
G1 X130.000 Y50.000 E14113.97822 F7200
G1 X135.000 Y50.000 E14114.15283 F7200
G1 X140.000 Y50.000 E14114.32745 F7200
G1 X145.000 Y50.000 E14114.50207 F7200
G1 X150.000 Y50.000 E14114.67668 F7200
G1 X155.000 Y50.000 E14114.85130 F7200
G1 X160.000 Y50.000 E14115.02591 F7200
G1 X165.000 Y50.000 E14115.20053 F7200
G1 X170.000 Y50.000 E14115.37514 F7200
G1 X170.000 Y55.000 E14115.54976 F7200
G1 X170.000 Y60.000 E14115.72438 F7200
G1 X170.000 Y65.000 E14115.89899 F7200
G1 X170.000 Y70.000 E14116.07361 F7200
G1 X170.000 Y75.000 E14116.24822 F7200
G1 X170.000 Y80.000 E14116.42284 F7200
G1 X170.000 Y85.000 E14116.59745 F7200
G1 X170.000 Y90.000 E14116.77207 F7200
G1 X170.000 Y95.000 E14116.94669 F7200
G1 X170.000 Y100.000 E14117.12130 F7200
G1 X170.000 Y105.000 E14117.29592 F7200
G1 X170.000 Y110.000 E14117.47053 F7200
G1 X170.000 Y115.000 E14117.64515 F7200
G1 X170.000 Y120.000 E14117.81976 F7200
G1 X170.000 Y125.000 E14117.99438 F7200
G1 X170.000 Y130.000 E14118.16900 F7200
G1 X170.000 Y135.000 E14118.34361 F7200
G1 X170.000 Y140.000 E14118.51823 F7200
G1 X170.000 Y145.000 E14118.69284 F7200
G1 X170.000 Y150.000 E14118.86746 F7200
G1 X170.000 Y155.000 E14119.04207 F7200
G1 X170.000 Y160.000 E14119.21669 F7200
G1 X170.000 Y165.000 E14119.39131 F7200
G1 X170.000 Y170.000 E14119.56592 F7200
G1 X165.000 Y170.000 E14119.74054 F7200
G1 X160.000 Y170.000 E14119.91515 F7200
G1 X155.000 Y170.000 E14120.08977 F7200
G1 X150.000 Y170.000 E14120.26438 F7200
G1 X145.000 Y170.000 E14120.43900 F7200
G1 X140.000 Y170.000 E14120.61362 F7200
G1 X135.000 Y170.000 E14120.78823 F7200
G1 X130.000 Y170.000 E14120.96285 F7200
G1 X125.000 Y170.000 E14121.13746 F7200
G1 X120.000 Y170.000 E14121.31208 F7200
G1 X115.000 Y170.000 E14121.48669 F7200
G1 X110.000 Y170.000 E14121.66131 F7200
G1 X105.000 Y170.000 E14121.83593 F7200
G1 X100.000 Y170.000 E14122.01054 F7200
G1 X95.000 Y170.000 E14122.18516 F7200
G1 X90.000 Y170.000 E14122.35977 F7200
G1 X85.000 Y170.000 E14122.53439 F7200
G1 X80.000 Y170.000 E14122.70900 F7200
G1 X75.000 Y170.000 E14122.88362 F7200
G1 X70.000 Y170.000 E14123.05824 F7200
G1 X65.000 Y170.000 E14123.23285 F7200
G1 X60.000 Y170.000 E14123.40747 F7200
G1 X55.000 Y170.000 E14123.58208 F7200
G1 X50.000 Y170.000 E14123.75670 F7200
G1 X50.000 Y165.000 E14123.93131 F7200
G1 X50.000 Y160.000 E14124.10593 F7200
G1 X50.000 Y155.000 E14124.28055 F7200
G1 X50.000 Y150.000 E14124.45516 F7200
G1 X50.000 Y145.000 E14124.62978 F7200
G1 X50.000 Y140.000 E14124.80439 F7200
G1 X50.000 Y135.000 E14124.97901 F7200
G1 X50.000 Y130.000 E14125.15362 F7200
G1 X50.000 Y125.000 E14125.32824 F7200
G1 X50.000 Y120.000 E14125.50286 F7200
G1 X50.000 Y115.000 E14125.67747 F7200
G1 X50.000 Y110.000 E14125.85209 F7200
G1 X50.000 Y105.000 E14126.02670 F7200
G1 X50.000 Y100.000 E14126.20132 F7200
G1 X50.000 Y95.000 E14126.37593 F7200
G1 X50.000 Y90.000 E14126.55055 F7200
G1 X50.000 Y85.000 E14126.72517 F7200
G1 X50.000 Y80.000 E14126.89978 F7200
G1 X50.000 Y75.000 E14127.07440 F7200
G1 X50.000 Y70.000 E14127.24901 F7200
G1 X50.000 Y65.000 E14127.42363 F7200
G1 X50.000 Y60.000 E14127.59824 F7200
G1 X50.000 Y55.000 E14127.77286 F7200
G1 X50.000 Y50.000 E14127.94748 F7200
;TYPE:Sparse infill
G1 X51.000 Y51.000 F12000
G1 X169.000 Y51.000 E14132.06841 F15000
G1 X169.000 Y56.000 F12000
G1 X51.000 Y56.000 E14136.18934 F15000
G1 X51.000 Y61.000 F12000
G1 X169.000 Y61.000 E14140.31027 F15000
G1 X169.000 Y66.000 F12000
G1 X51.000 Y66.000 E14144.43120 F15000
G1 X51.000 Y71.000 F12000
G1 X169.000 Y71.000 E14148.55213 F15000
G1 X169.000 Y76.000 F12000
G1 X51.000 Y76.000 E14152.67306 F15000
G1 X51.000 Y81.000 F12000
G1 X169.000 Y81.000 E14156.79399 F15000
G1 X169.000 Y86.000 F12000
G1 X51.000 Y86.000 E14160.91492 F15000
G1 X51.000 Y91.000 F12000
G1 X169.000 Y91.000 E14165.03585 F15000
G1 X169.000 Y96.000 F12000
G1 X51.000 Y96.000 E14169.15678 F15000
G1 X51.000 Y101.000 F12000
G1 X169.000 Y101.000 E14173.27771 F15000
G1 X169.000 Y106.000 F12000
G1 X51.000 Y106.000 E14177.39864 F15000
G1 X51.000 Y111.000 F12000
G1 X169.000 Y111.000 E14181.51958 F15000
G1 X169.000 Y116.000 F12000
G1 X51.000 Y116.000 E14185.64051 F15000
G1 X51.000 Y121.000 F12000
G1 X169.000 Y121.000 E14189.76144 F15000
G1 X169.000 Y126.000 F12000
G1 X51.000 Y126.000 E14193.88237 F15000
G1 X51.000 Y131.000 F12000
G1 X169.000 Y131.000 E14198.00330 F15000
G1 X169.000 Y136.000 F12000
G1 X51.000 Y136.000 E14202.12423 F15000
G1 X51.000 Y141.000 F12000
G1 X169.000 Y141.000 E14206.24516 F15000
G1 X169.000 Y146.000 F12000
G1 X51.000 Y146.000 E14210.36609 F15000
G1 X51.000 Y151.000 F12000
G1 X169.000 Y151.000 E14214.48702 F15000
G1 X169.000 Y156.000 F12000
G1 X51.000 Y156.000 E14218.60795 F15000
G1 X51.000 Y161.000 F12000
G1 X169.000 Y161.000 E14222.72888 F15000
G1 X169.000 Y166.000 F12000
G1 X51.000 Y166.000 E14226.84981 F15000
;LAYER_CHANGE
;Z:24.800
G1 Z24.800 F600
;TYPE:Outer wall
G1 X50.000 Y50.000 F7200
G1 X55.000 Y50.000 E14227.02443 F7200
G1 X60.000 Y50.000 E14227.19904 F7200
G1 X65.000 Y50.000 E14227.37366 F7200
G1 X70.000 Y50.000 E14227.54828 F7200
G1 X75.000 Y50.000 E14227.72289 F7200
G1 X80.000 Y50.000 E14227.89751 F7200
G1 X85.000 Y50.000 E14228.07212 F7200
G1 X90.000 Y50.000 E14228.24674 F7200
G1 X95.000 Y50.000 E14228.42135 F7200
G1 X100.000 Y50.000 E14228.59597 F7200
G1 X105.000 Y50.000 E14228.77059 F7200
G1 X110.000 Y50.000 E14228.94520 F7200
G1 X115.000 Y50.000 E14229.11982 F7200
G1 X120.000 Y50.000 E14229.29443 F7200
G1 X125.000 Y50.000 E14229.46905 F7200
G1 X130.000 Y50.000 E14229.64366 F7200
G1 X135.000 Y50.000 E14229.81828 F7200
G1 X140.000 Y50.000 E14229.99290 F7200
G1 X145.000 Y50.000 E14230.16751 F7200
G1 X150.000 Y50.000 E14230.34213 F7200
G1 X155.000 Y50.000 E14230.51674 F7200
G1 X160.000 Y50.000 E14230.69136 F7200
G1 X165.000 Y50.000 E14230.86597 F7200
G1 X170.000 Y50.000 E14231.04059 F7200
G1 X170.000 Y55.000 E14231.21521 F7200
G1 X170.000 Y60.000 E14231.38982 F7200
G1 X170.000 Y65.000 E14231.56444 F7200
G1 X170.000 Y70.000 E14231.73905 F7200
G1 X170.000 Y75.000 E14231.91367 F7200
G1 X170.000 Y80.000 E14232.08828 F7200
G1 X170.000 Y85.000 E14232.26290 F7200
G1 X170.000 Y90.000 E14232.43752 F7200
G1 X170.000 Y95.000 E14232.61213 F7200
G1 X170.000 Y100.000 E14232.78675 F7200
G1 X170.000 Y105.000 E14232.96136 F7200
G1 X170.000 Y110.000 E14233.13598 F7200
G1 X170.000 Y115.000 E14233.31059 F7200
G1 X170.000 Y120.000 E14233.48521 F7200
G1 X170.000 Y125.000 E14233.65983 F7200
G1 X170.000 Y130.000 E14233.83444 F7200
G1 X170.000 Y135.000 E14234.00906 F7200
G1 X170.000 Y140.000 E14234.18367 F7200
G1 X170.000 Y145.000 E14234.35829 F7200
G1 X170.000 Y150.000 E14234.53290 F7200
G1 X170.000 Y155.000 E14234.70752 F7200
G1 X170.000 Y160.000 E14234.88214 F7200
G1 X170.000 Y165.000 E14235.05675 F7200
G1 X170.000 Y170.000 E14235.23137 F7200
G1 X165.000 Y170.000 E14235.40598 F7200
G1 X160.000 Y170.000 E14235.58060 F7200
G1 X155.000 Y170.000 E14235.75521 F7200
G1 X150.000 Y170.000 E14235.92983 F7200
G1 X145.000 Y170.000 E14236.10445 F7200
G1 X140.000 Y170.000 E14236.27906 F7200
G1 X135.000 Y170.000 E14236.45368 F7200
G1 X130.000 Y170.000 E14236.62829 F7200
G1 X125.000 Y170.000 E14236.80291 F7200
G1 X120.000 Y170.000 E14236.97752 F7200
G1 X115.000 Y170.000 E14237.15214 F7200
G1 X110.000 Y170.000 E14237.32676 F7200
G1 X105.000 Y170.000 E14237.50137 F7200
G1 X100.000 Y170.000 E14237.67599 F7200
G1 X95.000 Y170.000 E14237.85060 F7200
G1 X90.000 Y170.000 E14238.02522 F7200
G1 X85.000 Y170.000 E14238.19983 F7200
G1 X80.000 Y170.000 E14238.37445 F7200
G1 X75.000 Y170.000 E14238.54907 F7200
G1 X70.000 Y170.000 E14238.72368 F7200
G1 X65.000 Y170.000 E14238.89830 F7200
G1 X60.000 Y170.000 E14239.07291 F7200
G1 X55.000 Y170.000 E14239.24753 F7200
G1 X50.000 Y170.000 E14239.42214 F7200
G1 X50.000 Y165.000 E14239.59676 F7200
G1 X50.000 Y160.000 E14239.77138 F7200
G1 X50.000 Y155.000 E14239.94599 F7200
G1 X50.000 Y150.000 E14240.12061 F7200
G1 X50.000 Y145.000 E14240.29522 F7200
G1 X50.000 Y140.000 E14240.46984 F7200
G1 X50.000 Y135.000 E14240.64445 F7200
G1 X50.000 Y130.000 E14240.81907 F7200
G1 X50.000 Y125.000 E14240.99369 F7200
G1 X50.000 Y120.000 E14241.16830 F7200
G1 X50.000 Y115.000 E14241.34292 F7200
G1 X50.000 Y110.000 E14241.51753 F7200
G1 X50.000 Y105.000 E14241.69215 F7200
G1 X50.000 Y100.000 E14241.86676 F7200
G1 X50.000 Y95.000 E14242.04138 F7200
G1 X50.000 Y90.000 E14242.21600 F7200
G1 X50.000 Y85.000 E14242.39061 F7200
G1 X50.000 Y80.000 E14242.56523 F7200
G1 X50.000 Y75.000 E14242.73984 F7200
G1 X50.000 Y70.000 E14242.91446 F7200
G1 X50.000 Y65.000 E14243.08907 F7200
G1 X50.000 Y60.000 E14243.26369 F7200
G1 X50.000 Y55.000 E14243.43831 F7200
G1 X50.000 Y50.000 E14243.61292 F7200
;TYPE:Sparse infill
G1 X51.000 Y51.000 F12000
G1 X169.000 Y51.000 E14247.73385 F15000
G1 X169.000 Y56.000 F12000
G1 X51.000 Y56.000 E14251.85478 F15000
G1 X51.000 Y61.000 F12000
G1 X169.000 Y61.000 E14255.97571 F15000
G1 X169.000 Y66.000 F12000
G1 X51.000 Y66.000 E14260.09664 F15000
G1 X51.000 Y71.000 F12000
G1 X169.000 Y71.000 E14264.21758 F15000
G1 X169.000 Y76.000 F12000
G1 X51.000 Y76.000 E14268.33851 F15000
G1 X51.000 Y81.000 F12000
G1 X169.000 Y81.000 E14272.45944 F15000
G1 X169.000 Y86.000 F12000
G1 X51.000 Y86.000 E14276.58037 F15000
G1 X51.000 Y91.000 F12000
G1 X169.000 Y91.000 E14280.70130 F15000
G1 X169.000 Y96.000 F12000
G1 X51.000 Y96.000 E14284.82223 F15000
G1 X51.000 Y101.000 F12000
G1 X169.000 Y101.000 E14288.94316 F15000
G1 X169.000 Y106.000 F12000
G1 X51.000 Y106.000 E14293.06409 F15000
G1 X51.000 Y111.000 F12000
G1 X169.000 Y111.000 E14297.18502 F15000
G1 X169.000 Y116.000 F12000
G1 X51.000 Y116.000 E14301.30595 F15000
G1 X51.000 Y121.000 F12000
G1 X169.000 Y121.000 E14305.42688 F15000
G1 X169.000 Y126.000 F12000
G1 X51.000 Y126.000 E14309.54781 F15000
G1 X51.000 Y131.000 F12000
G1 X169.000 Y131.000 E14313.66874 F15000
G1 X169.000 Y136.000 F12000
G1 X51.000 Y136.000 E14317.78967 F15000
G1 X51.000 Y141.000 F12000
G1 X169.000 Y141.000 E14321.91061 F15000
G1 X169.000 Y146.000 F12000
G1 X51.000 Y146.000 E14326.03154 F15000
G1 X51.000 Y151.000 F12000
G1 X169.000 Y151.000 E14330.15247 F15000
G1 X169.000 Y156.000 F12000
G1 X51.000 Y156.000 E14334.27340 F15000
G1 X51.000 Y161.000 F12000
G1 X169.000 Y161.000 E14338.39433 F15000
G1 X169.000 Y166.000 F12000
G1 X51.000 Y166.000 E14342.51526 F15000
;LAYER_CHANGE
;Z:25.000
G1 Z25.000 F600
;TYPE:Outer wall
G1 X50.000 Y50.000 F7200
G1 X55.000 Y50.000 E14342.68987 F7200
G1 X60.000 Y50.000 E14342.86449 F7200
G1 X65.000 Y50.000 E14343.03911 F7200
G1 X70.000 Y50.000 E14343.21372 F7200
G1 X75.000 Y50.000 E14343.38834 F7200
G1 X80.000 Y50.000 E14343.56295 F7200
G1 X85.000 Y50.000 E14343.73757 F7200
G1 X90.000 Y50.000 E14343.91218 F7200
G1 X95.000 Y50.000 E14344.08680 F7200
G1 X100.000 Y50.000 E14344.26142 F7200
G1 X105.000 Y50.000 E14344.43603 F7200
G1 X110.000 Y50.000 E14344.61065 F7200
G1 X115.000 Y50.000 E14344.78526 F7200
G1 X120.000 Y50.000 E14344.95988 F7200
G1 X125.000 Y50.000 E14345.13449 F7200
G1 X130.000 Y50.000 E14345.30911 F7200
G1 X135.000 Y50.000 E14345.48373 F7200
G1 X140.000 Y50.000 E14345.65834 F7200
G1 X145.000 Y50.000 E14345.83296 F7200
G1 X150.000 Y50.000 E14346.00757 F7200
G1 X155.000 Y50.000 E14346.18219 F7200
G1 X160.000 Y50.000 E14346.35680 F7200
G1 X165.000 Y50.000 E14346.53142 F7200
G1 X170.000 Y50.000 E14346.70604 F7200
G1 X170.000 Y55.000 E14346.88065 F7200
G1 X170.000 Y60.000 E14347.05527 F7200
G1 X170.000 Y65.000 E14347.22988 F7200
G1 X170.000 Y70.000 E14347.40450 F7200
G1 X170.000 Y75.000 E14347.57911 F7200
G1 X170.000 Y80.000 E14347.75373 F7200
G1 X170.000 Y85.000 E14347.92835 F7200
G1 X170.000 Y90.000 E14348.10296 F7200
G1 X170.000 Y95.000 E14348.27758 F7200
G1 X170.000 Y100.000 E14348.45219 F7200
G1 X170.000 Y105.000 E14348.62681 F7200
G1 X170.000 Y110.000 E14348.80142 F7200
G1 X170.000 Y115.000 E14348.97604 F7200
G1 X170.000 Y120.000 E14349.15066 F7200
G1 X170.000 Y125.000 E14349.32527 F7200
G1 X170.000 Y130.000 E14349.49989 F7200
G1 X170.000 Y135.000 E14349.67450 F7200
G1 X170.000 Y140.000 E14349.84912 F7200
G1 X170.000 Y145.000 E14350.02373 F7200
G1 X170.000 Y150.000 E14350.19835 F7200
G1 X170.000 Y155.000 E14350.37297 F7200
G1 X170.000 Y160.000 E14350.54758 F7200
G1 X170.000 Y165.000 E14350.72220 F7200
G1 X170.000 Y170.000 E14350.89681 F7200
G1 X165.000 Y170.000 E14351.07143 F7200
G1 X160.000 Y170.000 E14351.24604 F7200
G1 X155.000 Y170.000 E14351.42066 F7200
G1 X150.000 Y170.000 E14351.59528 F7200
G1 X145.000 Y170.000 E14351.76989 F7200
G1 X140.000 Y170.000 E14351.94451 F7200
G1 X135.000 Y170.000 E14352.11912 F7200
G1 X130.000 Y170.000 E14352.29374 F7200
G1 X125.000 Y170.000 E14352.46835 F7200
G1 X120.000 Y170.000 E14352.64297 F7200
G1 X115.000 Y170.000 E14352.81759 F7200
G1 X110.000 Y170.000 E14352.99220 F7200
G1 X105.000 Y170.000 E14353.16682 F7200
G1 X100.000 Y170.000 E14353.34143 F7200
G1 X95.000 Y170.000 E14353.51605 F7200
G1 X90.000 Y170.000 E14353.69066 F7200
G1 X85.000 Y170.000 E14353.86528 F7200
G1 X80.000 Y170.000 E14354.03990 F7200
G1 X75.000 Y170.000 E14354.21451 F7200
G1 X70.000 Y170.000 E14354.38913 F7200
G1 X65.000 Y170.000 E14354.56374 F7200
G1 X60.000 Y170.000 E14354.73836 F7200
G1 X55.000 Y170.000 E14354.91297 F7200
G1 X50.000 Y170.000 E14355.08759 F7200
G1 X50.000 Y165.000 E14355.26221 F7200
G1 X50.000 Y160.000 E14355.43682 F7200
G1 X50.000 Y155.000 E14355.61144 F7200
G1 X50.000 Y150.000 E14355.78605 F7200
G1 X50.000 Y145.000 E14355.96067 F7200
G1 X50.000 Y140.000 E14356.13528 F7200
G1 X50.000 Y135.000 E14356.30990 F7200
G1 X50.000 Y130.000 E14356.48452 F7200
G1 X50.000 Y125.000 E14356.65913 F7200
G1 X50.000 Y120.000 E14356.83375 F7200
G1 X50.000 Y115.000 E14357.00836 F7200
G1 X50.000 Y110.000 E14357.18298 F7200
G1 X50.000 Y105.000 E14357.35759 F7200
G1 X50.000 Y100.000 E14357.53221 F7200
G1 X50.000 Y95.000 E14357.70683 F7200
G1 X50.000 Y90.000 E14357.88144 F7200
G1 X50.000 Y85.000 E14358.05606 F7200
G1 X50.000 Y80.000 E14358.23067 F7200
G1 X50.000 Y75.000 E14358.40529 F7200
G1 X50.000 Y70.000 E14358.57990 F7200
G1 X50.000 Y65.000 E14358.75452 F7200
G1 X50.000 Y60.000 E14358.92914 F7200
G1 X50.000 Y55.000 E14359.10375 F7200
G1 X50.000 Y50.000 E14359.27837 F7200
;TYPE:Sparse infill
G1 X51.000 Y51.000 F12000
G1 X169.000 Y51.000 E14363.39930 F15000
G1 X169.000 Y56.000 F12000
G1 X51.000 Y56.000 E14367.52023 F15000
G1 X51.000 Y61.000 F12000
G1 X169.000 Y61.000 E14371.64116 F15000
G1 X169.000 Y66.000 F12000
G1 X51.000 Y66.000 E14375.76209 F15000
G1 X51.000 Y71.000 F12000
G1 X169.000 Y71.000 E14379.88302 F15000
G1 X169.000 Y76.000 F12000
G1 X51.000 Y76.000 E14384.00395 F15000
G1 X51.000 Y81.000 F12000
G1 X169.000 Y81.000 E14388.12488 F15000
G1 X169.000 Y86.000 F12000
G1 X51.000 Y86.000 E14392.24581 F15000
G1 X51.000 Y91.000 F12000
G1 X169.000 Y91.000 E14396.36674 F15000
G1 X169.000 Y96.000 F12000
G1 X51.000 Y96.000 E14400.48767 F15000
G1 X51.000 Y101.000 F12000
G1 X169.000 Y101.000 E14404.60861 F15000
G1 X169.000 Y106.000 F12000
G1 X51.000 Y106.000 E14408.72954 F15000
G1 X51.000 Y111.000 F12000
G1 X169.000 Y111.000 E14412.85047 F15000
G1 X169.000 Y116.000 F12000
G1 X51.000 Y116.000 E14416.97140 F15000
G1 X51.000 Y121.000 F12000
G1 X169.000 Y121.000 E14421.09233 F15000
G1 X169.000 Y126.000 F12000
G1 X51.000 Y126.000 E14425.21326 F15000
G1 X51.000 Y131.000 F12000
G1 X169.000 Y131.000 E14429.33419 F15000
G1 X169.000 Y136.000 F12000
G1 X51.000 Y136.000 E14433.45512 F15000
G1 X51.000 Y141.000 F12000
G1 X169.000 Y141.000 E14437.57605 F15000
G1 X169.000 Y146.000 F12000
G1 X51.000 Y146.000 E14441.69698 F15000
G1 X51.000 Y151.000 F12000
G1 X169.000 Y151.000 E14445.81791 F15000
G1 X169.000 Y156.000 F12000
G1 X51.000 Y156.000 E14449.93884 F15000
G1 X51.000 Y161.000 F12000
G1 X169.000 Y161.000 E14454.05977 F15000
G1 X169.000 Y166.000 F12000
G1 X51.000 Y166.000 E14458.18070 F15000
;LAYER_CHANGE
;Z:25.200
G1 Z25.200 F600
;TYPE:Outer wall
G1 X50.000 Y50.000 F7200
G1 X55.000 Y50.000 E14458.35532 F7200
G1 X60.000 Y50.000 E14458.52994 F7200
G1 X65.000 Y50.000 E14458.70455 F7200
G1 X70.000 Y50.000 E14458.87917 F7200
G1 X75.000 Y50.000 E14459.05378 F7200
G1 X80.000 Y50.000 E14459.22840 F7200
G1 X85.000 Y50.000 E14459.40301 F7200
G1 X90.000 Y50.000 E14459.57763 F7200
G1 X95.000 Y50.000 E14459.75225 F7200
G1 X100.000 Y50.000 E14459.92686 F7200
G1 X105.000 Y50.000 E14460.10148 F7200
G1 X110.000 Y50.000 E14460.27609 F7200
G1 X115.000 Y50.000 E14460.45071 F7200
G1 X120.000 Y50.000 E14460.62532 F7200
G1 X125.000 Y50.000 E14460.79994 F7200
G1 X130.000 Y50.000 E14460.97456 F7200
G1 X135.000 Y50.000 E14461.14917 F7200
G1 X140.000 Y50.000 E14461.32379 F7200
G1 X145.000 Y50.000 E14461.49840 F7200
G1 X150.000 Y50.000 E14461.67302 F7200
G1 X155.000 Y50.000 E14461.84763 F7200
G1 X160.000 Y50.000 E14462.02225 F7200
G1 X165.000 Y50.000 E14462.19687 F7200
G1 X170.000 Y50.000 E14462.37148 F7200
G1 X170.000 Y55.000 E14462.54610 F7200
G1 X170.000 Y60.000 E14462.72071 F7200
G1 X170.000 Y65.000 E14462.89533 F7200
G1 X170.000 Y70.000 E14463.06994 F7200
G1 X170.000 Y75.000 E14463.24456 F7200
G1 X170.000 Y80.000 E14463.41918 F7200
G1 X170.000 Y85.000 E14463.59379 F7200
G1 X170.000 Y90.000 E14463.76841 F7200
G1 X170.000 Y95.000 E14463.94302 F7200
G1 X170.000 Y100.000 E14464.11764 F7200
G1 X170.000 Y105.000 E14464.29225 F7200
G1 X170.000 Y110.000 E14464.46687 F7200
G1 X170.000 Y115.000 E14464.64149 F7200
G1 X170.000 Y120.000 E14464.81610 F7200
G1 X170.000 Y125.000 E14464.99072 F7200
G1 X170.000 Y130.000 E14465.16533 F7200
G1 X170.000 Y135.000 E14465.33995 F7200
G1 X170.000 Y140.000 E14465.51456 F7200
G1 X170.000 Y145.000 E14465.68918 F7200
G1 X170.000 Y150.000 E14465.86380 F7200
G1 X170.000 Y155.000 E14466.03841 F7200
G1 X170.000 Y160.000 E14466.21303 F7200
G1 X170.000 Y165.000 E14466.38764 F7200
G1 X170.000 Y170.000 E14466.56226 F7200
G1 X165.000 Y170.000 E14466.73687 F7200
G1 X160.000 Y170.000 E14466.91149 F7200
G1 X155.000 Y170.000 E14467.08611 F7200
G1 X150.000 Y170.000 E14467.26072 F7200
G1 X145.000 Y170.000 E14467.43534 F7200
G1 X140.000 Y170.000 E14467.60995 F7200
G1 X135.000 Y170.000 E14467.78457 F7200
G1 X130.000 Y170.000 E14467.95918 F7200
G1 X125.000 Y170.000 E14468.13380 F7200
G1 X120.000 Y170.000 E14468.30842 F7200
G1 X115.000 Y170.000 E14468.48303 F7200
G1 X110.000 Y170.000 E14468.65765 F7200
G1 X105.000 Y170.000 E14468.83226 F7200
G1 X100.000 Y170.000 E14469.00688 F7200
G1 X95.000 Y170.000 E14469.18149 F7200
G1 X90.000 Y170.000 E14469.35611 F7200
G1 X85.000 Y170.000 E14469.53073 F7200
G1 X80.000 Y170.000 E14469.70534 F7200
G1 X75.000 Y170.000 E14469.87996 F7200
G1 X70.000 Y170.000 E14470.05457 F7200
G1 X65.000 Y170.000 E14470.22919 F7200
G1 X60.000 Y170.000 E14470.40380 F7200
G1 X55.000 Y170.000 E14470.57842 F7200
G1 X50.000 Y170.000 E14470.75304 F7200
G1 X50.000 Y165.000 E14470.92765 F7200
G1 X50.000 Y160.000 E14471.10227 F7200
G1 X50.000 Y155.000 E14471.27688 F7200
G1 X50.000 Y150.000 E14471.45150 F7200
G1 X50.000 Y145.000 E14471.62611 F7200
G1 X50.000 Y140.000 E14471.80073 F7200
G1 X50.000 Y135.000 E14471.97535 F7200
G1 X50.000 Y130.000 E14472.14996 F7200
G1 X50.000 Y125.000 E14472.32458 F7200
G1 X50.000 Y120.000 E14472.49919 F7200
G1 X50.000 Y115.000 E14472.67381 F7200
G1 X50.000 Y110.000 E14472.84842 F7200
G1 X50.000 Y105.000 E14473.02304 F7200
G1 X50.000 Y100.000 E14473.19766 F7200
G1 X50.000 Y95.000 E14473.37227 F7200
G1 X50.000 Y90.000 E14473.54689 F7200
G1 X50.000 Y85.000 E14473.72150 F7200
G1 X50.000 Y80.000 E14473.89612 F7200
G1 X50.000 Y75.000 E14474.07073 F7200
G1 X50.000 Y70.000 E14474.24535 F7200
G1 X50.000 Y65.000 E14474.41997 F7200
G1 X50.000 Y60.000 E14474.59458 F7200
G1 X50.000 Y55.000 E14474.76920 F7200
G1 X50.000 Y50.000 E14474.94381 F7200
;TYPE:Sparse infill
G1 X51.000 Y51.000 F12000
G1 X169.000 Y51.000 E14479.06474 F15000
G1 X169.000 Y56.000 F12000
G1 X51.000 Y56.000 E14483.18567 F15000
G1 X51.000 Y61.000 F12000
G1 X169.000 Y61.000 E14487.30660 F15000
G1 X169.000 Y66.000 F12000
G1 X51.000 Y66.000 E14491.42754 F15000
G1 X51.000 Y71.000 F12000
G1 X169.000 Y71.000 E14495.54847 F15000
G1 X169.000 Y76.000 F12000
G1 X51.000 Y76.000 E14499.66940 F15000
G1 X51.000 Y81.000 F12000
G1 X169.000 Y81.000 E14503.79033 F15000
G1 X169.000 Y86.000 F12000
G1 X51.000 Y86.000 E14507.91126 F15000
G1 X51.000 Y91.000 F12000
G1 X169.000 Y91.000 E14512.03219 F15000
G1 X169.000 Y96.000 F12000
G1 X51.000 Y96.000 E14516.15312 F15000
G1 X51.000 Y101.000 F12000
G1 X169.000 Y101.000 E14520.27405 F15000
G1 X169.000 Y106.000 F12000
G1 X51.000 Y106.000 E14524.39498 F15000
G1 X51.000 Y111.000 F12000
G1 X169.000 Y111.000 E14528.51591 F15000
G1 X169.000 Y116.000 F12000
G1 X51.000 Y116.000 E14532.63684 F15000
G1 X51.000 Y121.000 F12000
G1 X169.000 Y121.000 E14536.75777 F15000
G1 X169.000 Y126.000 F12000
G1 X51.000 Y126.000 E14540.87870 F15000
G1 X51.000 Y131.000 F12000
G1 X169.000 Y131.000 E14544.99964 F15000
G1 X169.000 Y136.000 F12000
G1 X51.000 Y136.000 E14549.12057 F15000
G1 X51.000 Y141.000 F12000
G1 X169.000 Y141.000 E14553.24150 F15000
G1 X169.000 Y146.000 F12000
G1 X51.000 Y146.000 E14557.36243 F15000
G1 X51.000 Y151.000 F12000
G1 X169.000 Y151.000 E14561.48336 F15000
G1 X169.000 Y156.000 F12000
G1 X51.000 Y156.000 E14565.60429 F15000
G1 X51.000 Y161.000 F12000
G1 X169.000 Y161.000 E14569.72522 F15000
G1 X169.000 Y166.000 F12000
G1 X51.000 Y166.000 E14573.84615 F15000
;LAYER_CHANGE
;Z:25.400
G1 Z25.400 F600
;TYPE:Outer wall
G1 X50.000 Y50.000 F7200
G1 X55.000 Y50.000 E14574.02077 F7200
G1 X60.000 Y50.000 E14574.19538 F7200
G1 X65.000 Y50.000 E14574.37000 F7200
G1 X70.000 Y50.000 E14574.54461 F7200
G1 X75.000 Y50.000 E14574.71923 F7200
G1 X80.000 Y50.000 E14574.89384 F7200
G1 X85.000 Y50.000 E14575.06846 F7200
G1 X90.000 Y50.000 E14575.24308 F7200
G1 X95.000 Y50.000 E14575.41769 F7200
G1 X100.000 Y50.000 E14575.59231 F7200
G1 X105.000 Y50.000 E14575.76692 F7200
G1 X110.000 Y50.000 E14575.94154 F7200
G1 X115.000 Y50.000 E14576.11615 F7200
G1 X120.000 Y50.000 E14576.29077 F7200
G1 X125.000 Y50.000 E14576.46539 F7200
G1 X130.000 Y50.000 E14576.64000 F7200
G1 X135.000 Y50.000 E14576.81462 F7200
G1 X140.000 Y50.000 E14576.98923 F7200
G1 X145.000 Y50.000 E14577.16385 F7200
G1 X150.000 Y50.000 E14577.33846 F7200
G1 X155.000 Y50.000 E14577.51308 F7200
G1 X160.000 Y50.000 E14577.68770 F7200
G1 X165.000 Y50.000 E14577.86231 F7200
G1 X170.000 Y50.000 E14578.03693 F7200
G1 X170.000 Y55.000 E14578.21154 F7200
G1 X170.000 Y60.000 E14578.38616 F7200
G1 X170.000 Y65.000 E14578.56077 F7200
G1 X170.000 Y70.000 E14578.73539 F7200
G1 X170.000 Y75.000 E14578.91001 F7200
G1 X170.000 Y80.000 E14579.08462 F7200
G1 X170.000 Y85.000 E14579.25924 F7200
G1 X170.000 Y90.000 E14579.43385 F7200
G1 X170.000 Y95.000 E14579.60847 F7200
G1 X170.000 Y100.000 E14579.78308 F7200
G1 X170.000 Y105.000 E14579.95770 F7200
G1 X170.000 Y110.000 E14580.13232 F7200
G1 X170.000 Y115.000 E14580.30693 F7200
G1 X170.000 Y120.000 E14580.48155 F7200
G1 X170.000 Y125.000 E14580.65616 F7200
G1 X170.000 Y130.000 E14580.83078 F7200
G1 X170.000 Y135.000 E14581.00539 F7200
G1 X170.000 Y140.000 E14581.18001 F7200
G1 X170.000 Y145.000 E14581.35463 F7200
G1 X170.000 Y150.000 E14581.52924 F7200
G1 X170.000 Y155.000 E14581.70386 F7200
G1 X170.000 Y160.000 E14581.87847 F7200
G1 X170.000 Y165.000 E14582.05309 F7200
G1 X170.000 Y170.000 E14582.22770 F7200
G1 X165.000 Y170.000 E14582.40232 F7200
G1 X160.000 Y170.000 E14582.57694 F7200
G1 X155.000 Y170.000 E14582.75155 F7200
G1 X150.000 Y170.000 E14582.92617 F7200
G1 X145.000 Y170.000 E14583.10078 F7200
G1 X140.000 Y170.000 E14583.27540 F7200
G1 X135.000 Y170.000 E14583.45001 F7200
G1 X130.000 Y170.000 E14583.62463 F7200
G1 X125.000 Y170.000 E14583.79925 F7200
G1 X120.000 Y170.000 E14583.97386 F7200
G1 X115.000 Y170.000 E14584.14848 F7200
G1 X110.000 Y170.000 E14584.32309 F7200
G1 X105.000 Y170.000 E14584.49771 F7200
G1 X100.000 Y170.000 E14584.67232 F7200
G1 X95.000 Y170.000 E14584.84694 F7200
G1 X90.000 Y170.000 E14585.02156 F7200
G1 X85.000 Y170.000 E14585.19617 F7200
G1 X80.000 Y170.000 E14585.37079 F7200
G1 X75.000 Y170.000 E14585.54540 F7200
G1 X70.000 Y170.000 E14585.72002 F7200
G1 X65.000 Y170.000 E14585.89463 F7200
G1 X60.000 Y170.000 E14586.06925 F7200
G1 X55.000 Y170.000 E14586.24387 F7200
G1 X50.000 Y170.000 E14586.41848 F7200
G1 X50.000 Y165.000 E14586.59310 F7200
G1 X50.000 Y160.000 E14586.76771 F7200
G1 X50.000 Y155.000 E14586.94233 F7200
G1 X50.000 Y150.000 E14587.11694 F7200
G1 X50.000 Y145.000 E14587.29156 F7200
G1 X50.000 Y140.000 E14587.46618 F7200
G1 X50.000 Y135.000 E14587.64079 F7200
G1 X50.000 Y130.000 E14587.81541 F7200
G1 X50.000 Y125.000 E14587.99002 F7200
G1 X50.000 Y120.000 E14588.16464 F7200
G1 X50.000 Y115.000 E14588.33925 F7200
G1 X50.000 Y110.000 E14588.51387 F7200
G1 X50.000 Y105.000 E14588.68849 F7200
G1 X50.000 Y100.000 E14588.86310 F7200
G1 X50.000 Y95.000 E14589.03772 F7200
G1 X50.000 Y90.000 E14589.21233 F7200
G1 X50.000 Y85.000 E14589.38695 F7200
G1 X50.000 Y80.000 E14589.56156 F7200
G1 X50.000 Y75.000 E14589.73618 F7200
G1 X50.000 Y70.000 E14589.91080 F7200
G1 X50.000 Y65.000 E14590.08541 F7200
G1 X50.000 Y60.000 E14590.26003 F7200
G1 X50.000 Y55.000 E14590.43464 F7200
G1 X50.000 Y50.000 E14590.60926 F7200
;TYPE:Sparse infill
G1 X51.000 Y51.000 F12000
G1 X169.000 Y51.000 E14594.73019 F15000
G1 X169.000 Y56.000 F12000
G1 X51.000 Y56.000 E14598.85112 F15000
G1 X51.000 Y61.000 F12000
G1 X169.000 Y61.000 E14602.97205 F15000
G1 X169.000 Y66.000 F12000
G1 X51.000 Y66.000 E14607.09298 F15000
G1 X51.000 Y71.000 F12000
G1 X169.000 Y71.000 E14611.21391 F15000
G1 X169.000 Y76.000 F12000
G1 X51.000 Y76.000 E14615.33484 F15000
G1 X51.000 Y81.000 F12000
G1 X169.000 Y81.000 E14619.45577 F15000
G1 X169.000 Y86.000 F12000
G1 X51.000 Y86.000 E14623.57670 F15000
G1 X51.000 Y91.000 F12000
G1 X169.000 Y91.000 E14627.69763 F15000
G1 X169.000 Y96.000 F12000
G1 X51.000 Y96.000 E14631.81857 F15000
G1 X51.000 Y101.000 F12000
G1 X169.000 Y101.000 E14635.93950 F15000
G1 X169.000 Y106.000 F12000
G1 X51.000 Y106.000 E14640.06043 F15000
G1 X51.000 Y111.000 F12000
G1 X169.000 Y111.000 E14644.18136 F15000
G1 X169.000 Y116.000 F12000
G1 X51.000 Y116.000 E14648.30229 F15000
G1 X51.000 Y121.000 F12000
G1 X169.000 Y121.000 E14652.42322 F15000
G1 X169.000 Y126.000 F12000
G1 X51.000 Y126.000 E14656.54415 F15000
G1 X51.000 Y131.000 F12000
G1 X169.000 Y131.000 E14660.66508 F15000
G1 X169.000 Y136.000 F12000
G1 X51.000 Y136.000 E14664.78601 F15000
G1 X51.000 Y141.000 F12000
G1 X169.000 Y141.000 E14668.90694 F15000
G1 X169.000 Y146.000 F12000
G1 X51.000 Y146.000 E14673.02787 F15000
G1 X51.000 Y151.000 F12000
G1 X169.000 Y151.000 E14677.14880 F15000
G1 X169.000 Y156.000 F12000
G1 X51.000 Y156.000 E14681.26973 F15000
G1 X51.000 Y161.000 F12000
G1 X169.000 Y161.000 E14685.39067 F15000
G1 X169.000 Y166.000 F12000
G1 X51.000 Y166.000 E14689.51160 F15000
;LAYER_CHANGE
;Z:25.600
G1 Z25.600 F600
;TYPE:Outer wall
G1 X50.000 Y50.000 F7200
G1 X55.000 Y50.000 E14689.68621 F7200
G1 X60.000 Y50.000 E14689.86083 F7200
G1 X65.000 Y50.000 E14690.03544 F7200
G1 X70.000 Y50.000 E14690.21006 F7200
G1 X75.000 Y50.000 E14690.38467 F7200
G1 X80.000 Y50.000 E14690.55929 F7200
G1 X85.000 Y50.000 E14690.73391 F7200
G1 X90.000 Y50.000 E14690.90852 F7200
G1 X95.000 Y50.000 E14691.08314 F7200
G1 X100.000 Y50.000 E14691.25775 F7200
G1 X105.000 Y50.000 E14691.43237 F7200
G1 X110.000 Y50.000 E14691.60698 F7200
G1 X115.000 Y50.000 E14691.78160 F7200
G1 X120.000 Y50.000 E14691.95622 F7200
G1 X125.000 Y50.000 E14692.13083 F7200
G1 X130.000 Y50.000 E14692.30545 F7200
G1 X135.000 Y50.000 E14692.48006 F7200
G1 X140.000 Y50.000 E14692.65468 F7200
G1 X145.000 Y50.000 E14692.82929 F7200
G1 X150.000 Y50.000 E14693.00391 F7200
G1 X155.000 Y50.000 E14693.17853 F7200
G1 X160.000 Y50.000 E14693.35314 F7200
G1 X165.000 Y50.000 E14693.52776 F7200
G1 X170.000 Y50.000 E14693.70237 F7200
G1 X170.000 Y55.000 E14693.87699 F7200
G1 X170.000 Y60.000 E14694.05160 F7200
G1 X170.000 Y65.000 E14694.22622 F7200
G1 X170.000 Y70.000 E14694.40084 F7200
G1 X170.000 Y75.000 E14694.57545 F7200
G1 X170.000 Y80.000 E14694.75007 F7200
G1 X170.000 Y85.000 E14694.92468 F7200
G1 X170.000 Y90.000 E14695.09930 F7200
G1 X170.000 Y95.000 E14695.27391 F7200
G1 X170.000 Y100.000 E14695.44853 F7200
G1 X170.000 Y105.000 E14695.62315 F7200
G1 X170.000 Y110.000 E14695.79776 F7200
G1 X170.000 Y115.000 E14695.97238 F7200
G1 X170.000 Y120.000 E14696.14699 F7200
G1 X170.000 Y125.000 E14696.32161 F7200
G1 X170.000 Y130.000 E14696.49622 F7200
G1 X170.000 Y135.000 E14696.67084 F7200
G1 X170.000 Y140.000 E14696.84546 F7200
G1 X170.000 Y145.000 E14697.02007 F7200
G1 X170.000 Y150.000 E14697.19469 F7200
G1 X170.000 Y155.000 E14697.36930 F7200
G1 X170.000 Y160.000 E14697.54392 F7200
G1 X170.000 Y165.000 E14697.71853 F7200
G1 X170.000 Y170.000 E14697.89315 F7200
G1 X165.000 Y170.000 E14698.06777 F7200
G1 X160.000 Y170.000 E14698.24238 F7200
G1 X155.000 Y170.000 E14698.41700 F7200
G1 X150.000 Y170.000 E14698.59161 F7200
G1 X145.000 Y170.000 E14698.76623 F7200
G1 X140.000 Y170.000 E14698.94084 F7200
G1 X135.000 Y170.000 E14699.11546 F7200
G1 X130.000 Y170.000 E14699.29008 F7200
G1 X125.000 Y170.000 E14699.46469 F7200
G1 X120.000 Y170.000 E14699.63931 F7200
G1 X115.000 Y170.000 E14699.81392 F7200
G1 X110.000 Y170.000 E14699.98854 F7200
G1 X105.000 Y170.000 E14700.16315 F7200
G1 X100.000 Y170.000 E14700.33777 F7200
G1 X95.000 Y170.000 E14700.51239 F7200
G1 X90.000 Y170.000 E14700.68700 F7200
G1 X85.000 Y170.000 E14700.86162 F7200
G1 X80.000 Y170.000 E14701.03623 F7200
G1 X75.000 Y170.000 E14701.21085 F7200
G1 X70.000 Y170.000 E14701.38546 F7200
G1 X65.000 Y170.000 E14701.56008 F7200
G1 X60.000 Y170.000 E14701.73470 F7200
G1 X55.000 Y170.000 E14701.90931 F7200
G1 X50.000 Y170.000 E14702.08393 F7200
G1 X50.000 Y165.000 E14702.25854 F7200
G1 X50.000 Y160.000 E14702.43316 F7200
G1 X50.000 Y155.000 E14702.60777 F7200
G1 X50.000 Y150.000 E14702.78239 F7200
G1 X50.000 Y145.000 E14702.95701 F7200
G1 X50.000 Y140.000 E14703.13162 F7200
G1 X50.000 Y135.000 E14703.30624 F7200
G1 X50.000 Y130.000 E14703.48085 F7200
G1 X50.000 Y125.000 E14703.65547 F7200
G1 X50.000 Y120.000 E14703.83008 F7200
G1 X50.000 Y115.000 E14704.00470 F7200
G1 X50.000 Y110.000 E14704.17932 F7200
G1 X50.000 Y105.000 E14704.35393 F7200
G1 X50.000 Y100.000 E14704.52855 F7200
G1 X50.000 Y95.000 E14704.70316 F7200
G1 X50.000 Y90.000 E14704.87778 F7200
G1 X50.000 Y85.000 E14705.05239 F7200
G1 X50.000 Y80.000 E14705.22701 F7200
G1 X50.000 Y75.000 E14705.40163 F7200
G1 X50.000 Y70.000 E14705.57624 F7200
G1 X50.000 Y65.000 E14705.75086 F7200
G1 X50.000 Y60.000 E14705.92547 F7200
G1 X50.000 Y55.000 E14706.10009 F7200
G1 X50.000 Y50.000 E14706.27470 F7200
;TYPE:Sparse infill
G1 X51.000 Y51.000 F12000
G1 X169.000 Y51.000 E14710.39563 F15000
G1 X169.000 Y56.000 F12000
G1 X51.000 Y56.000 E14714.51657 F15000
G1 X51.000 Y61.000 F12000
G1 X169.000 Y61.000 E14718.63750 F15000
G1 X169.000 Y66.000 F12000
G1 X51.000 Y66.000 E14722.75843 F15000
G1 X51.000 Y71.000 F12000
G1 X169.000 Y71.000 E14726.87936 F15000
G1 X169.000 Y76.000 F12000
G1 X51.000 Y76.000 E14731.00029 F15000
G1 X51.000 Y81.000 F12000
G1 X169.000 Y81.000 E14735.12122 F15000
G1 X169.000 Y86.000 F12000
G1 X51.000 Y86.000 E14739.24215 F15000
G1 X51.000 Y91.000 F12000
G1 X169.000 Y91.000 E14743.36308 F15000
G1 X169.000 Y96.000 F12000
G1 X51.000 Y96.000 E14747.48401 F15000
G1 X51.000 Y101.000 F12000
G1 X169.000 Y101.000 E14751.60494 F15000
G1 X169.000 Y106.000 F12000
G1 X51.000 Y106.000 E14755.72587 F15000
G1 X51.000 Y111.000 F12000
G1 X169.000 Y111.000 E14759.84680 F15000
G1 X169.000 Y116.000 F12000
G1 X51.000 Y116.000 E14763.96773 F15000
G1 X51.000 Y121.000 F12000
G1 X169.000 Y121.000 E14768.08866 F15000
G1 X169.000 Y126.000 F12000
G1 X51.000 Y126.000 E14772.20960 F15000
G1 X51.000 Y131.000 F12000
G1 X169.000 Y131.000 E14776.33053 F15000
G1 X169.000 Y136.000 F12000
G1 X51.000 Y136.000 E14780.45146 F15000
G1 X51.000 Y141.000 F12000
G1 X169.000 Y141.000 E14784.57239 F15000
G1 X169.000 Y146.000 F12000
G1 X51.000 Y146.000 E14788.69332 F15000
G1 X51.000 Y151.000 F12000
G1 X169.000 Y151.000 E14792.81425 F15000
G1 X169.000 Y156.000 F12000
G1 X51.000 Y156.000 E14796.93518 F15000
G1 X51.000 Y161.000 F12000
G1 X169.000 Y161.000 E14801.05611 F15000
G1 X169.000 Y166.000 F12000
G1 X51.000 Y166.000 E14805.17704 F15000
;LAYER_CHANGE
;Z:25.800
G1 Z25.800 F600
;TYPE:Outer wall
G1 X50.000 Y50.000 F7200
G1 X55.000 Y50.000 E14805.35166 F7200
G1 X60.000 Y50.000 E14805.52627 F7200
G1 X65.000 Y50.000 E14805.70089 F7200
G1 X70.000 Y50.000 E14805.87550 F7200
G1 X75.000 Y50.000 E14806.05012 F7200
G1 X80.000 Y50.000 E14806.22474 F7200
G1 X85.000 Y50.000 E14806.39935 F7200
G1 X90.000 Y50.000 E14806.57397 F7200
G1 X95.000 Y50.000 E14806.74858 F7200
G1 X100.000 Y50.000 E14806.92320 F7200
G1 X105.000 Y50.000 E14807.09781 F7200
G1 X110.000 Y50.000 E14807.27243 F7200
G1 X115.000 Y50.000 E14807.44705 F7200
G1 X120.000 Y50.000 E14807.62166 F7200
G1 X125.000 Y50.000 E14807.79628 F7200
G1 X130.000 Y50.000 E14807.97089 F7200
G1 X135.000 Y50.000 E14808.14551 F7200
G1 X140.000 Y50.000 E14808.32012 F7200
G1 X145.000 Y50.000 E14808.49474 F7200
G1 X150.000 Y50.000 E14808.66936 F7200
G1 X155.000 Y50.000 E14808.84397 F7200
G1 X160.000 Y50.000 E14809.01859 F7200
G1 X165.000 Y50.000 E14809.19320 F7200
G1 X170.000 Y50.000 E14809.36782 F7200
G1 X170.000 Y55.000 E14809.54243 F7200
G1 X170.000 Y60.000 E14809.71705 F7200
G1 X170.000 Y65.000 E14809.89167 F7200
G1 X170.000 Y70.000 E14810.06628 F7200
G1 X170.000 Y75.000 E14810.24090 F7200
G1 X170.000 Y80.000 E14810.41551 F7200
G1 X170.000 Y85.000 E14810.59013 F7200
G1 X170.000 Y90.000 E14810.76474 F7200
G1 X170.000 Y95.000 E14810.93936 F7200
G1 X170.000 Y100.000 E14811.11398 F7200
G1 X170.000 Y105.000 E14811.28859 F7200
G1 X170.000 Y110.000 E14811.46321 F7200
G1 X170.000 Y115.000 E14811.63782 F7200
G1 X170.000 Y120.000 E14811.81244 F7200
G1 X170.000 Y125.000 E14811.98705 F7200
G1 X170.000 Y130.000 E14812.16167 F7200
G1 X170.000 Y135.000 E14812.33629 F7200
G1 X170.000 Y140.000 E14812.51090 F7200
G1 X170.000 Y145.000 E14812.68552 F7200
G1 X170.000 Y150.000 E14812.86013 F7200
G1 X170.000 Y155.000 E14813.03475 F7200
G1 X170.000 Y160.000 E14813.20936 F7200
G1 X170.000 Y165.000 E14813.38398 F7200
G1 X170.000 Y170.000 E14813.55860 F7200
G1 X165.000 Y170.000 E14813.73321 F7200
G1 X160.000 Y170.000 E14813.90783 F7200
G1 X155.000 Y170.000 E14814.08244 F7200
G1 X150.000 Y170.000 E14814.25706 F7200
G1 X145.000 Y170.000 E14814.43167 F7200
G1 X140.000 Y170.000 E14814.60629 F7200
G1 X135.000 Y170.000 E14814.78091 F7200
G1 X130.000 Y170.000 E14814.95552 F7200
G1 X125.000 Y170.000 E14815.13014 F7200
G1 X120.000 Y170.000 E14815.30475 F7200
G1 X115.000 Y170.000 E14815.47937 F7200
G1 X110.000 Y170.000 E14815.65398 F7200
G1 X105.000 Y170.000 E14815.82860 F7200
G1 X100.000 Y170.000 E14816.00322 F7200
G1 X95.000 Y170.000 E14816.17783 F7200
G1 X90.000 Y170.000 E14816.35245 F7200
G1 X85.000 Y170.000 E14816.52706 F7200
G1 X80.000 Y170.000 E14816.70168 F7200
G1 X75.000 Y170.000 E14816.87629 F7200
G1 X70.000 Y170.000 E14817.05091 F7200
G1 X65.000 Y170.000 E14817.22553 F7200
G1 X60.000 Y170.000 E14817.40014 F7200
G1 X55.000 Y170.000 E14817.57476 F7200
G1 X50.000 Y170.000 E14817.74937 F7200
G1 X50.000 Y165.000 E14817.92399 F7200
G1 X50.000 Y160.000 E14818.09860 F7200
G1 X50.000 Y155.000 E14818.27322 F7200
G1 X50.000 Y150.000 E14818.44784 F7200
G1 X50.000 Y145.000 E14818.62245 F7200
G1 X50.000 Y140.000 E14818.79707 F7200
G1 X50.000 Y135.000 E14818.97168 F7200
G1 X50.000 Y130.000 E14819.14630 F7200
G1 X50.000 Y125.000 E14819.32091 F7200
G1 X50.000 Y120.000 E14819.49553 F7200
G1 X50.000 Y115.000 E14819.67015 F7200
G1 X50.000 Y110.000 E14819.84476 F7200
G1 X50.000 Y105.000 E14820.01938 F7200
G1 X50.000 Y100.000 E14820.19399 F7200
G1 X50.000 Y95.000 E14820.36861 F7200
G1 X50.000 Y90.000 E14820.54322 F7200
G1 X50.000 Y85.000 E14820.71784 F7200
G1 X50.000 Y80.000 E14820.89246 F7200
G1 X50.000 Y75.000 E14821.06707 F7200
G1 X50.000 Y70.000 E14821.24169 F7200
G1 X50.000 Y65.000 E14821.41630 F7200
G1 X50.000 Y60.000 E14821.59092 F7200
G1 X50.000 Y55.000 E14821.76553 F7200
G1 X50.000 Y50.000 E14821.94015 F7200
;TYPE:Sparse infill
G1 X51.000 Y51.000 F12000
G1 X169.000 Y51.000 E14826.06108 F15000
G1 X169.000 Y56.000 F12000
G1 X51.000 Y56.000 E14830.18201 F15000
G1 X51.000 Y61.000 F12000
G1 X169.000 Y61.000 E14834.30294 F15000
G1 X169.000 Y66.000 F12000
G1 X51.000 Y66.000 E14838.42387 F15000
G1 X51.000 Y71.000 F12000
G1 X169.000 Y71.000 E14842.54480 F15000
G1 X169.000 Y76.000 F12000
G1 X51.000 Y76.000 E14846.66573 F15000
G1 X51.000 Y81.000 F12000
G1 X169.000 Y81.000 E14850.78666 F15000
G1 X169.000 Y86.000 F12000
G1 X51.000 Y86.000 E14854.90760 F15000
G1 X51.000 Y91.000 F12000
G1 X169.000 Y91.000 E14859.02853 F15000
G1 X169.000 Y96.000 F12000
G1 X51.000 Y96.000 E14863.14946 F15000
G1 X51.000 Y101.000 F12000
G1 X169.000 Y101.000 E14867.27039 F15000
G1 X169.000 Y106.000 F12000
G1 X51.000 Y106.000 E14871.39132 F15000
G1 X51.000 Y111.000 F12000
G1 X169.000 Y111.000 E14875.51225 F15000
G1 X169.000 Y116.000 F12000
G1 X51.000 Y116.000 E14879.63318 F15000
G1 X51.000 Y121.000 F12000
G1 X169.000 Y121.000 E14883.75411 F15000
G1 X169.000 Y126.000 F12000
G1 X51.000 Y126.000 E14887.87504 F15000
G1 X51.000 Y131.000 F12000
G1 X169.000 Y131.000 E14891.99597 F15000
G1 X169.000 Y136.000 F12000
G1 X51.000 Y136.000 E14896.11690 F15000
G1 X51.000 Y141.000 F12000
G1 X169.000 Y141.000 E14900.23783 F15000
G1 X169.000 Y146.000 F12000
G1 X51.000 Y146.000 E14904.35876 F15000
G1 X51.000 Y151.000 F12000
G1 X169.000 Y151.000 E14908.47969 F15000
G1 X169.000 Y156.000 F12000
G1 X51.000 Y156.000 E14912.60063 F15000
G1 X51.000 Y161.000 F12000
G1 X169.000 Y161.000 E14916.72156 F15000
G1 X169.000 Y166.000 F12000
G1 X51.000 Y166.000 E14920.84249 F15000
;LAYER_CHANGE
;Z:26.000
G1 Z26.000 F600
;TYPE:Outer wall
G1 X50.000 Y50.000 F7200
G1 X55.000 Y50.000 E14921.01710 F7200
G1 X60.000 Y50.000 E14921.19172 F7200
G1 X65.000 Y50.000 E14921.36633 F7200
G1 X70.000 Y50.000 E14921.54095 F7200
G1 X75.000 Y50.000 E14921.71557 F7200
G1 X80.000 Y50.000 E14921.89018 F7200
G1 X85.000 Y50.000 E14922.06480 F7200
G1 X90.000 Y50.000 E14922.23941 F7200
G1 X95.000 Y50.000 E14922.41403 F7200
G1 X100.000 Y50.000 E14922.58864 F7200
G1 X105.000 Y50.000 E14922.76326 F7200
G1 X110.000 Y50.000 E14922.93788 F7200
G1 X115.000 Y50.000 E14923.11249 F7200
G1 X120.000 Y50.000 E14923.28711 F7200
G1 X125.000 Y50.000 E14923.46172 F7200
G1 X130.000 Y50.000 E14923.63634 F7200
G1 X135.000 Y50.000 E14923.81095 F7200
G1 X140.000 Y50.000 E14923.98557 F7200
G1 X145.000 Y50.000 E14924.16019 F7200
G1 X150.000 Y50.000 E14924.33480 F7200
G1 X155.000 Y50.000 E14924.50942 F7200
G1 X160.000 Y50.000 E14924.68403 F7200
G1 X165.000 Y50.000 E14924.85865 F7200
G1 X170.000 Y50.000 E14925.03326 F7200
G1 X170.000 Y55.000 E14925.20788 F7200
G1 X170.000 Y60.000 E14925.38250 F7200
G1 X170.000 Y65.000 E14925.55711 F7200
G1 X170.000 Y70.000 E14925.73173 F7200
G1 X170.000 Y75.000 E14925.90634 F7200
G1 X170.000 Y80.000 E14926.08096 F7200
G1 X170.000 Y85.000 E14926.25557 F7200
G1 X170.000 Y90.000 E14926.43019 F7200
G1 X170.000 Y95.000 E14926.60481 F7200
G1 X170.000 Y100.000 E14926.77942 F7200
G1 X170.000 Y105.000 E14926.95404 F7200
G1 X170.000 Y110.000 E14927.12865 F7200
G1 X170.000 Y115.000 E14927.30327 F7200
G1 X170.000 Y120.000 E14927.47788 F7200
G1 X170.000 Y125.000 E14927.65250 F7200
G1 X170.000 Y130.000 E14927.82712 F7200
G1 X170.000 Y135.000 E14928.00173 F7200
G1 X170.000 Y140.000 E14928.17635 F7200
G1 X170.000 Y145.000 E14928.35096 F7200
G1 X170.000 Y150.000 E14928.52558 F7200
G1 X170.000 Y155.000 E14928.70019 F7200
G1 X170.000 Y160.000 E14928.87481 F7200
G1 X170.000 Y165.000 E14929.04943 F7200
G1 X170.000 Y170.000 E14929.22404 F7200
G1 X165.000 Y170.000 E14929.39866 F7200
G1 X160.000 Y170.000 E14929.57327 F7200
G1 X155.000 Y170.000 E14929.74789 F7200
G1 X150.000 Y170.000 E14929.92250 F7200
G1 X145.000 Y170.000 E14930.09712 F7200
G1 X140.000 Y170.000 E14930.27174 F7200
G1 X135.000 Y170.000 E14930.44635 F7200
G1 X130.000 Y170.000 E14930.62097 F7200
G1 X125.000 Y170.000 E14930.79558 F7200
G1 X120.000 Y170.000 E14930.97020 F7200
G1 X115.000 Y170.000 E14931.14481 F7200
G1 X110.000 Y170.000 E14931.31943 F7200
G1 X105.000 Y170.000 E14931.49405 F7200
G1 X100.000 Y170.000 E14931.66866 F7200
G1 X95.000 Y170.000 E14931.84328 F7200
G1 X90.000 Y170.000 E14932.01789 F7200
G1 X85.000 Y170.000 E14932.19251 F7200
G1 X80.000 Y170.000 E14932.36712 F7200
G1 X75.000 Y170.000 E14932.54174 F7200
G1 X70.000 Y170.000 E14932.71636 F7200
G1 X65.000 Y170.000 E14932.89097 F7200
G1 X60.000 Y170.000 E14933.06559 F7200
G1 X55.000 Y170.000 E14933.24020 F7200
G1 X50.000 Y170.000 E14933.41482 F7200
G1 X50.000 Y165.000 E14933.58943 F7200
G1 X50.000 Y160.000 E14933.76405 F7200
G1 X50.000 Y155.000 E14933.93867 F7200
G1 X50.000 Y150.000 E14934.11328 F7200
G1 X50.000 Y145.000 E14934.28790 F7200
G1 X50.000 Y140.000 E14934.46251 F7200
G1 X50.000 Y135.000 E14934.63713 F7200
G1 X50.000 Y130.000 E14934.81174 F7200
G1 X50.000 Y125.000 E14934.98636 F7200
G1 X50.000 Y120.000 E14935.16098 F7200
G1 X50.000 Y115.000 E14935.33559 F7200
G1 X50.000 Y110.000 E14935.51021 F7200
G1 X50.000 Y105.000 E14935.68482 F7200
G1 X50.000 Y100.000 E14935.85944 F7200
G1 X50.000 Y95.000 E14936.03405 F7200
G1 X50.000 Y90.000 E14936.20867 F7200
G1 X50.000 Y85.000 E14936.38329 F7200
G1 X50.000 Y80.000 E14936.55790 F7200
G1 X50.000 Y75.000 E14936.73252 F7200
G1 X50.000 Y70.000 E14936.90713 F7200
G1 X50.000 Y65.000 E14937.08175 F7200
G1 X50.000 Y60.000 E14937.25636 F7200
G1 X50.000 Y55.000 E14937.43098 F7200
G1 X50.000 Y50.000 E14937.60560 F7200
;TYPE:Sparse infill
G1 X51.000 Y51.000 F12000
G1 X169.000 Y51.000 E14941.72653 F15000
G1 X169.000 Y56.000 F12000
G1 X51.000 Y56.000 E14945.84746 F15000
G1 X51.000 Y61.000 F12000
G1 X169.000 Y61.000 E14949.96839 F15000
G1 X169.000 Y66.000 F12000
G1 X51.000 Y66.000 E14954.08932 F15000
G1 X51.000 Y71.000 F12000
G1 X169.000 Y71.000 E14958.21025 F15000
G1 X169.000 Y76.000 F12000
G1 X51.000 Y76.000 E14962.33118 F15000
G1 X51.000 Y81.000 F12000
G1 X169.000 Y81.000 E14966.45211 F15000
G1 X169.000 Y86.000 F12000
G1 X51.000 Y86.000 E14970.57304 F15000
G1 X51.000 Y91.000 F12000
G1 X169.000 Y91.000 E14974.69397 F15000
G1 X169.000 Y96.000 F12000
G1 X51.000 Y96.000 E14978.81490 F15000
G1 X51.000 Y101.000 F12000
G1 X169.000 Y101.000 E14982.93583 F15000
G1 X169.000 Y106.000 F12000
G1 X51.000 Y106.000 E14987.05676 F15000
G1 X51.000 Y111.000 F12000
G1 X169.000 Y111.000 E14991.17769 F15000
G1 X169.000 Y116.000 F12000
G1 X51.000 Y116.000 E14995.29863 F15000
G1 X51.000 Y121.000 F12000
G1 X169.000 Y121.000 E14999.41956 F15000
G1 X169.000 Y126.000 F12000
G1 X51.000 Y126.000 E15003.54049 F15000
G1 X51.000 Y131.000 F12000
G1 X169.000 Y131.000 E15007.66142 F15000
G1 X169.000 Y136.000 F12000
G1 X51.000 Y136.000 E15011.78235 F15000
G1 X51.000 Y141.000 F12000
G1 X169.000 Y141.000 E15015.90328 F15000
G1 X169.000 Y146.000 F12000
G1 X51.000 Y146.000 E15020.02421 F15000
G1 X51.000 Y151.000 F12000
G1 X169.000 Y151.000 E15024.14514 F15000
G1 X169.000 Y156.000 F12000
G1 X51.000 Y156.000 E15028.26607 F15000
G1 X51.000 Y161.000 F12000
G1 X169.000 Y161.000 E15032.38700 F15000
G1 X169.000 Y166.000 F12000
G1 X51.000 Y166.000 E15036.50793 F15000
;LAYER_CHANGE
;Z:26.200
G1 Z26.200 F600
;TYPE:Outer wall
G1 X50.000 Y50.000 F7200
G1 X55.000 Y50.000 E15036.68255 F7200
G1 X60.000 Y50.000 E15036.85716 F7200
G1 X65.000 Y50.000 E15037.03178 F7200
G1 X70.000 Y50.000 E15037.20640 F7200
G1 X75.000 Y50.000 E15037.38101 F7200
G1 X80.000 Y50.000 E15037.55563 F7200
G1 X85.000 Y50.000 E15037.73024 F7200
G1 X90.000 Y50.000 E15037.90486 F7200
G1 X95.000 Y50.000 E15038.07947 F7200
G1 X100.000 Y50.000 E15038.25409 F7200
G1 X105.000 Y50.000 E15038.42871 F7200
G1 X110.000 Y50.000 E15038.60332 F7200
G1 X115.000 Y50.000 E15038.77794 F7200
G1 X120.000 Y50.000 E15038.95255 F7200
G1 X125.000 Y50.000 E15039.12717 F7200
G1 X130.000 Y50.000 E15039.30178 F7200
G1 X135.000 Y50.000 E15039.47640 F7200
G1 X140.000 Y50.000 E15039.65102 F7200
G1 X145.000 Y50.000 E15039.82563 F7200
G1 X150.000 Y50.000 E15040.00025 F7200
G1 X155.000 Y50.000 E15040.17486 F7200
G1 X160.000 Y50.000 E15040.34948 F7200
G1 X165.000 Y50.000 E15040.52409 F7200
G1 X170.000 Y50.000 E15040.69871 F7200
G1 X170.000 Y55.000 E15040.87333 F7200
G1 X170.000 Y60.000 E15041.04794 F7200
G1 X170.000 Y65.000 E15041.22256 F7200
G1 X170.000 Y70.000 E15041.39717 F7200
G1 X170.000 Y75.000 E15041.57179 F7200
G1 X170.000 Y80.000 E15041.74640 F7200
G1 X170.000 Y85.000 E15041.92102 F7200
G1 X170.000 Y90.000 E15042.09564 F7200
G1 X170.000 Y95.000 E15042.27025 F7200
G1 X170.000 Y100.000 E15042.44487 F7200
G1 X170.000 Y105.000 E15042.61948 F7200
G1 X170.000 Y110.000 E15042.79410 F7200
G1 X170.000 Y115.000 E15042.96871 F7200
G1 X170.000 Y120.000 E15043.14333 F7200
G1 X170.000 Y125.000 E15043.31795 F7200
G1 X170.000 Y130.000 E15043.49256 F7200
G1 X170.000 Y135.000 E15043.66718 F7200
G1 X170.000 Y140.000 E15043.84179 F7200
G1 X170.000 Y145.000 E15044.01641 F7200
G1 X170.000 Y150.000 E15044.19102 F7200
G1 X170.000 Y155.000 E15044.36564 F7200
G1 X170.000 Y160.000 E15044.54026 F7200
G1 X170.000 Y165.000 E15044.71487 F7200
G1 X170.000 Y170.000 E15044.88949 F7200
G1 X165.000 Y170.000 E15045.06410 F7200
G1 X160.000 Y170.000 E15045.23872 F7200
G1 X155.000 Y170.000 E15045.41333 F7200
G1 X150.000 Y170.000 E15045.58795 F7200
G1 X145.000 Y170.000 E15045.76257 F7200
G1 X140.000 Y170.000 E15045.93718 F7200
G1 X135.000 Y170.000 E15046.11180 F7200
G1 X130.000 Y170.000 E15046.28641 F7200
G1 X125.000 Y170.000 E15046.46103 F7200
G1 X120.000 Y170.000 E15046.63564 F7200
G1 X115.000 Y170.000 E15046.81026 F7200
G1 X110.000 Y170.000 E15046.98488 F7200
G1 X105.000 Y170.000 E15047.15949 F7200
G1 X100.000 Y170.000 E15047.33411 F7200
G1 X95.000 Y170.000 E15047.50872 F7200
G1 X90.000 Y170.000 E15047.68334 F7200
G1 X85.000 Y170.000 E15047.85795 F7200
G1 X80.000 Y170.000 E15048.03257 F7200
G1 X75.000 Y170.000 E15048.20719 F7200
G1 X70.000 Y170.000 E15048.38180 F7200
G1 X65.000 Y170.000 E15048.55642 F7200
G1 X60.000 Y170.000 E15048.73103 F7200
G1 X55.000 Y170.000 E15048.90565 F7200
G1 X50.000 Y170.000 E15049.08026 F7200
G1 X50.000 Y165.000 E15049.25488 F7200
G1 X50.000 Y160.000 E15049.42950 F7200
G1 X50.000 Y155.000 E15049.60411 F7200
G1 X50.000 Y150.000 E15049.77873 F7200
G1 X50.000 Y145.000 E15049.95334 F7200
G1 X50.000 Y140.000 E15050.12796 F7200
G1 X50.000 Y135.000 E15050.30257 F7200
G1 X50.000 Y130.000 E15050.47719 F7200
G1 X50.000 Y125.000 E15050.65181 F7200
G1 X50.000 Y120.000 E15050.82642 F7200
G1 X50.000 Y115.000 E15051.00104 F7200
G1 X50.000 Y110.000 E15051.17565 F7200
G1 X50.000 Y105.000 E15051.35027 F7200
G1 X50.000 Y100.000 E15051.52488 F7200
G1 X50.000 Y95.000 E15051.69950 F7200
G1 X50.000 Y90.000 E15051.87412 F7200
G1 X50.000 Y85.000 E15052.04873 F7200
G1 X50.000 Y80.000 E15052.22335 F7200
G1 X50.000 Y75.000 E15052.39796 F7200
G1 X50.000 Y70.000 E15052.57258 F7200
G1 X50.000 Y65.000 E15052.74719 F7200
G1 X50.000 Y60.000 E15052.92181 F7200
G1 X50.000 Y55.000 E15053.09643 F7200
G1 X50.000 Y50.000 E15053.27104 F7200
;TYPE:Sparse infill
G1 X51.000 Y51.000 F12000
G1 X169.000 Y51.000 E15057.39197 F15000
G1 X169.000 Y56.000 F12000
G1 X51.000 Y56.000 E15061.51290 F15000
G1 X51.000 Y61.000 F12000
G1 X169.000 Y61.000 E15065.63383 F15000
G1 X169.000 Y66.000 F12000
G1 X51.000 Y66.000 E15069.75476 F15000
G1 X51.000 Y71.000 F12000
G1 X169.000 Y71.000 E15073.87569 F15000
G1 X169.000 Y76.000 F12000
G1 X51.000 Y76.000 E15077.99663 F15000
G1 X51.000 Y81.000 F12000
G1 X169.000 Y81.000 E15082.11756 F15000
G1 X169.000 Y86.000 F12000
G1 X51.000 Y86.000 E15086.23849 F15000
G1 X51.000 Y91.000 F12000
G1 X169.000 Y91.000 E15090.35942 F15000
G1 X169.000 Y96.000 F12000
G1 X51.000 Y96.000 E15094.48035 F15000
G1 X51.000 Y101.000 F12000
G1 X169.000 Y101.000 E15098.60128 F15000
G1 X169.000 Y106.000 F12000
G1 X51.000 Y106.000 E15102.72221 F15000
G1 X51.000 Y111.000 F12000
G1 X169.000 Y111.000 E15106.84314 F15000
G1 X169.000 Y116.000 F12000
G1 X51.000 Y116.000 E15110.96407 F15000
G1 X51.000 Y121.000 F12000
G1 X169.000 Y121.000 E15115.08500 F15000
G1 X169.000 Y126.000 F12000
G1 X51.000 Y126.000 E15119.20593 F15000
G1 X51.000 Y131.000 F12000
G1 X169.000 Y131.000 E15123.32686 F15000
G1 X169.000 Y136.000 F12000
G1 X51.000 Y136.000 E15127.44779 F15000
G1 X51.000 Y141.000 F12000
G1 X169.000 Y141.000 E15131.56872 F15000
G1 X169.000 Y146.000 F12000
G1 X51.000 Y146.000 E15135.68966 F15000
G1 X51.000 Y151.000 F12000
G1 X169.000 Y151.000 E15139.81059 F15000
G1 X169.000 Y156.000 F12000
G1 X51.000 Y156.000 E15143.93152 F15000
G1 X51.000 Y161.000 F12000
G1 X169.000 Y161.000 E15148.05245 F15000
G1 X169.000 Y166.000 F12000
G1 X51.000 Y166.000 E15152.17338 F15000
;LAYER_CHANGE
;Z:26.400
G1 Z26.400 F600
;TYPE:Outer wall
G1 X50.000 Y50.000 F7200
G1 X55.000 Y50.000 E15152.34799 F7200
G1 X60.000 Y50.000 E15152.52261 F7200
G1 X65.000 Y50.000 E15152.69723 F7200
G1 X70.000 Y50.000 E15152.87184 F7200
G1 X75.000 Y50.000 E15153.04646 F7200
G1 X80.000 Y50.000 E15153.22107 F7200
G1 X85.000 Y50.000 E15153.39569 F7200
G1 X90.000 Y50.000 E15153.57030 F7200
G1 X95.000 Y50.000 E15153.74492 F7200
G1 X100.000 Y50.000 E15153.91954 F7200
G1 X105.000 Y50.000 E15154.09415 F7200
G1 X110.000 Y50.000 E15154.26877 F7200
G1 X115.000 Y50.000 E15154.44338 F7200
G1 X120.000 Y50.000 E15154.61800 F7200
G1 X125.000 Y50.000 E15154.79261 F7200
G1 X130.000 Y50.000 E15154.96723 F7200
G1 X135.000 Y50.000 E15155.14185 F7200
G1 X140.000 Y50.000 E15155.31646 F7200
G1 X145.000 Y50.000 E15155.49108 F7200
G1 X150.000 Y50.000 E15155.66569 F7200
G1 X155.000 Y50.000 E15155.84031 F7200
G1 X160.000 Y50.000 E15156.01492 F7200
G1 X165.000 Y50.000 E15156.18954 F7200
G1 X170.000 Y50.000 E15156.36416 F7200
G1 X170.000 Y55.000 E15156.53877 F7200
G1 X170.000 Y60.000 E15156.71339 F7200
G1 X170.000 Y65.000 E15156.88800 F7200
G1 X170.000 Y70.000 E15157.06262 F7200
G1 X170.000 Y75.000 E15157.23723 F7200
G1 X170.000 Y80.000 E15157.41185 F7200
G1 X170.000 Y85.000 E15157.58647 F7200
G1 X170.000 Y90.000 E15157.76108 F7200
G1 X170.000 Y95.000 E15157.93570 F7200
G1 X170.000 Y100.000 E15158.11031 F7200
G1 X170.000 Y105.000 E15158.28493 F7200
G1 X170.000 Y110.000 E15158.45954 F7200
G1 X170.000 Y115.000 E15158.63416 F7200
G1 X170.000 Y120.000 E15158.80878 F7200
G1 X170.000 Y125.000 E15158.98339 F7200
G1 X170.000 Y130.000 E15159.15801 F7200
G1 X170.000 Y135.000 E15159.33262 F7200
G1 X170.000 Y140.000 E15159.50724 F7200
G1 X170.000 Y145.000 E15159.68185 F7200
G1 X170.000 Y150.000 E15159.85647 F7200
G1 X170.000 Y155.000 E15160.03109 F7200
G1 X170.000 Y160.000 E15160.20570 F7200
G1 X170.000 Y165.000 E15160.38032 F7200
G1 X170.000 Y170.000 E15160.55493 F7200
G1 X165.000 Y170.000 E15160.72955 F7200
G1 X160.000 Y170.000 E15160.90416 F7200
G1 X155.000 Y170.000 E15161.07878 F7200
G1 X150.000 Y170.000 E15161.25340 F7200
G1 X145.000 Y170.000 E15161.42801 F7200
G1 X140.000 Y170.000 E15161.60263 F7200
G1 X135.000 Y170.000 E15161.77724 F7200
G1 X130.000 Y170.000 E15161.95186 F7200
G1 X125.000 Y170.000 E15162.12647 F7200
G1 X120.000 Y170.000 E15162.30109 F7200
G1 X115.000 Y170.000 E15162.47571 F7200
G1 X110.000 Y170.000 E15162.65032 F7200
G1 X105.000 Y170.000 E15162.82494 F7200
G1 X100.000 Y170.000 E15162.99955 F7200
G1 X95.000 Y170.000 E15163.17417 F7200
G1 X90.000 Y170.000 E15163.34878 F7200
G1 X85.000 Y170.000 E15163.52340 F7200
G1 X80.000 Y170.000 E15163.69802 F7200
G1 X75.000 Y170.000 E15163.87263 F7200
G1 X70.000 Y170.000 E15164.04725 F7200
G1 X65.000 Y170.000 E15164.22186 F7200
G1 X60.000 Y170.000 E15164.39648 F7200
G1 X55.000 Y170.000 E15164.57109 F7200
G1 X50.000 Y170.000 E15164.74571 F7200
G1 X50.000 Y165.000 E15164.92033 F7200
G1 X50.000 Y160.000 E15165.09494 F7200
G1 X50.000 Y155.000 E15165.26956 F7200
G1 X50.000 Y150.000 E15165.44417 F7200
G1 X50.000 Y145.000 E15165.61879 F7200
G1 X50.000 Y140.000 E15165.79340 F7200
G1 X50.000 Y135.000 E15165.96802 F7200
G1 X50.000 Y130.000 E15166.14264 F7200
G1 X50.000 Y125.000 E15166.31725 F7200
G1 X50.000 Y120.000 E15166.49187 F7200
G1 X50.000 Y115.000 E15166.66648 F7200
G1 X50.000 Y110.000 E15166.84110 F7200
G1 X50.000 Y105.000 E15167.01571 F7200
G1 X50.000 Y100.000 E15167.19033 F7200
G1 X50.000 Y95.000 E15167.36495 F7200
G1 X50.000 Y90.000 E15167.53956 F7200
G1 X50.000 Y85.000 E15167.71418 F7200
G1 X50.000 Y80.000 E15167.88879 F7200
G1 X50.000 Y75.000 E15168.06341 F7200
G1 X50.000 Y70.000 E15168.23802 F7200
G1 X50.000 Y65.000 E15168.41264 F7200
G1 X50.000 Y60.000 E15168.58726 F7200
G1 X50.000 Y55.000 E15168.76187 F7200
G1 X50.000 Y50.000 E15168.93649 F7200
;TYPE:Sparse infill
G1 X51.000 Y51.000 F12000
G1 X169.000 Y51.000 E15173.05742 F15000
G1 X169.000 Y56.000 F12000
G1 X51.000 Y56.000 E15177.17835 F15000
G1 X51.000 Y61.000 F12000
G1 X169.000 Y61.000 E15181.29928 F15000
G1 X169.000 Y66.000 F12000
G1 X51.000 Y66.000 E15185.42021 F15000
G1 X51.000 Y71.000 F12000
G1 X169.000 Y71.000 E15189.54114 F15000
G1 X169.000 Y76.000 F12000
G1 X51.000 Y76.000 E15193.66207 F15000
G1 X51.000 Y81.000 F12000
G1 X169.000 Y81.000 E15197.78300 F15000
G1 X169.000 Y86.000 F12000
G1 X51.000 Y86.000 E15201.90393 F15000
G1 X51.000 Y91.000 F12000
G1 X169.000 Y91.000 E15206.02486 F15000
G1 X169.000 Y96.000 F12000
G1 X51.000 Y96.000 E15210.14579 F15000
G1 X51.000 Y101.000 F12000
G1 X169.000 Y101.000 E15214.26672 F15000
G1 X169.000 Y106.000 F12000
G1 X51.000 Y106.000 E15218.38766 F15000
G1 X51.000 Y111.000 F12000
G1 X169.000 Y111.000 E15222.50859 F15000
G1 X169.000 Y116.000 F12000
G1 X51.000 Y116.000 E15226.62952 F15000
G1 X51.000 Y121.000 F12000
G1 X169.000 Y121.000 E15230.75045 F15000
G1 X169.000 Y126.000 F12000
G1 X51.000 Y126.000 E15234.87138 F15000
G1 X51.000 Y131.000 F12000
G1 X169.000 Y131.000 E15238.99231 F15000
G1 X169.000 Y136.000 F12000
G1 X51.000 Y136.000 E15243.11324 F15000
G1 X51.000 Y141.000 F12000
G1 X169.000 Y141.000 E15247.23417 F15000
G1 X169.000 Y146.000 F12000
G1 X51.000 Y146.000 E15251.35510 F15000
G1 X51.000 Y151.000 F12000
G1 X169.000 Y151.000 E15255.47603 F15000
G1 X169.000 Y156.000 F12000
G1 X51.000 Y156.000 E15259.59696 F15000
G1 X51.000 Y161.000 F12000
G1 X169.000 Y161.000 E15263.71789 F15000
G1 X169.000 Y166.000 F12000
G1 X51.000 Y166.000 E15267.83882 F15000
;LAYER_CHANGE
;Z:26.600
G1 Z26.600 F600
;TYPE:Outer wall
G1 X50.000 Y50.000 F7200
G1 X55.000 Y50.000 E15268.01344 F7200
G1 X60.000 Y50.000 E15268.18806 F7200
G1 X65.000 Y50.000 E15268.36267 F7200
G1 X70.000 Y50.000 E15268.53729 F7200
G1 X75.000 Y50.000 E15268.71190 F7200
G1 X80.000 Y50.000 E15268.88652 F7200
G1 X85.000 Y50.000 E15269.06113 F7200
G1 X90.000 Y50.000 E15269.23575 F7200
G1 X95.000 Y50.000 E15269.41037 F7200
G1 X100.000 Y50.000 E15269.58498 F7200
G1 X105.000 Y50.000 E15269.75960 F7200
G1 X110.000 Y50.000 E15269.93421 F7200
G1 X115.000 Y50.000 E15270.10883 F7200
G1 X120.000 Y50.000 E15270.28344 F7200
G1 X125.000 Y50.000 E15270.45806 F7200
G1 X130.000 Y50.000 E15270.63268 F7200
G1 X135.000 Y50.000 E15270.80729 F7200
G1 X140.000 Y50.000 E15270.98191 F7200
G1 X145.000 Y50.000 E15271.15652 F7200
G1 X150.000 Y50.000 E15271.33114 F7200
G1 X155.000 Y50.000 E15271.50575 F7200
G1 X160.000 Y50.000 E15271.68037 F7200
G1 X165.000 Y50.000 E15271.85499 F7200
G1 X170.000 Y50.000 E15272.02960 F7200
G1 X170.000 Y55.000 E15272.20422 F7200
G1 X170.000 Y60.000 E15272.37883 F7200
G1 X170.000 Y65.000 E15272.55345 F7200
G1 X170.000 Y70.000 E15272.72806 F7200
G1 X170.000 Y75.000 E15272.90268 F7200
G1 X170.000 Y80.000 E15273.07730 F7200
G1 X170.000 Y85.000 E15273.25191 F7200
G1 X170.000 Y90.000 E15273.42653 F7200
G1 X170.000 Y95.000 E15273.60114 F7200
G1 X170.000 Y100.000 E15273.77576 F7200
G1 X170.000 Y105.000 E15273.95037 F7200
G1 X170.000 Y110.000 E15274.12499 F7200
G1 X170.000 Y115.000 E15274.29961 F7200
G1 X170.000 Y120.000 E15274.47422 F7200
G1 X170.000 Y125.000 E15274.64884 F7200
G1 X170.000 Y130.000 E15274.82345 F7200
G1 X170.000 Y135.000 E15274.99807 F7200
G1 X170.000 Y140.000 E15275.17268 F7200
G1 X170.000 Y145.000 E15275.34730 F7200
G1 X170.000 Y150.000 E15275.52192 F7200
G1 X170.000 Y155.000 E15275.69653 F7200
G1 X170.000 Y160.000 E15275.87115 F7200
G1 X170.000 Y165.000 E15276.04576 F7200
G1 X170.000 Y170.000 E15276.22038 F7200
G1 X165.000 Y170.000 E15276.39499 F7200
G1 X160.000 Y170.000 E15276.56961 F7200
G1 X155.000 Y170.000 E15276.74423 F7200
G1 X150.000 Y170.000 E15276.91884 F7200
G1 X145.000 Y170.000 E15277.09346 F7200
G1 X140.000 Y170.000 E15277.26807 F7200
G1 X135.000 Y170.000 E15277.44269 F7200
G1 X130.000 Y170.000 E15277.61730 F7200
G1 X125.000 Y170.000 E15277.79192 F7200
G1 X120.000 Y170.000 E15277.96654 F7200
G1 X115.000 Y170.000 E15278.14115 F7200
G1 X110.000 Y170.000 E15278.31577 F7200
G1 X105.000 Y170.000 E15278.49038 F7200
G1 X100.000 Y170.000 E15278.66500 F7200
G1 X95.000 Y170.000 E15278.83961 F7200
G1 X90.000 Y170.000 E15279.01423 F7200
G1 X85.000 Y170.000 E15279.18885 F7200
G1 X80.000 Y170.000 E15279.36346 F7200
G1 X75.000 Y170.000 E15279.53808 F7200
G1 X70.000 Y170.000 E15279.71269 F7200
G1 X65.000 Y170.000 E15279.88731 F7200
G1 X60.000 Y170.000 E15280.06192 F7200
G1 X55.000 Y170.000 E15280.23654 F7200
G1 X50.000 Y170.000 E15280.41116 F7200
G1 X50.000 Y165.000 E15280.58577 F7200
G1 X50.000 Y160.000 E15280.76039 F7200
G1 X50.000 Y155.000 E15280.93500 F7200
G1 X50.000 Y150.000 E15281.10962 F7200
G1 X50.000 Y145.000 E15281.28423 F7200
G1 X50.000 Y140.000 E15281.45885 F7200
G1 X50.000 Y135.000 E15281.63347 F7200
G1 X50.000 Y130.000 E15281.80808 F7200
G1 X50.000 Y125.000 E15281.98270 F7200
G1 X50.000 Y120.000 E15282.15731 F7200
G1 X50.000 Y115.000 E15282.33193 F7200
G1 X50.000 Y110.000 E15282.50654 F7200
G1 X50.000 Y105.000 E15282.68116 F7200
G1 X50.000 Y100.000 E15282.85577 F7200
G1 X50.000 Y95.000 E15283.03039 F7200
G1 X50.000 Y90.000 E15283.20501 F7200
G1 X50.000 Y85.000 E15283.37962 F7200
G1 X50.000 Y80.000 E15283.55424 F7200
G1 X50.000 Y75.000 E15283.72885 F7200
G1 X50.000 Y70.000 E15283.90347 F7200
G1 X50.000 Y65.000 E15284.07808 F7200
G1 X50.000 Y60.000 E15284.25270 F7200
G1 X50.000 Y55.000 E15284.42732 F7200
G1 X50.000 Y50.000 E15284.60193 F7200
;TYPE:Sparse infill
G1 X51.000 Y51.000 F12000
G1 X169.000 Y51.000 E15288.72286 F15000
G1 X169.000 Y56.000 F12000
G1 X51.000 Y56.000 E15292.84379 F15000
G1 X51.000 Y61.000 F12000
G1 X169.000 Y61.000 E15296.96472 F15000
G1 X169.000 Y66.000 F12000
G1 X51.000 Y66.000 E15301.08566 F15000
G1 X51.000 Y71.000 F12000
G1 X169.000 Y71.000 E15305.20659 F15000
G1 X169.000 Y76.000 F12000
G1 X51.000 Y76.000 E15309.32752 F15000
G1 X51.000 Y81.000 F12000
G1 X169.000 Y81.000 E15313.44845 F15000
G1 X169.000 Y86.000 F12000
G1 X51.000 Y86.000 E15317.56938 F15000
G1 X51.000 Y91.000 F12000
G1 X169.000 Y91.000 E15321.69031 F15000
G1 X169.000 Y96.000 F12000
G1 X51.000 Y96.000 E15325.81124 F15000
G1 X51.000 Y101.000 F12000
G1 X169.000 Y101.000 E15329.93217 F15000
G1 X169.000 Y106.000 F12000
G1 X51.000 Y106.000 E15334.05310 F15000
G1 X51.000 Y111.000 F12000
G1 X169.000 Y111.000 E15338.17403 F15000
G1 X169.000 Y116.000 F12000
G1 X51.000 Y116.000 E15342.29496 F15000
G1 X51.000 Y121.000 F12000
G1 X169.000 Y121.000 E15346.41589 F15000
G1 X169.000 Y126.000 F12000
G1 X51.000 Y126.000 E15350.53682 F15000
G1 X51.000 Y131.000 F12000
G1 X169.000 Y131.000 E15354.65775 F15000
G1 X169.000 Y136.000 F12000
G1 X51.000 Y136.000 E15358.77869 F15000
G1 X51.000 Y141.000 F12000
G1 X169.000 Y141.000 E15362.89962 F15000
G1 X169.000 Y146.000 F12000
G1 X51.000 Y146.000 E15367.02055 F15000
G1 X51.000 Y151.000 F12000
G1 X169.000 Y151.000 E15371.14148 F15000
G1 X169.000 Y156.000 F12000
G1 X51.000 Y156.000 E15375.26241 F15000
G1 X51.000 Y161.000 F12000
G1 X169.000 Y161.000 E15379.38334 F15000
G1 X169.000 Y166.000 F12000
G1 X51.000 Y166.000 E15383.50427 F15000
;LAYER_CHANGE
;Z:26.800
G1 Z26.800 F600
;TYPE:Outer wall
G1 X50.000 Y50.000 F7200
G1 X55.000 Y50.000 E15383.67889 F7200
G1 X60.000 Y50.000 E15383.85350 F7200
G1 X65.000 Y50.000 E15384.02812 F7200
G1 X70.000 Y50.000 E15384.20273 F7200
G1 X75.000 Y50.000 E15384.37735 F7200
G1 X80.000 Y50.000 E15384.55196 F7200
G1 X85.000 Y50.000 E15384.72658 F7200
G1 X90.000 Y50.000 E15384.90120 F7200
G1 X95.000 Y50.000 E15385.07581 F7200
G1 X100.000 Y50.000 E15385.25043 F7200
G1 X105.000 Y50.000 E15385.42504 F7200
G1 X110.000 Y50.000 E15385.59966 F7200
G1 X115.000 Y50.000 E15385.77427 F7200
G1 X120.000 Y50.000 E15385.94889 F7200
G1 X125.000 Y50.000 E15386.12351 F7200
G1 X130.000 Y50.000 E15386.29812 F7200
G1 X135.000 Y50.000 E15386.47274 F7200
G1 X140.000 Y50.000 E15386.64735 F7200
G1 X145.000 Y50.000 E15386.82197 F7200
G1 X150.000 Y50.000 E15386.99658 F7200
G1 X155.000 Y50.000 E15387.17120 F7200
G1 X160.000 Y50.000 E15387.34582 F7200
G1 X165.000 Y50.000 E15387.52043 F7200
G1 X170.000 Y50.000 E15387.69505 F7200
G1 X170.000 Y55.000 E15387.86966 F7200
G1 X170.000 Y60.000 E15388.04428 F7200
G1 X170.000 Y65.000 E15388.21889 F7200
G1 X170.000 Y70.000 E15388.39351 F7200
G1 X170.000 Y75.000 E15388.56813 F7200
G1 X170.000 Y80.000 E15388.74274 F7200
G1 X170.000 Y85.000 E15388.91736 F7200
G1 X170.000 Y90.000 E15389.09197 F7200
G1 X170.000 Y95.000 E15389.26659 F7200
G1 X170.000 Y100.000 E15389.44120 F7200
G1 X170.000 Y105.000 E15389.61582 F7200
G1 X170.000 Y110.000 E15389.79044 F7200
G1 X170.000 Y115.000 E15389.96505 F7200
G1 X170.000 Y120.000 E15390.13967 F7200
G1 X170.000 Y125.000 E15390.31428 F7200
G1 X170.000 Y130.000 E15390.48890 F7200
G1 X170.000 Y135.000 E15390.66351 F7200
G1 X170.000 Y140.000 E15390.83813 F7200
G1 X170.000 Y145.000 E15391.01275 F7200
G1 X170.000 Y150.000 E15391.18736 F7200
G1 X170.000 Y155.000 E15391.36198 F7200
G1 X170.000 Y160.000 E15391.53659 F7200
G1 X170.000 Y165.000 E15391.71121 F7200
G1 X170.000 Y170.000 E15391.88582 F7200
G1 X165.000 Y170.000 E15392.06044 F7200
G1 X160.000 Y170.000 E15392.23506 F7200
G1 X155.000 Y170.000 E15392.40967 F7200
G1 X150.000 Y170.000 E15392.58429 F7200
G1 X145.000 Y170.000 E15392.75890 F7200
G1 X140.000 Y170.000 E15392.93352 F7200
G1 X135.000 Y170.000 E15393.10813 F7200
G1 X130.000 Y170.000 E15393.28275 F7200
G1 X125.000 Y170.000 E15393.45737 F7200
G1 X120.000 Y170.000 E15393.63198 F7200
G1 X115.000 Y170.000 E15393.80660 F7200
G1 X110.000 Y170.000 E15393.98121 F7200
G1 X105.000 Y170.000 E15394.15583 F7200
G1 X100.000 Y170.000 E15394.33044 F7200
G1 X95.000 Y170.000 E15394.50506 F7200
G1 X90.000 Y170.000 E15394.67968 F7200
G1 X85.000 Y170.000 E15394.85429 F7200
G1 X80.000 Y170.000 E15395.02891 F7200
G1 X75.000 Y170.000 E15395.20352 F7200
G1 X70.000 Y170.000 E15395.37814 F7200
G1 X65.000 Y170.000 E15395.55275 F7200
G1 X60.000 Y170.000 E15395.72737 F7200
G1 X55.000 Y170.000 E15395.90198 F7200
G1 X50.000 Y170.000 E15396.07660 F7200
G1 X50.000 Y165.000 E15396.25122 F7200
G1 X50.000 Y160.000 E15396.42583 F7200
G1 X50.000 Y155.000 E15396.60045 F7200
G1 X50.000 Y150.000 E15396.77506 F7200
G1 X50.000 Y145.000 E15396.94968 F7200
G1 X50.000 Y140.000 E15397.12429 F7200
G1 X50.000 Y135.000 E15397.29891 F7200
G1 X50.000 Y130.000 E15397.47353 F7200
G1 X50.000 Y125.000 E15397.64814 F7200
G1 X50.000 Y120.000 E15397.82276 F7200
G1 X50.000 Y115.000 E15397.99737 F7200
G1 X50.000 Y110.000 E15398.17199 F7200
G1 X50.000 Y105.000 E15398.34660 F7200
G1 X50.000 Y100.000 E15398.52122 F7200
G1 X50.000 Y95.000 E15398.69584 F7200
G1 X50.000 Y90.000 E15398.87045 F7200
G1 X50.000 Y85.000 E15399.04507 F7200
G1 X50.000 Y80.000 E15399.21968 F7200
G1 X50.000 Y75.000 E15399.39430 F7200
G1 X50.000 Y70.000 E15399.56891 F7200
G1 X50.000 Y65.000 E15399.74353 F7200
G1 X50.000 Y60.000 E15399.91815 F7200
G1 X50.000 Y55.000 E15400.09276 F7200
G1 X50.000 Y50.000 E15400.26738 F7200
;TYPE:Sparse infill
G1 X51.000 Y51.000 F12000
G1 X169.000 Y51.000 E15404.38831 F15000
G1 X169.000 Y56.000 F12000
G1 X51.000 Y56.000 E15408.50924 F15000
G1 X51.000 Y61.000 F12000
G1 X169.000 Y61.000 E15412.63017 F15000
G1 X169.000 Y66.000 F12000
G1 X51.000 Y66.000 E15416.75110 F15000
G1 X51.000 Y71.000 F12000
G1 X169.000 Y71.000 E15420.87203 F15000
G1 X169.000 Y76.000 F12000
G1 X51.000 Y76.000 E15424.99296 F15000
G1 X51.000 Y81.000 F12000
G1 X169.000 Y81.000 E15429.11389 F15000
G1 X169.000 Y86.000 F12000
G1 X51.000 Y86.000 E15433.23482 F15000
G1 X51.000 Y91.000 F12000
G1 X169.000 Y91.000 E15437.35575 F15000
G1 X169.000 Y96.000 F12000
G1 X51.000 Y96.000 E15441.47669 F15000
G1 X51.000 Y101.000 F12000
G1 X169.000 Y101.000 E15445.59762 F15000
G1 X169.000 Y106.000 F12000
G1 X51.000 Y106.000 E15449.71855 F15000
G1 X51.000 Y111.000 F12000
G1 X169.000 Y111.000 E15453.83948 F15000
G1 X169.000 Y116.000 F12000
G1 X51.000 Y116.000 E15457.96041 F15000
G1 X51.000 Y121.000 F12000
G1 X169.000 Y121.000 E15462.08134 F15000
G1 X169.000 Y126.000 F12000
G1 X51.000 Y126.000 E15466.20227 F15000
G1 X51.000 Y131.000 F12000
G1 X169.000 Y131.000 E15470.32320 F15000
G1 X169.000 Y136.000 F12000
G1 X51.000 Y136.000 E15474.44413 F15000
G1 X51.000 Y141.000 F12000
G1 X169.000 Y141.000 E15478.56506 F15000
G1 X169.000 Y146.000 F12000
G1 X51.000 Y146.000 E15482.68599 F15000
G1 X51.000 Y151.000 F12000
G1 X169.000 Y151.000 E15486.80692 F15000
G1 X169.000 Y156.000 F12000
G1 X51.000 Y156.000 E15490.92785 F15000
G1 X51.000 Y161.000 F12000
G1 X169.000 Y161.000 E15495.04878 F15000
G1 X169.000 Y166.000 F12000
G1 X51.000 Y166.000 E15499.16972 F15000
;LAYER_CHANGE
;Z:27.000
G1 Z27.000 F600
;TYPE:Outer wall
G1 X50.000 Y50.000 F7200
G1 X55.000 Y50.000 E15499.34433 F7200
G1 X60.000 Y50.000 E15499.51895 F7200
G1 X65.000 Y50.000 E15499.69356 F7200
G1 X70.000 Y50.000 E15499.86818 F7200
G1 X75.000 Y50.000 E15500.04279 F7200
G1 X80.000 Y50.000 E15500.21741 F7200
G1 X85.000 Y50.000 E15500.39203 F7200
G1 X90.000 Y50.000 E15500.56664 F7200
G1 X95.000 Y50.000 E15500.74126 F7200
G1 X100.000 Y50.000 E15500.91587 F7200
G1 X105.000 Y50.000 E15501.09049 F7200
G1 X110.000 Y50.000 E15501.26510 F7200
G1 X115.000 Y50.000 E15501.43972 F7200
G1 X120.000 Y50.000 E15501.61434 F7200
G1 X125.000 Y50.000 E15501.78895 F7200
G1 X130.000 Y50.000 E15501.96357 F7200
G1 X135.000 Y50.000 E15502.13818 F7200
G1 X140.000 Y50.000 E15502.31280 F7200
G1 X145.000 Y50.000 E15502.48741 F7200
G1 X150.000 Y50.000 E15502.66203 F7200
G1 X155.000 Y50.000 E15502.83665 F7200
G1 X160.000 Y50.000 E15503.01126 F7200
G1 X165.000 Y50.000 E15503.18588 F7200
G1 X170.000 Y50.000 E15503.36049 F7200
G1 X170.000 Y55.000 E15503.53511 F7200
G1 X170.000 Y60.000 E15503.70972 F7200
G1 X170.000 Y65.000 E15503.88434 F7200
G1 X170.000 Y70.000 E15504.05896 F7200
G1 X170.000 Y75.000 E15504.23357 F7200
G1 X170.000 Y80.000 E15504.40819 F7200
G1 X170.000 Y85.000 E15504.58280 F7200
G1 X170.000 Y90.000 E15504.75742 F7200
G1 X170.000 Y95.000 E15504.93203 F7200
G1 X170.000 Y100.000 E15505.10665 F7200
G1 X170.000 Y105.000 E15505.28127 F7200
G1 X170.000 Y110.000 E15505.45588 F7200
G1 X170.000 Y115.000 E15505.63050 F7200
G1 X170.000 Y120.000 E15505.80511 F7200
G1 X170.000 Y125.000 E15505.97973 F7200
G1 X170.000 Y130.000 E15506.15434 F7200
G1 X170.000 Y135.000 E15506.32896 F7200
G1 X170.000 Y140.000 E15506.50358 F7200
G1 X170.000 Y145.000 E15506.67819 F7200
G1 X170.000 Y150.000 E15506.85281 F7200
G1 X170.000 Y155.000 E15507.02742 F7200
G1 X170.000 Y160.000 E15507.20204 F7200
G1 X170.000 Y165.000 E15507.37665 F7200
G1 X170.000 Y170.000 E15507.55127 F7200
G1 X165.000 Y170.000 E15507.72589 F7200
G1 X160.000 Y170.000 E15507.90050 F7200
G1 X155.000 Y170.000 E15508.07512 F7200
G1 X150.000 Y170.000 E15508.24973 F7200
G1 X145.000 Y170.000 E15508.42435 F7200
G1 X140.000 Y170.000 E15508.59896 F7200
G1 X135.000 Y170.000 E15508.77358 F7200
G1 X130.000 Y170.000 E15508.94819 F7200
G1 X125.000 Y170.000 E15509.12281 F7200
G1 X120.000 Y170.000 E15509.29743 F7200
G1 X115.000 Y170.000 E15509.47204 F7200
G1 X110.000 Y170.000 E15509.64666 F7200
G1 X105.000 Y170.000 E15509.82127 F7200
G1 X100.000 Y170.000 E15509.99589 F7200
G1 X95.000 Y170.000 E15510.17050 F7200
G1 X90.000 Y170.000 E15510.34512 F7200
G1 X85.000 Y170.000 E15510.51974 F7200
G1 X80.000 Y170.000 E15510.69435 F7200
G1 X75.000 Y170.000 E15510.86897 F7200
G1 X70.000 Y170.000 E15511.04358 F7200
G1 X65.000 Y170.000 E15511.21820 F7200
G1 X60.000 Y170.000 E15511.39281 F7200
G1 X55.000 Y170.000 E15511.56743 F7200
G1 X50.000 Y170.000 E15511.74205 F7200
G1 X50.000 Y165.000 E15511.91666 F7200
G1 X50.000 Y160.000 E15512.09128 F7200
G1 X50.000 Y155.000 E15512.26589 F7200
G1 X50.000 Y150.000 E15512.44051 F7200
G1 X50.000 Y145.000 E15512.61512 F7200
G1 X50.000 Y140.000 E15512.78974 F7200
G1 X50.000 Y135.000 E15512.96436 F7200
G1 X50.000 Y130.000 E15513.13897 F7200
G1 X50.000 Y125.000 E15513.31359 F7200
G1 X50.000 Y120.000 E15513.48820 F7200
G1 X50.000 Y115.000 E15513.66282 F7200
G1 X50.000 Y110.000 E15513.83743 F7200
G1 X50.000 Y105.000 E15514.01205 F7200
G1 X50.000 Y100.000 E15514.18667 F7200
G1 X50.000 Y95.000 E15514.36128 F7200
G1 X50.000 Y90.000 E15514.53590 F7200
G1 X50.000 Y85.000 E15514.71051 F7200
G1 X50.000 Y80.000 E15514.88513 F7200
G1 X50.000 Y75.000 E15515.05974 F7200
G1 X50.000 Y70.000 E15515.23436 F7200
G1 X50.000 Y65.000 E15515.40898 F7200
G1 X50.000 Y60.000 E15515.58359 F7200
G1 X50.000 Y55.000 E15515.75821 F7200
G1 X50.000 Y50.000 E15515.93282 F7200
;TYPE:Sparse infill
G1 X51.000 Y51.000 F12000
G1 X169.000 Y51.000 E15520.05375 F15000
G1 X169.000 Y56.000 F12000
G1 X51.000 Y56.000 E15524.17468 F15000
G1 X51.000 Y61.000 F12000
G1 X169.000 Y61.000 E15528.29562 F15000
G1 X169.000 Y66.000 F12000
G1 X51.000 Y66.000 E15532.41655 F15000
G1 X51.000 Y71.000 F12000
G1 X169.000 Y71.000 E15536.53748 F15000
G1 X169.000 Y76.000 F12000
G1 X51.000 Y76.000 E15540.65841 F15000
G1 X51.000 Y81.000 F12000
G1 X169.000 Y81.000 E15544.77934 F15000
G1 X169.000 Y86.000 F12000
G1 X51.000 Y86.000 E15548.90027 F15000
G1 X51.000 Y91.000 F12000
G1 X169.000 Y91.000 E15553.02120 F15000
G1 X169.000 Y96.000 F12000
G1 X51.000 Y96.000 E15557.14213 F15000
G1 X51.000 Y101.000 F12000
G1 X169.000 Y101.000 E15561.26306 F15000
G1 X169.000 Y106.000 F12000
G1 X51.000 Y106.000 E15565.38399 F15000
G1 X51.000 Y111.000 F12000
G1 X169.000 Y111.000 E15569.50492 F15000
G1 X169.000 Y116.000 F12000
G1 X51.000 Y116.000 E15573.62585 F15000
G1 X51.000 Y121.000 F12000
G1 X169.000 Y121.000 E15577.74678 F15000
G1 X169.000 Y126.000 F12000
G1 X51.000 Y126.000 E15581.86772 F15000
G1 X51.000 Y131.000 F12000
G1 X169.000 Y131.000 E15585.98865 F15000
G1 X169.000 Y136.000 F12000
G1 X51.000 Y136.000 E15590.10958 F15000
G1 X51.000 Y141.000 F12000
G1 X169.000 Y141.000 E15594.23051 F15000
G1 X169.000 Y146.000 F12000
G1 X51.000 Y146.000 E15598.35144 F15000
G1 X51.000 Y151.000 F12000
G1 X169.000 Y151.000 E15602.47237 F15000
G1 X169.000 Y156.000 F12000
G1 X51.000 Y156.000 E15606.59330 F15000
G1 X51.000 Y161.000 F12000
G1 X169.000 Y161.000 E15610.71423 F15000
G1 X169.000 Y166.000 F12000
G1 X51.000 Y166.000 E15614.83516 F15000
;LAYER_CHANGE
;Z:27.200
G1 Z27.200 F600
;TYPE:Outer wall
G1 X50.000 Y50.000 F7200
G1 X55.000 Y50.000 E15615.00978 F7200
G1 X60.000 Y50.000 E15615.18439 F7200
G1 X65.000 Y50.000 E15615.35901 F7200
G1 X70.000 Y50.000 E15615.53362 F7200
G1 X75.000 Y50.000 E15615.70824 F7200
G1 X80.000 Y50.000 E15615.88286 F7200
G1 X85.000 Y50.000 E15616.05747 F7200
G1 X90.000 Y50.000 E15616.23209 F7200
G1 X95.000 Y50.000 E15616.40670 F7200
G1 X100.000 Y50.000 E15616.58132 F7200
G1 X105.000 Y50.000 E15616.75593 F7200
G1 X110.000 Y50.000 E15616.93055 F7200
G1 X115.000 Y50.000 E15617.10517 F7200
G1 X120.000 Y50.000 E15617.27978 F7200
G1 X125.000 Y50.000 E15617.45440 F7200
G1 X130.000 Y50.000 E15617.62901 F7200
G1 X135.000 Y50.000 E15617.80363 F7200
G1 X140.000 Y50.000 E15617.97824 F7200
G1 X145.000 Y50.000 E15618.15286 F7200
G1 X150.000 Y50.000 E15618.32748 F7200
G1 X155.000 Y50.000 E15618.50209 F7200
G1 X160.000 Y50.000 E15618.67671 F7200
G1 X165.000 Y50.000 E15618.85132 F7200
G1 X170.000 Y50.000 E15619.02594 F7200
G1 X170.000 Y55.000 E15619.20055 F7200
G1 X170.000 Y60.000 E15619.37517 F7200
G1 X170.000 Y65.000 E15619.54979 F7200
G1 X170.000 Y70.000 E15619.72440 F7200
G1 X170.000 Y75.000 E15619.89902 F7200
G1 X170.000 Y80.000 E15620.07363 F7200
G1 X170.000 Y85.000 E15620.24825 F7200
G1 X170.000 Y90.000 E15620.42286 F7200
G1 X170.000 Y95.000 E15620.59748 F7200
G1 X170.000 Y100.000 E15620.77210 F7200
G1 X170.000 Y105.000 E15620.94671 F7200
G1 X170.000 Y110.000 E15621.12133 F7200
G1 X170.000 Y115.000 E15621.29594 F7200
G1 X170.000 Y120.000 E15621.47056 F7200
G1 X170.000 Y125.000 E15621.64517 F7200
G1 X170.000 Y130.000 E15621.81979 F7200
G1 X170.000 Y135.000 E15621.99440 F7200
G1 X170.000 Y140.000 E15622.16902 F7200
G1 X170.000 Y145.000 E15622.34364 F7200
G1 X170.000 Y150.000 E15622.51825 F7200
G1 X170.000 Y155.000 E15622.69287 F7200
G1 X170.000 Y160.000 E15622.86748 F7200
G1 X170.000 Y165.000 E15623.04210 F7200
G1 X170.000 Y170.000 E15623.21671 F7200
G1 X165.000 Y170.000 E15623.39133 F7200
G1 X160.000 Y170.000 E15623.56595 F7200
G1 X155.000 Y170.000 E15623.74056 F7200
G1 X150.000 Y170.000 E15623.91518 F7200
G1 X145.000 Y170.000 E15624.08979 F7200
G1 X140.000 Y170.000 E15624.26441 F7200
G1 X135.000 Y170.000 E15624.43902 F7200
G1 X130.000 Y170.000 E15624.61364 F7200
G1 X125.000 Y170.000 E15624.78826 F7200
G1 X120.000 Y170.000 E15624.96287 F7200
G1 X115.000 Y170.000 E15625.13749 F7200
G1 X110.000 Y170.000 E15625.31210 F7200
G1 X105.000 Y170.000 E15625.48672 F7200
G1 X100.000 Y170.000 E15625.66133 F7200
G1 X95.000 Y170.000 E15625.83595 F7200
G1 X90.000 Y170.000 E15626.01057 F7200
G1 X85.000 Y170.000 E15626.18518 F7200
G1 X80.000 Y170.000 E15626.35980 F7200
G1 X75.000 Y170.000 E15626.53441 F7200
G1 X70.000 Y170.000 E15626.70903 F7200
G1 X65.000 Y170.000 E15626.88364 F7200
G1 X60.000 Y170.000 E15627.05826 F7200
G1 X55.000 Y170.000 E15627.23288 F7200
G1 X50.000 Y170.000 E15627.40749 F7200
G1 X50.000 Y165.000 E15627.58211 F7200
G1 X50.000 Y160.000 E15627.75672 F7200
G1 X50.000 Y155.000 E15627.93134 F7200
G1 X50.000 Y150.000 E15628.10595 F7200
G1 X50.000 Y145.000 E15628.28057 F7200
G1 X50.000 Y140.000 E15628.45519 F7200
G1 X50.000 Y135.000 E15628.62980 F7200
G1 X50.000 Y130.000 E15628.80442 F7200
G1 X50.000 Y125.000 E15628.97903 F7200
G1 X50.000 Y120.000 E15629.15365 F7200
G1 X50.000 Y115.000 E15629.32826 F7200
G1 X50.000 Y110.000 E15629.50288 F7200
G1 X50.000 Y105.000 E15629.67750 F7200
G1 X50.000 Y100.000 E15629.85211 F7200
G1 X50.000 Y95.000 E15630.02673 F7200
G1 X50.000 Y90.000 E15630.20134 F7200
G1 X50.000 Y85.000 E15630.37596 F7200
G1 X50.000 Y80.000 E15630.55057 F7200
G1 X50.000 Y75.000 E15630.72519 F7200
G1 X50.000 Y70.000 E15630.89981 F7200
G1 X50.000 Y65.000 E15631.07442 F7200
G1 X50.000 Y60.000 E15631.24904 F7200
G1 X50.000 Y55.000 E15631.42365 F7200
G1 X50.000 Y50.000 E15631.59827 F7200
;TYPE:Sparse infill
G1 X51.000 Y51.000 F12000
G1 X169.000 Y51.000 E15635.71920 F15000
G1 X169.000 Y56.000 F12000
G1 X51.000 Y56.000 E15639.84013 F15000
G1 X51.000 Y61.000 F12000
G1 X169.000 Y61.000 E15643.96106 F15000
G1 X169.000 Y66.000 F12000
G1 X51.000 Y66.000 E15648.08199 F15000
G1 X51.000 Y71.000 F12000
G1 X169.000 Y71.000 E15652.20292 F15000
G1 X169.000 Y76.000 F12000
G1 X51.000 Y76.000 E15656.32385 F15000
G1 X51.000 Y81.000 F12000
G1 X169.000 Y81.000 E15660.44478 F15000
G1 X169.000 Y86.000 F12000
G1 X51.000 Y86.000 E15664.56571 F15000
G1 X51.000 Y91.000 F12000
G1 X169.000 Y91.000 E15668.68665 F15000
G1 X169.000 Y96.000 F12000
G1 X51.000 Y96.000 E15672.80758 F15000
G1 X51.000 Y101.000 F12000
G1 X169.000 Y101.000 E15676.92851 F15000
G1 X169.000 Y106.000 F12000
G1 X51.000 Y106.000 E15681.04944 F15000
G1 X51.000 Y111.000 F12000
G1 X169.000 Y111.000 E15685.17037 F15000
G1 X169.000 Y116.000 F12000
G1 X51.000 Y116.000 E15689.29130 F15000
G1 X51.000 Y121.000 F12000
G1 X169.000 Y121.000 E15693.41223 F15000
G1 X169.000 Y126.000 F12000
G1 X51.000 Y126.000 E15697.53316 F15000
G1 X51.000 Y131.000 F12000
G1 X169.000 Y131.000 E15701.65409 F15000
G1 X169.000 Y136.000 F12000
G1 X51.000 Y136.000 E15705.77502 F15000
G1 X51.000 Y141.000 F12000
G1 X169.000 Y141.000 E15709.89595 F15000
G1 X169.000 Y146.000 F12000
G1 X51.000 Y146.000 E15714.01688 F15000
G1 X51.000 Y151.000 F12000
G1 X169.000 Y151.000 E15718.13781 F15000
G1 X169.000 Y156.000 F12000
G1 X51.000 Y156.000 E15722.25875 F15000
G1 X51.000 Y161.000 F12000
G1 X169.000 Y161.000 E15726.37968 F15000
G1 X169.000 Y166.000 F12000
G1 X51.000 Y166.000 E15730.50061 F15000
;LAYER_CHANGE
;Z:27.400
G1 Z27.400 F600
;TYPE:Outer wall
G1 X50.000 Y50.000 F7200
G1 X55.000 Y50.000 E15730.67522 F7200
G1 X60.000 Y50.000 E15730.84984 F7200
G1 X65.000 Y50.000 E15731.02445 F7200
G1 X70.000 Y50.000 E15731.19907 F7200
G1 X75.000 Y50.000 E15731.37369 F7200
G1 X80.000 Y50.000 E15731.54830 F7200
G1 X85.000 Y50.000 E15731.72292 F7200
G1 X90.000 Y50.000 E15731.89753 F7200
G1 X95.000 Y50.000 E15732.07215 F7200
G1 X100.000 Y50.000 E15732.24676 F7200
G1 X105.000 Y50.000 E15732.42138 F7200
G1 X110.000 Y50.000 E15732.59600 F7200
G1 X115.000 Y50.000 E15732.77061 F7200
G1 X120.000 Y50.000 E15732.94523 F7200
G1 X125.000 Y50.000 E15733.11984 F7200
G1 X130.000 Y50.000 E15733.29446 F7200
G1 X135.000 Y50.000 E15733.46907 F7200
G1 X140.000 Y50.000 E15733.64369 F7200
G1 X145.000 Y50.000 E15733.81831 F7200
G1 X150.000 Y50.000 E15733.99292 F7200
G1 X155.000 Y50.000 E15734.16754 F7200
G1 X160.000 Y50.000 E15734.34215 F7200
G1 X165.000 Y50.000 E15734.51677 F7200
G1 X170.000 Y50.000 E15734.69138 F7200
G1 X170.000 Y55.000 E15734.86600 F7200
G1 X170.000 Y60.000 E15735.04061 F7200
G1 X170.000 Y65.000 E15735.21523 F7200
G1 X170.000 Y70.000 E15735.38985 F7200
G1 X170.000 Y75.000 E15735.56446 F7200
G1 X170.000 Y80.000 E15735.73908 F7200
G1 X170.000 Y85.000 E15735.91369 F7200
G1 X170.000 Y90.000 E15736.08831 F7200
G1 X170.000 Y95.000 E15736.26292 F7200
G1 X170.000 Y100.000 E15736.43754 F7200
G1 X170.000 Y105.000 E15736.61216 F7200
G1 X170.000 Y110.000 E15736.78677 F7200
G1 X170.000 Y115.000 E15736.96139 F7200
G1 X170.000 Y120.000 E15737.13600 F7200
G1 X170.000 Y125.000 E15737.31062 F7200
G1 X170.000 Y130.000 E15737.48523 F7200
G1 X170.000 Y135.000 E15737.65985 F7200
G1 X170.000 Y140.000 E15737.83447 F7200
G1 X170.000 Y145.000 E15738.00908 F7200
G1 X170.000 Y150.000 E15738.18370 F7200
G1 X170.000 Y155.000 E15738.35831 F7200
G1 X170.000 Y160.000 E15738.53293 F7200
G1 X170.000 Y165.000 E15738.70754 F7200
G1 X170.000 Y170.000 E15738.88216 F7200
G1 X165.000 Y170.000 E15739.05678 F7200
G1 X160.000 Y170.000 E15739.23139 F7200
G1 X155.000 Y170.000 E15739.40601 F7200
G1 X150.000 Y170.000 E15739.58062 F7200
G1 X145.000 Y170.000 E15739.75524 F7200
G1 X140.000 Y170.000 E15739.92985 F7200
G1 X135.000 Y170.000 E15740.10447 F7200
G1 X130.000 Y170.000 E15740.27909 F7200
G1 X125.000 Y170.000 E15740.45370 F7200
G1 X120.000 Y170.000 E15740.62832 F7200
G1 X115.000 Y170.000 E15740.80293 F7200
G1 X110.000 Y170.000 E15740.97755 F7200
G1 X105.000 Y170.000 E15741.15216 F7200
G1 X100.000 Y170.000 E15741.32678 F7200
G1 X95.000 Y170.000 E15741.50140 F7200
G1 X90.000 Y170.000 E15741.67601 F7200
G1 X85.000 Y170.000 E15741.85063 F7200
G1 X80.000 Y170.000 E15742.02524 F7200
G1 X75.000 Y170.000 E15742.19986 F7200
G1 X70.000 Y170.000 E15742.37447 F7200
G1 X65.000 Y170.000 E15742.54909 F7200
G1 X60.000 Y170.000 E15742.72371 F7200
G1 X55.000 Y170.000 E15742.89832 F7200
G1 X50.000 Y170.000 E15743.07294 F7200
G1 X50.000 Y165.000 E15743.24755 F7200
G1 X50.000 Y160.000 E15743.42217 F7200
G1 X50.000 Y155.000 E15743.59678 F7200
G1 X50.000 Y150.000 E15743.77140 F7200
G1 X50.000 Y145.000 E15743.94602 F7200
G1 X50.000 Y140.000 E15744.12063 F7200
G1 X50.000 Y135.000 E15744.29525 F7200
G1 X50.000 Y130.000 E15744.46986 F7200
G1 X50.000 Y125.000 E15744.64448 F7200
G1 X50.000 Y120.000 E15744.81909 F7200
G1 X50.000 Y115.000 E15744.99371 F7200
G1 X50.000 Y110.000 E15745.16833 F7200
G1 X50.000 Y105.000 E15745.34294 F7200
G1 X50.000 Y100.000 E15745.51756 F7200
G1 X50.000 Y95.000 E15745.69217 F7200
G1 X50.000 Y90.000 E15745.86679 F7200
G1 X50.000 Y85.000 E15746.04140 F7200
G1 X50.000 Y80.000 E15746.21602 F7200
G1 X50.000 Y75.000 E15746.39064 F7200
G1 X50.000 Y70.000 E15746.56525 F7200
G1 X50.000 Y65.000 E15746.73987 F7200
G1 X50.000 Y60.000 E15746.91448 F7200
G1 X50.000 Y55.000 E15747.08910 F7200
G1 X50.000 Y50.000 E15747.26371 F7200
;TYPE:Sparse infill
G1 X51.000 Y51.000 F12000
G1 X169.000 Y51.000 E15751.38465 F15000
G1 X169.000 Y56.000 F12000
G1 X51.000 Y56.000 E15755.50558 F15000
G1 X51.000 Y61.000 F12000
G1 X169.000 Y61.000 E15759.62651 F15000
G1 X169.000 Y66.000 F12000
G1 X51.000 Y66.000 E15763.74744 F15000
G1 X51.000 Y71.000 F12000
G1 X169.000 Y71.000 E15767.86837 F15000
G1 X169.000 Y76.000 F12000
G1 X51.000 Y76.000 E15771.98930 F15000
G1 X51.000 Y81.000 F12000
G1 X169.000 Y81.000 E15776.11023 F15000
G1 X169.000 Y86.000 F12000
G1 X51.000 Y86.000 E15780.23116 F15000
G1 X51.000 Y91.000 F12000
G1 X169.000 Y91.000 E15784.35209 F15000
G1 X169.000 Y96.000 F12000
G1 X51.000 Y96.000 E15788.47302 F15000
G1 X51.000 Y101.000 F12000
G1 X169.000 Y101.000 E15792.59395 F15000
G1 X169.000 Y106.000 F12000
G1 X51.000 Y106.000 E15796.71488 F15000
G1 X51.000 Y111.000 F12000
G1 X169.000 Y111.000 E15800.83581 F15000
G1 X169.000 Y116.000 F12000
G1 X51.000 Y116.000 E15804.95674 F15000
G1 X51.000 Y121.000 F12000
G1 X169.000 Y121.000 E15809.07768 F15000
G1 X169.000 Y126.000 F12000
G1 X51.000 Y126.000 E15813.19861 F15000
G1 X51.000 Y131.000 F12000
G1 X169.000 Y131.000 E15817.31954 F15000
G1 X169.000 Y136.000 F12000
G1 X51.000 Y136.000 E15821.44047 F15000
G1 X51.000 Y141.000 F12000
G1 X169.000 Y141.000 E15825.56140 F15000
G1 X169.000 Y146.000 F12000
G1 X51.000 Y146.000 E15829.68233 F15000
G1 X51.000 Y151.000 F12000
G1 X169.000 Y151.000 E15833.80326 F15000
G1 X169.000 Y156.000 F12000
G1 X51.000 Y156.000 E15837.92419 F15000
G1 X51.000 Y161.000 F12000
G1 X169.000 Y161.000 E15842.04512 F15000
G1 X169.000 Y166.000 F12000
G1 X51.000 Y166.000 E15846.16605 F15000
;LAYER_CHANGE
;Z:27.600
G1 Z27.600 F600
;TYPE:Outer wall
G1 X50.000 Y50.000 F7200
G1 X55.000 Y50.000 E15846.34067 F7200
G1 X60.000 Y50.000 E15846.51528 F7200
G1 X65.000 Y50.000 E15846.68990 F7200
G1 X70.000 Y50.000 E15846.86452 F7200
G1 X75.000 Y50.000 E15847.03913 F7200
G1 X80.000 Y50.000 E15847.21375 F7200
G1 X85.000 Y50.000 E15847.38836 F7200
G1 X90.000 Y50.000 E15847.56298 F7200
G1 X95.000 Y50.000 E15847.73759 F7200
G1 X100.000 Y50.000 E15847.91221 F7200
G1 X105.000 Y50.000 E15848.08682 F7200
G1 X110.000 Y50.000 E15848.26144 F7200
G1 X115.000 Y50.000 E15848.43606 F7200
G1 X120.000 Y50.000 E15848.61067 F7200
G1 X125.000 Y50.000 E15848.78529 F7200
G1 X130.000 Y50.000 E15848.95990 F7200
G1 X135.000 Y50.000 E15849.13452 F7200
G1 X140.000 Y50.000 E15849.30913 F7200
G1 X145.000 Y50.000 E15849.48375 F7200
G1 X150.000 Y50.000 E15849.65837 F7200
G1 X155.000 Y50.000 E15849.83298 F7200
G1 X160.000 Y50.000 E15850.00760 F7200
G1 X165.000 Y50.000 E15850.18221 F7200
G1 X170.000 Y50.000 E15850.35683 F7200
G1 X170.000 Y55.000 E15850.53144 F7200
G1 X170.000 Y60.000 E15850.70606 F7200
G1 X170.000 Y65.000 E15850.88068 F7200
G1 X170.000 Y70.000 E15851.05529 F7200
G1 X170.000 Y75.000 E15851.22991 F7200
G1 X170.000 Y80.000 E15851.40452 F7200
G1 X170.000 Y85.000 E15851.57914 F7200
G1 X170.000 Y90.000 E15851.75375 F7200
G1 X170.000 Y95.000 E15851.92837 F7200
G1 X170.000 Y100.000 E15852.10299 F7200
G1 X170.000 Y105.000 E15852.27760 F7200
G1 X170.000 Y110.000 E15852.45222 F7200
G1 X170.000 Y115.000 E15852.62683 F7200
G1 X170.000 Y120.000 E15852.80145 F7200
G1 X170.000 Y125.000 E15852.97606 F7200
G1 X170.000 Y130.000 E15853.15068 F7200
G1 X170.000 Y135.000 E15853.32530 F7200
G1 X170.000 Y140.000 E15853.49991 F7200
G1 X170.000 Y145.000 E15853.67453 F7200
G1 X170.000 Y150.000 E15853.84914 F7200
G1 X170.000 Y155.000 E15854.02376 F7200
G1 X170.000 Y160.000 E15854.19837 F7200
G1 X170.000 Y165.000 E15854.37299 F7200
G1 X170.000 Y170.000 E15854.54761 F7200
G1 X165.000 Y170.000 E15854.72222 F7200
G1 X160.000 Y170.000 E15854.89684 F7200
G1 X155.000 Y170.000 E15855.07145 F7200
G1 X150.000 Y170.000 E15855.24607 F7200
G1 X145.000 Y170.000 E15855.42068 F7200
G1 X140.000 Y170.000 E15855.59530 F7200
G1 X135.000 Y170.000 E15855.76992 F7200
G1 X130.000 Y170.000 E15855.94453 F7200
G1 X125.000 Y170.000 E15856.11915 F7200
G1 X120.000 Y170.000 E15856.29376 F7200
G1 X115.000 Y170.000 E15856.46838 F7200
G1 X110.000 Y170.000 E15856.64299 F7200
G1 X105.000 Y170.000 E15856.81761 F7200
G1 X100.000 Y170.000 E15856.99223 F7200
G1 X95.000 Y170.000 E15857.16684 F7200
G1 X90.000 Y170.000 E15857.34146 F7200
G1 X85.000 Y170.000 E15857.51607 F7200
G1 X80.000 Y170.000 E15857.69069 F7200
G1 X75.000 Y170.000 E15857.86530 F7200
G1 X70.000 Y170.000 E15858.03992 F7200
G1 X65.000 Y170.000 E15858.21454 F7200
G1 X60.000 Y170.000 E15858.38915 F7200
G1 X55.000 Y170.000 E15858.56377 F7200
G1 X50.000 Y170.000 E15858.73838 F7200
G1 X50.000 Y165.000 E15858.91300 F7200
G1 X50.000 Y160.000 E15859.08761 F7200
G1 X50.000 Y155.000 E15859.26223 F7200
G1 X50.000 Y150.000 E15859.43685 F7200
G1 X50.000 Y145.000 E15859.61146 F7200
G1 X50.000 Y140.000 E15859.78608 F7200
G1 X50.000 Y135.000 E15859.96069 F7200
G1 X50.000 Y130.000 E15860.13531 F7200
G1 X50.000 Y125.000 E15860.30992 F7200
G1 X50.000 Y120.000 E15860.48454 F7200
G1 X50.000 Y115.000 E15860.65916 F7200
G1 X50.000 Y110.000 E15860.83377 F7200
G1 X50.000 Y105.000 E15861.00839 F7200
G1 X50.000 Y100.000 E15861.18300 F7200
G1 X50.000 Y95.000 E15861.35762 F7200
G1 X50.000 Y90.000 E15861.53223 F7200
G1 X50.000 Y85.000 E15861.70685 F7200
G1 X50.000 Y80.000 E15861.88147 F7200
G1 X50.000 Y75.000 E15862.05608 F7200
G1 X50.000 Y70.000 E15862.23070 F7200
G1 X50.000 Y65.000 E15862.40531 F7200
G1 X50.000 Y60.000 E15862.57993 F7200
G1 X50.000 Y55.000 E15862.75454 F7200
G1 X50.000 Y50.000 E15862.92916 F7200
;TYPE:Sparse infill
G1 X51.000 Y51.000 F12000
G1 X169.000 Y51.000 E15867.05009 F15000
G1 X169.000 Y56.000 F12000
G1 X51.000 Y56.000 E15871.17102 F15000
G1 X51.000 Y61.000 F12000
G1 X169.000 Y61.000 E15875.29195 F15000
G1 X169.000 Y66.000 F12000
G1 X51.000 Y66.000 E15879.41288 F15000
G1 X51.000 Y71.000 F12000
G1 X169.000 Y71.000 E15883.53381 F15000
G1 X169.000 Y76.000 F12000
G1 X51.000 Y76.000 E15887.65474 F15000
G1 X51.000 Y81.000 F12000
G1 X169.000 Y81.000 E15891.77568 F15000
G1 X169.000 Y86.000 F12000
G1 X51.000 Y86.000 E15895.89661 F15000
G1 X51.000 Y91.000 F12000
G1 X169.000 Y91.000 E15900.01754 F15000
G1 X169.000 Y96.000 F12000
G1 X51.000 Y96.000 E15904.13847 F15000
G1 X51.000 Y101.000 F12000
G1 X169.000 Y101.000 E15908.25940 F15000
G1 X169.000 Y106.000 F12000
G1 X51.000 Y106.000 E15912.38033 F15000
G1 X51.000 Y111.000 F12000
G1 X169.000 Y111.000 E15916.50126 F15000
G1 X169.000 Y116.000 F12000
G1 X51.000 Y116.000 E15920.62219 F15000
G1 X51.000 Y121.000 F12000
G1 X169.000 Y121.000 E15924.74312 F15000
G1 X169.000 Y126.000 F12000
G1 X51.000 Y126.000 E15928.86405 F15000
G1 X51.000 Y131.000 F12000
G1 X169.000 Y131.000 E15932.98498 F15000
G1 X169.000 Y136.000 F12000
G1 X51.000 Y136.000 E15937.10591 F15000
G1 X51.000 Y141.000 F12000
G1 X169.000 Y141.000 E15941.22684 F15000
G1 X169.000 Y146.000 F12000
G1 X51.000 Y146.000 E15945.34777 F15000
G1 X51.000 Y151.000 F12000
G1 X169.000 Y151.000 E15949.46871 F15000
G1 X169.000 Y156.000 F12000
G1 X51.000 Y156.000 E15953.58964 F15000
G1 X51.000 Y161.000 F12000
G1 X169.000 Y161.000 E15957.71057 F15000
G1 X169.000 Y166.000 F12000
G1 X51.000 Y166.000 E15961.83150 F15000
;LAYER_CHANGE
;Z:27.800
G1 Z27.800 F600
;TYPE:Outer wall
G1 X50.000 Y50.000 F7200
G1 X55.000 Y50.000 E15962.00611 F7200
G1 X60.000 Y50.000 E15962.18073 F7200
G1 X65.000 Y50.000 E15962.35534 F7200
G1 X70.000 Y50.000 E15962.52996 F7200
G1 X75.000 Y50.000 E15962.70458 F7200
G1 X80.000 Y50.000 E15962.87919 F7200
G1 X85.000 Y50.000 E15963.05381 F7200
G1 X90.000 Y50.000 E15963.22842 F7200
G1 X95.000 Y50.000 E15963.40304 F7200
G1 X100.000 Y50.000 E15963.57765 F7200
G1 X105.000 Y50.000 E15963.75227 F7200
G1 X110.000 Y50.000 E15963.92689 F7200
G1 X115.000 Y50.000 E15964.10150 F7200
G1 X120.000 Y50.000 E15964.27612 F7200
G1 X125.000 Y50.000 E15964.45073 F7200
G1 X130.000 Y50.000 E15964.62535 F7200
G1 X135.000 Y50.000 E15964.79996 F7200
G1 X140.000 Y50.000 E15964.97458 F7200
G1 X145.000 Y50.000 E15965.14920 F7200
G1 X150.000 Y50.000 E15965.32381 F7200
G1 X155.000 Y50.000 E15965.49843 F7200
G1 X160.000 Y50.000 E15965.67304 F7200
G1 X165.000 Y50.000 E15965.84766 F7200
G1 X170.000 Y50.000 E15966.02227 F7200
G1 X170.000 Y55.000 E15966.19689 F7200
G1 X170.000 Y60.000 E15966.37151 F7200
G1 X170.000 Y65.000 E15966.54612 F7200
G1 X170.000 Y70.000 E15966.72074 F7200
G1 X170.000 Y75.000 E15966.89535 F7200
G1 X170.000 Y80.000 E15967.06997 F7200
G1 X170.000 Y85.000 E15967.24458 F7200
G1 X170.000 Y90.000 E15967.41920 F7200
G1 X170.000 Y95.000 E15967.59382 F7200
G1 X170.000 Y100.000 E15967.76843 F7200
G1 X170.000 Y105.000 E15967.94305 F7200
G1 X170.000 Y110.000 E15968.11766 F7200
G1 X170.000 Y115.000 E15968.29228 F7200
G1 X170.000 Y120.000 E15968.46689 F7200
G1 X170.000 Y125.000 E15968.64151 F7200
G1 X170.000 Y130.000 E15968.81613 F7200
G1 X170.000 Y135.000 E15968.99074 F7200
G1 X170.000 Y140.000 E15969.16536 F7200
G1 X170.000 Y145.000 E15969.33997 F7200
G1 X170.000 Y150.000 E15969.51459 F7200
G1 X170.000 Y155.000 E15969.68920 F7200
G1 X170.000 Y160.000 E15969.86382 F7200
G1 X170.000 Y165.000 E15970.03844 F7200
G1 X170.000 Y170.000 E15970.21305 F7200
G1 X165.000 Y170.000 E15970.38767 F7200
G1 X160.000 Y170.000 E15970.56228 F7200
G1 X155.000 Y170.000 E15970.73690 F7200
G1 X150.000 Y170.000 E15970.91151 F7200
G1 X145.000 Y170.000 E15971.08613 F7200
G1 X140.000 Y170.000 E15971.26075 F7200
G1 X135.000 Y170.000 E15971.43536 F7200
G1 X130.000 Y170.000 E15971.60998 F7200
G1 X125.000 Y170.000 E15971.78459 F7200
G1 X120.000 Y170.000 E15971.95921 F7200
G1 X115.000 Y170.000 E15972.13382 F7200
G1 X110.000 Y170.000 E15972.30844 F7200
G1 X105.000 Y170.000 E15972.48306 F7200
G1 X100.000 Y170.000 E15972.65767 F7200
G1 X95.000 Y170.000 E15972.83229 F7200
G1 X90.000 Y170.000 E15973.00690 F7200
G1 X85.000 Y170.000 E15973.18152 F7200
G1 X80.000 Y170.000 E15973.35613 F7200
G1 X75.000 Y170.000 E15973.53075 F7200
G1 X70.000 Y170.000 E15973.70537 F7200
G1 X65.000 Y170.000 E15973.87998 F7200
G1 X60.000 Y170.000 E15974.05460 F7200
G1 X55.000 Y170.000 E15974.22921 F7200
G1 X50.000 Y170.000 E15974.40383 F7200
G1 X50.000 Y165.000 E15974.57844 F7200
G1 X50.000 Y160.000 E15974.75306 F7200
G1 X50.000 Y155.000 E15974.92768 F7200
G1 X50.000 Y150.000 E15975.10229 F7200
G1 X50.000 Y145.000 E15975.27691 F7200
G1 X50.000 Y140.000 E15975.45152 F7200
G1 X50.000 Y135.000 E15975.62614 F7200
G1 X50.000 Y130.000 E15975.80075 F7200
G1 X50.000 Y125.000 E15975.97537 F7200
G1 X50.000 Y120.000 E15976.14999 F7200
G1 X50.000 Y115.000 E15976.32460 F7200
G1 X50.000 Y110.000 E15976.49922 F7200
G1 X50.000 Y105.000 E15976.67383 F7200
G1 X50.000 Y100.000 E15976.84845 F7200
G1 X50.000 Y95.000 E15977.02306 F7200
G1 X50.000 Y90.000 E15977.19768 F7200
G1 X50.000 Y85.000 E15977.37230 F7200
G1 X50.000 Y80.000 E15977.54691 F7200
G1 X50.000 Y75.000 E15977.72153 F7200
G1 X50.000 Y70.000 E15977.89614 F7200
G1 X50.000 Y65.000 E15978.07076 F7200
G1 X50.000 Y60.000 E15978.24537 F7200
G1 X50.000 Y55.000 E15978.41999 F7200
G1 X50.000 Y50.000 E15978.59461 F7200
;TYPE:Sparse infill
G1 X51.000 Y51.000 F12000
G1 X169.000 Y51.000 E15982.71554 F15000
G1 X169.000 Y56.000 F12000
G1 X51.000 Y56.000 E15986.83647 F15000
G1 X51.000 Y61.000 F12000
G1 X169.000 Y61.000 E15990.95740 F15000
G1 X169.000 Y66.000 F12000
G1 X51.000 Y66.000 E15995.07833 F15000
G1 X51.000 Y71.000 F12000
G1 X169.000 Y71.000 E15999.19926 F15000
G1 X169.000 Y76.000 F12000
G1 X51.000 Y76.000 E16003.32019 F15000
G1 X51.000 Y81.000 F12000
G1 X169.000 Y81.000 E16007.44112 F15000
G1 X169.000 Y86.000 F12000
G1 X51.000 Y86.000 E16011.56205 F15000
G1 X51.000 Y91.000 F12000
G1 X169.000 Y91.000 E16015.68298 F15000
G1 X169.000 Y96.000 F12000
G1 X51.000 Y96.000 E16019.80391 F15000
G1 X51.000 Y101.000 F12000
G1 X169.000 Y101.000 E16023.92484 F15000
G1 X169.000 Y106.000 F12000
G1 X51.000 Y106.000 E16028.04577 F15000
G1 X51.000 Y111.000 F12000
G1 X169.000 Y111.000 E16032.16671 F15000
G1 X169.000 Y116.000 F12000
G1 X51.000 Y116.000 E16036.28764 F15000
G1 X51.000 Y121.000 F12000
G1 X169.000 Y121.000 E16040.40857 F15000
G1 X169.000 Y126.000 F12000
G1 X51.000 Y126.000 E16044.52950 F15000
G1 X51.000 Y131.000 F12000
G1 X169.000 Y131.000 E16048.65043 F15000
G1 X169.000 Y136.000 F12000
G1 X51.000 Y136.000 E16052.77136 F15000
G1 X51.000 Y141.000 F12000
G1 X169.000 Y141.000 E16056.89229 F15000
G1 X169.000 Y146.000 F12000
G1 X51.000 Y146.000 E16061.01322 F15000
G1 X51.000 Y151.000 F12000
G1 X169.000 Y151.000 E16065.13415 F15000
G1 X169.000 Y156.000 F12000
G1 X51.000 Y156.000 E16069.25508 F15000
G1 X51.000 Y161.000 F12000
G1 X169.000 Y161.000 E16073.37601 F15000
G1 X169.000 Y166.000 F12000
G1 X51.000 Y166.000 E16077.49694 F15000
;LAYER_CHANGE
;Z:28.000
G1 Z28.000 F600
;TYPE:Outer wall
G1 X50.000 Y50.000 F7200
G1 X55.000 Y50.000 E16077.67156 F7200
G1 X60.000 Y50.000 E16077.84617 F7200
G1 X65.000 Y50.000 E16078.02079 F7200
G1 X70.000 Y50.000 E16078.19541 F7200
G1 X75.000 Y50.000 E16078.37002 F7200
G1 X80.000 Y50.000 E16078.54464 F7200
G1 X85.000 Y50.000 E16078.71925 F7200
G1 X90.000 Y50.000 E16078.89387 F7200
G1 X95.000 Y50.000 E16079.06848 F7200
G1 X100.000 Y50.000 E16079.24310 F7200
G1 X105.000 Y50.000 E16079.41772 F7200
G1 X110.000 Y50.000 E16079.59233 F7200
G1 X115.000 Y50.000 E16079.76695 F7200
G1 X120.000 Y50.000 E16079.94156 F7200
G1 X125.000 Y50.000 E16080.11618 F7200
G1 X130.000 Y50.000 E16080.29079 F7200
G1 X135.000 Y50.000 E16080.46541 F7200
G1 X140.000 Y50.000 E16080.64003 F7200
G1 X145.000 Y50.000 E16080.81464 F7200
G1 X150.000 Y50.000 E16080.98926 F7200
G1 X155.000 Y50.000 E16081.16387 F7200
G1 X160.000 Y50.000 E16081.33849 F7200
G1 X165.000 Y50.000 E16081.51310 F7200
G1 X170.000 Y50.000 E16081.68772 F7200
G1 X170.000 Y55.000 E16081.86234 F7200
G1 X170.000 Y60.000 E16082.03695 F7200
G1 X170.000 Y65.000 E16082.21157 F7200
G1 X170.000 Y70.000 E16082.38618 F7200
G1 X170.000 Y75.000 E16082.56080 F7200
G1 X170.000 Y80.000 E16082.73541 F7200
G1 X170.000 Y85.000 E16082.91003 F7200
G1 X170.000 Y90.000 E16083.08465 F7200
G1 X170.000 Y95.000 E16083.25926 F7200
G1 X170.000 Y100.000 E16083.43388 F7200
G1 X170.000 Y105.000 E16083.60849 F7200
G1 X170.000 Y110.000 E16083.78311 F7200
G1 X170.000 Y115.000 E16083.95772 F7200
G1 X170.000 Y120.000 E16084.13234 F7200
G1 X170.000 Y125.000 E16084.30696 F7200
G1 X170.000 Y130.000 E16084.48157 F7200
G1 X170.000 Y135.000 E16084.65619 F7200
G1 X170.000 Y140.000 E16084.83080 F7200
G1 X170.000 Y145.000 E16085.00542 F7200
G1 X170.000 Y150.000 E16085.18003 F7200
G1 X170.000 Y155.000 E16085.35465 F7200
G1 X170.000 Y160.000 E16085.52927 F7200
G1 X170.000 Y165.000 E16085.70388 F7200
G1 X170.000 Y170.000 E16085.87850 F7200
G1 X165.000 Y170.000 E16086.05311 F7200
G1 X160.000 Y170.000 E16086.22773 F7200
G1 X155.000 Y170.000 E16086.40234 F7200
G1 X150.000 Y170.000 E16086.57696 F7200
G1 X145.000 Y170.000 E16086.75158 F7200
G1 X140.000 Y170.000 E16086.92619 F7200
G1 X135.000 Y170.000 E16087.10081 F7200
G1 X130.000 Y170.000 E16087.27542 F7200
G1 X125.000 Y170.000 E16087.45004 F7200
G1 X120.000 Y170.000 E16087.62465 F7200
G1 X115.000 Y170.000 E16087.79927 F7200
G1 X110.000 Y170.000 E16087.97389 F7200
G1 X105.000 Y170.000 E16088.14850 F7200
G1 X100.000 Y170.000 E16088.32312 F7200
G1 X95.000 Y170.000 E16088.49773 F7200
G1 X90.000 Y170.000 E16088.67235 F7200
G1 X85.000 Y170.000 E16088.84696 F7200
G1 X80.000 Y170.000 E16089.02158 F7200
G1 X75.000 Y170.000 E16089.19620 F7200
G1 X70.000 Y170.000 E16089.37081 F7200
G1 X65.000 Y170.000 E16089.54543 F7200
G1 X60.000 Y170.000 E16089.72004 F7200
G1 X55.000 Y170.000 E16089.89466 F7200
G1 X50.000 Y170.000 E16090.06927 F7200
G1 X50.000 Y165.000 E16090.24389 F7200
G1 X50.000 Y160.000 E16090.41851 F7200
G1 X50.000 Y155.000 E16090.59312 F7200
G1 X50.000 Y150.000 E16090.76774 F7200
G1 X50.000 Y145.000 E16090.94235 F7200
G1 X50.000 Y140.000 E16091.11697 F7200
G1 X50.000 Y135.000 E16091.29158 F7200
G1 X50.000 Y130.000 E16091.46620 F7200
G1 X50.000 Y125.000 E16091.64082 F7200
G1 X50.000 Y120.000 E16091.81543 F7200
G1 X50.000 Y115.000 E16091.99005 F7200
G1 X50.000 Y110.000 E16092.16466 F7200
G1 X50.000 Y105.000 E16092.33928 F7200
G1 X50.000 Y100.000 E16092.51389 F7200
G1 X50.000 Y95.000 E16092.68851 F7200
G1 X50.000 Y90.000 E16092.86313 F7200
G1 X50.000 Y85.000 E16093.03774 F7200
G1 X50.000 Y80.000 E16093.21236 F7200
G1 X50.000 Y75.000 E16093.38697 F7200
G1 X50.000 Y70.000 E16093.56159 F7200
G1 X50.000 Y65.000 E16093.73620 F7200
G1 X50.000 Y60.000 E16093.91082 F7200
G1 X50.000 Y55.000 E16094.08544 F7200
G1 X50.000 Y50.000 E16094.26005 F7200
;TYPE:Sparse infill
G1 X51.000 Y51.000 F12000
G1 X169.000 Y51.000 E16098.38098 F15000
G1 X169.000 Y56.000 F12000
G1 X51.000 Y56.000 E16102.50191 F15000
G1 X51.000 Y61.000 F12000
G1 X169.000 Y61.000 E16106.62284 F15000
G1 X169.000 Y66.000 F12000
G1 X51.000 Y66.000 E16110.74377 F15000
G1 X51.000 Y71.000 F12000
G1 X169.000 Y71.000 E16114.86471 F15000
G1 X169.000 Y76.000 F12000
G1 X51.000 Y76.000 E16118.98564 F15000
G1 X51.000 Y81.000 F12000
G1 X169.000 Y81.000 E16123.10657 F15000
G1 X169.000 Y86.000 F12000
G1 X51.000 Y86.000 E16127.22750 F15000
G1 X51.000 Y91.000 F12000
G1 X169.000 Y91.000 E16131.34843 F15000
G1 X169.000 Y96.000 F12000
G1 X51.000 Y96.000 E16135.46936 F15000
G1 X51.000 Y101.000 F12000
G1 X169.000 Y101.000 E16139.59029 F15000
G1 X169.000 Y106.000 F12000
G1 X51.000 Y106.000 E16143.71122 F15000
G1 X51.000 Y111.000 F12000
G1 X169.000 Y111.000 E16147.83215 F15000
G1 X169.000 Y116.000 F12000
G1 X51.000 Y116.000 E16151.95308 F15000
G1 X51.000 Y121.000 F12000
G1 X169.000 Y121.000 E16156.07401 F15000
G1 X169.000 Y126.000 F12000
G1 X51.000 Y126.000 E16160.19494 F15000
G1 X51.000 Y131.000 F12000
G1 X169.000 Y131.000 E16164.31587 F15000
G1 X169.000 Y136.000 F12000
G1 X51.000 Y136.000 E16168.43680 F15000
G1 X51.000 Y141.000 F12000
G1 X169.000 Y141.000 E16172.55774 F15000
G1 X169.000 Y146.000 F12000
G1 X51.000 Y146.000 E16176.67867 F15000
G1 X51.000 Y151.000 F12000
G1 X169.000 Y151.000 E16180.79960 F15000
G1 X169.000 Y156.000 F12000
G1 X51.000 Y156.000 E16184.92053 F15000
G1 X51.000 Y161.000 F12000
G1 X169.000 Y161.000 E16189.04146 F15000
G1 X169.000 Y166.000 F12000
G1 X51.000 Y166.000 E16193.16239 F15000
;LAYER_CHANGE
;Z:28.200
G1 Z28.200 F600
;TYPE:Outer wall
G1 X50.000 Y50.000 F7200
G1 X55.000 Y50.000 E16193.33700 F7200
G1 X60.000 Y50.000 E16193.51162 F7200
G1 X65.000 Y50.000 E16193.68624 F7200
G1 X70.000 Y50.000 E16193.86085 F7200
G1 X75.000 Y50.000 E16194.03547 F7200
G1 X80.000 Y50.000 E16194.21008 F7200
G1 X85.000 Y50.000 E16194.38470 F7200
G1 X90.000 Y50.000 E16194.55931 F7200
G1 X95.000 Y50.000 E16194.73393 F7200
G1 X100.000 Y50.000 E16194.90855 F7200
G1 X105.000 Y50.000 E16195.08316 F7200
G1 X110.000 Y50.000 E16195.25778 F7200
G1 X115.000 Y50.000 E16195.43239 F7200
G1 X120.000 Y50.000 E16195.60701 F7200
G1 X125.000 Y50.000 E16195.78162 F7200
G1 X130.000 Y50.000 E16195.95624 F7200
G1 X135.000 Y50.000 E16196.13086 F7200
G1 X140.000 Y50.000 E16196.30547 F7200
G1 X145.000 Y50.000 E16196.48009 F7200
G1 X150.000 Y50.000 E16196.65470 F7200
G1 X155.000 Y50.000 E16196.82932 F7200
G1 X160.000 Y50.000 E16197.00393 F7200
G1 X165.000 Y50.000 E16197.17855 F7200
G1 X170.000 Y50.000 E16197.35317 F7200
G1 X170.000 Y55.000 E16197.52778 F7200
G1 X170.000 Y60.000 E16197.70240 F7200
G1 X170.000 Y65.000 E16197.87701 F7200
G1 X170.000 Y70.000 E16198.05163 F7200
G1 X170.000 Y75.000 E16198.22624 F7200
G1 X170.000 Y80.000 E16198.40086 F7200
G1 X170.000 Y85.000 E16198.57548 F7200
G1 X170.000 Y90.000 E16198.75009 F7200
G1 X170.000 Y95.000 E16198.92471 F7200
G1 X170.000 Y100.000 E16199.09932 F7200
G1 X170.000 Y105.000 E16199.27394 F7200
G1 X170.000 Y110.000 E16199.44855 F7200
G1 X170.000 Y115.000 E16199.62317 F7200
G1 X170.000 Y120.000 E16199.79779 F7200
G1 X170.000 Y125.000 E16199.97240 F7200
G1 X170.000 Y130.000 E16200.14702 F7200
G1 X170.000 Y135.000 E16200.32163 F7200
G1 X170.000 Y140.000 E16200.49625 F7200
G1 X170.000 Y145.000 E16200.67086 F7200
G1 X170.000 Y150.000 E16200.84548 F7200
G1 X170.000 Y155.000 E16201.02010 F7200
G1 X170.000 Y160.000 E16201.19471 F7200
G1 X170.000 Y165.000 E16201.36933 F7200
G1 X170.000 Y170.000 E16201.54394 F7200
G1 X165.000 Y170.000 E16201.71856 F7200
G1 X160.000 Y170.000 E16201.89317 F7200
G1 X155.000 Y170.000 E16202.06779 F7200
G1 X150.000 Y170.000 E16202.24241 F7200
G1 X145.000 Y170.000 E16202.41702 F7200
G1 X140.000 Y170.000 E16202.59164 F7200
G1 X135.000 Y170.000 E16202.76625 F7200
G1 X130.000 Y170.000 E16202.94087 F7200
G1 X125.000 Y170.000 E16203.11548 F7200
G1 X120.000 Y170.000 E16203.29010 F7200
G1 X115.000 Y170.000 E16203.46472 F7200
G1 X110.000 Y170.000 E16203.63933 F7200
G1 X105.000 Y170.000 E16203.81395 F7200
G1 X100.000 Y170.000 E16203.98856 F7200
G1 X95.000 Y170.000 E16204.16318 F7200
G1 X90.000 Y170.000 E16204.33779 F7200
G1 X85.000 Y170.000 E16204.51241 F7200
G1 X80.000 Y170.000 E16204.68703 F7200
G1 X75.000 Y170.000 E16204.86164 F7200
G1 X70.000 Y170.000 E16205.03626 F7200
G1 X65.000 Y170.000 E16205.21087 F7200
G1 X60.000 Y170.000 E16205.38549 F7200
G1 X55.000 Y170.000 E16205.56010 F7200
G1 X50.000 Y170.000 E16205.73472 F7200
G1 X50.000 Y165.000 E16205.90934 F7200
G1 X50.000 Y160.000 E16206.08395 F7200
G1 X50.000 Y155.000 E16206.25857 F7200
G1 X50.000 Y150.000 E16206.43318 F7200
G1 X50.000 Y145.000 E16206.60780 F7200
G1 X50.000 Y140.000 E16206.78241 F7200
G1 X50.000 Y135.000 E16206.95703 F7200
G1 X50.000 Y130.000 E16207.13165 F7200
G1 X50.000 Y125.000 E16207.30626 F7200
G1 X50.000 Y120.000 E16207.48088 F7200
G1 X50.000 Y115.000 E16207.65549 F7200
G1 X50.000 Y110.000 E16207.83011 F7200
G1 X50.000 Y105.000 E16208.00472 F7200
G1 X50.000 Y100.000 E16208.17934 F7200
G1 X50.000 Y95.000 E16208.35396 F7200
G1 X50.000 Y90.000 E16208.52857 F7200
G1 X50.000 Y85.000 E16208.70319 F7200
G1 X50.000 Y80.000 E16208.87780 F7200
G1 X50.000 Y75.000 E16209.05242 F7200
G1 X50.000 Y70.000 E16209.22703 F7200
G1 X50.000 Y65.000 E16209.40165 F7200
G1 X50.000 Y60.000 E16209.57627 F7200
G1 X50.000 Y55.000 E16209.75088 F7200
G1 X50.000 Y50.000 E16209.92550 F7200
;TYPE:Sparse infill
G1 X51.000 Y51.000 F12000
G1 X169.000 Y51.000 E16214.04643 F15000
G1 X169.000 Y56.000 F12000
G1 X51.000 Y56.000 E16218.16736 F15000
G1 X51.000 Y61.000 F12000
G1 X169.000 Y61.000 E16222.28829 F15000
G1 X169.000 Y66.000 F12000
G1 X51.000 Y66.000 E16226.40922 F15000
G1 X51.000 Y71.000 F12000
G1 X169.000 Y71.000 E16230.53015 F15000
G1 X169.000 Y76.000 F12000
G1 X51.000 Y76.000 E16234.65108 F15000
G1 X51.000 Y81.000 F12000
G1 X169.000 Y81.000 E16238.77201 F15000
G1 X169.000 Y86.000 F12000
G1 X51.000 Y86.000 E16242.89294 F15000
G1 X51.000 Y91.000 F12000
G1 X169.000 Y91.000 E16247.01387 F15000
G1 X169.000 Y96.000 F12000
G1 X51.000 Y96.000 E16251.13480 F15000
G1 X51.000 Y101.000 F12000
G1 X169.000 Y101.000 E16255.25574 F15000
G1 X169.000 Y106.000 F12000
G1 X51.000 Y106.000 E16259.37667 F15000
G1 X51.000 Y111.000 F12000
G1 X169.000 Y111.000 E16263.49760 F15000
G1 X169.000 Y116.000 F12000
G1 X51.000 Y116.000 E16267.61853 F15000
G1 X51.000 Y121.000 F12000
G1 X169.000 Y121.000 E16271.73946 F15000
G1 X169.000 Y126.000 F12000
G1 X51.000 Y126.000 E16275.86039 F15000
G1 X51.000 Y131.000 F12000
G1 X169.000 Y131.000 E16279.98132 F15000
G1 X169.000 Y136.000 F12000
G1 X51.000 Y136.000 E16284.10225 F15000
G1 X51.000 Y141.000 F12000
G1 X169.000 Y141.000 E16288.22318 F15000
G1 X169.000 Y146.000 F12000
G1 X51.000 Y146.000 E16292.34411 F15000
G1 X51.000 Y151.000 F12000
G1 X169.000 Y151.000 E16296.46504 F15000
G1 X169.000 Y156.000 F12000
G1 X51.000 Y156.000 E16300.58597 F15000
G1 X51.000 Y161.000 F12000
G1 X169.000 Y161.000 E16304.70690 F15000
G1 X169.000 Y166.000 F12000
G1 X51.000 Y166.000 E16308.82783 F15000
;LAYER_CHANGE
;Z:28.400
G1 Z28.400 F600
;TYPE:Outer wall
G1 X50.000 Y50.000 F7200
G1 X55.000 Y50.000 E16309.00245 F7200
G1 X60.000 Y50.000 E16309.17707 F7200
G1 X65.000 Y50.000 E16309.35168 F7200
G1 X70.000 Y50.000 E16309.52630 F7200
G1 X75.000 Y50.000 E16309.70091 F7200
G1 X80.000 Y50.000 E16309.87553 F7200
G1 X85.000 Y50.000 E16310.05014 F7200
G1 X90.000 Y50.000 E16310.22476 F7200
G1 X95.000 Y50.000 E16310.39938 F7200
G1 X100.000 Y50.000 E16310.57399 F7200
G1 X105.000 Y50.000 E16310.74861 F7200
G1 X110.000 Y50.000 E16310.92322 F7200
G1 X115.000 Y50.000 E16311.09784 F7200
G1 X120.000 Y50.000 E16311.27245 F7200
G1 X125.000 Y50.000 E16311.44707 F7200
G1 X130.000 Y50.000 E16311.62169 F7200
G1 X135.000 Y50.000 E16311.79630 F7200
G1 X140.000 Y50.000 E16311.97092 F7200
G1 X145.000 Y50.000 E16312.14553 F7200
G1 X150.000 Y50.000 E16312.32015 F7200
G1 X155.000 Y50.000 E16312.49476 F7200
G1 X160.000 Y50.000 E16312.66938 F7200
G1 X165.000 Y50.000 E16312.84400 F7200
G1 X170.000 Y50.000 E16313.01861 F7200
G1 X170.000 Y55.000 E16313.19323 F7200
G1 X170.000 Y60.000 E16313.36784 F7200
G1 X170.000 Y65.000 E16313.54246 F7200
G1 X170.000 Y70.000 E16313.71707 F7200
G1 X170.000 Y75.000 E16313.89169 F7200
G1 X170.000 Y80.000 E16314.06631 F7200
G1 X170.000 Y85.000 E16314.24092 F7200
G1 X170.000 Y90.000 E16314.41554 F7200
G1 X170.000 Y95.000 E16314.59015 F7200
G1 X170.000 Y100.000 E16314.76477 F7200
G1 X170.000 Y105.000 E16314.93938 F7200
G1 X170.000 Y110.000 E16315.11400 F7200
G1 X170.000 Y115.000 E16315.28862 F7200
G1 X170.000 Y120.000 E16315.46323 F7200
G1 X170.000 Y125.000 E16315.63785 F7200
G1 X170.000 Y130.000 E16315.81246 F7200
G1 X170.000 Y135.000 E16315.98708 F7200
G1 X170.000 Y140.000 E16316.16169 F7200
G1 X170.000 Y145.000 E16316.33631 F7200
G1 X170.000 Y150.000 E16316.51093 F7200
G1 X170.000 Y155.000 E16316.68554 F7200
G1 X170.000 Y160.000 E16316.86016 F7200
G1 X170.000 Y165.000 E16317.03477 F7200
G1 X170.000 Y170.000 E16317.20939 F7200
G1 X165.000 Y170.000 E16317.38400 F7200
G1 X160.000 Y170.000 E16317.55862 F7200
G1 X155.000 Y170.000 E16317.73324 F7200
G1 X150.000 Y170.000 E16317.90785 F7200
G1 X145.000 Y170.000 E16318.08247 F7200
G1 X140.000 Y170.000 E16318.25708 F7200
G1 X135.000 Y170.000 E16318.43170 F7200
G1 X130.000 Y170.000 E16318.60631 F7200
G1 X125.000 Y170.000 E16318.78093 F7200
G1 X120.000 Y170.000 E16318.95555 F7200
G1 X115.000 Y170.000 E16319.13016 F7200
G1 X110.000 Y170.000 E16319.30478 F7200
G1 X105.000 Y170.000 E16319.47939 F7200
G1 X100.000 Y170.000 E16319.65401 F7200
G1 X95.000 Y170.000 E16319.82862 F7200
G1 X90.000 Y170.000 E16320.00324 F7200
G1 X85.000 Y170.000 E16320.17786 F7200
G1 X80.000 Y170.000 E16320.35247 F7200
G1 X75.000 Y170.000 E16320.52709 F7200
G1 X70.000 Y170.000 E16320.70170 F7200
G1 X65.000 Y170.000 E16320.87632 F7200
G1 X60.000 Y170.000 E16321.05093 F7200
G1 X55.000 Y170.000 E16321.22555 F7200
G1 X50.000 Y170.000 E16321.40017 F7200
G1 X50.000 Y165.000 E16321.57478 F7200
G1 X50.000 Y160.000 E16321.74940 F7200
G1 X50.000 Y155.000 E16321.92401 F7200
G1 X50.000 Y150.000 E16322.09863 F7200
G1 X50.000 Y145.000 E16322.27324 F7200
G1 X50.000 Y140.000 E16322.44786 F7200
G1 X50.000 Y135.000 E16322.62248 F7200
G1 X50.000 Y130.000 E16322.79709 F7200
G1 X50.000 Y125.000 E16322.97171 F7200
G1 X50.000 Y120.000 E16323.14632 F7200
G1 X50.000 Y115.000 E16323.32094 F7200
G1 X50.000 Y110.000 E16323.49555 F7200
G1 X50.000 Y105.000 E16323.67017 F7200
G1 X50.000 Y100.000 E16323.84479 F7200
G1 X50.000 Y95.000 E16324.01940 F7200
G1 X50.000 Y90.000 E16324.19402 F7200
G1 X50.000 Y85.000 E16324.36863 F7200
G1 X50.000 Y80.000 E16324.54325 F7200
G1 X50.000 Y75.000 E16324.71786 F7200
G1 X50.000 Y70.000 E16324.89248 F7200
G1 X50.000 Y65.000 E16325.06710 F7200
G1 X50.000 Y60.000 E16325.24171 F7200
G1 X50.000 Y55.000 E16325.41633 F7200
G1 X50.000 Y50.000 E16325.59094 F7200
;TYPE:Sparse infill
G1 X51.000 Y51.000 F12000
G1 X169.000 Y51.000 E16329.71187 F15000
G1 X169.000 Y56.000 F12000
G1 X51.000 Y56.000 E16333.83280 F15000
G1 X51.000 Y61.000 F12000
G1 X169.000 Y61.000 E16337.95374 F15000
G1 X169.000 Y66.000 F12000
G1 X51.000 Y66.000 E16342.07467 F15000
G1 X51.000 Y71.000 F12000
G1 X169.000 Y71.000 E16346.19560 F15000
G1 X169.000 Y76.000 F12000
G1 X51.000 Y76.000 E16350.31653 F15000
G1 X51.000 Y81.000 F12000
G1 X169.000 Y81.000 E16354.43746 F15000
G1 X169.000 Y86.000 F12000
G1 X51.000 Y86.000 E16358.55839 F15000
G1 X51.000 Y91.000 F12000
G1 X169.000 Y91.000 E16362.67932 F15000
G1 X169.000 Y96.000 F12000
G1 X51.000 Y96.000 E16366.80025 F15000
G1 X51.000 Y101.000 F12000
G1 X169.000 Y101.000 E16370.92118 F15000
G1 X169.000 Y106.000 F12000
G1 X51.000 Y106.000 E16375.04211 F15000
G1 X51.000 Y111.000 F12000
G1 X169.000 Y111.000 E16379.16304 F15000
G1 X169.000 Y116.000 F12000
G1 X51.000 Y116.000 E16383.28397 F15000
G1 X51.000 Y121.000 F12000
G1 X169.000 Y121.000 E16387.40490 F15000
G1 X169.000 Y126.000 F12000
G1 X51.000 Y126.000 E16391.52583 F15000
G1 X51.000 Y131.000 F12000
G1 X169.000 Y131.000 E16395.64677 F15000
G1 X169.000 Y136.000 F12000
G1 X51.000 Y136.000 E16399.76770 F15000
G1 X51.000 Y141.000 F12000
G1 X169.000 Y141.000 E16403.88863 F15000
G1 X169.000 Y146.000 F12000
G1 X51.000 Y146.000 E16408.00956 F15000
G1 X51.000 Y151.000 F12000
G1 X169.000 Y151.000 E16412.13049 F15000
G1 X169.000 Y156.000 F12000
G1 X51.000 Y156.000 E16416.25142 F15000
G1 X51.000 Y161.000 F12000
G1 X169.000 Y161.000 E16420.37235 F15000
G1 X169.000 Y166.000 F12000
G1 X51.000 Y166.000 E16424.49328 F15000
;LAYER_CHANGE
;Z:28.600
G1 Z28.600 F600
;TYPE:Outer wall
G1 X50.000 Y50.000 F7200
G1 X55.000 Y50.000 E16424.66790 F7200
G1 X60.000 Y50.000 E16424.84251 F7200
G1 X65.000 Y50.000 E16425.01713 F7200
G1 X70.000 Y50.000 E16425.19174 F7200
G1 X75.000 Y50.000 E16425.36636 F7200
G1 X80.000 Y50.000 E16425.54097 F7200
G1 X85.000 Y50.000 E16425.71559 F7200
G1 X90.000 Y50.000 E16425.89021 F7200
G1 X95.000 Y50.000 E16426.06482 F7200
G1 X100.000 Y50.000 E16426.23944 F7200
G1 X105.000 Y50.000 E16426.41405 F7200
G1 X110.000 Y50.000 E16426.58867 F7200
G1 X115.000 Y50.000 E16426.76328 F7200
G1 X120.000 Y50.000 E16426.93790 F7200
G1 X125.000 Y50.000 E16427.11252 F7200
G1 X130.000 Y50.000 E16427.28713 F7200
G1 X135.000 Y50.000 E16427.46175 F7200
G1 X140.000 Y50.000 E16427.63636 F7200
G1 X145.000 Y50.000 E16427.81098 F7200
G1 X150.000 Y50.000 E16427.98559 F7200
G1 X155.000 Y50.000 E16428.16021 F7200
G1 X160.000 Y50.000 E16428.33483 F7200
G1 X165.000 Y50.000 E16428.50944 F7200
G1 X170.000 Y50.000 E16428.68406 F7200
G1 X170.000 Y55.000 E16428.85867 F7200
G1 X170.000 Y60.000 E16429.03329 F7200
G1 X170.000 Y65.000 E16429.20790 F7200
G1 X170.000 Y70.000 E16429.38252 F7200
G1 X170.000 Y75.000 E16429.55714 F7200
G1 X170.000 Y80.000 E16429.73175 F7200
G1 X170.000 Y85.000 E16429.90637 F7200
G1 X170.000 Y90.000 E16430.08098 F7200
G1 X170.000 Y95.000 E16430.25560 F7200
G1 X170.000 Y100.000 E16430.43021 F7200
G1 X170.000 Y105.000 E16430.60483 F7200
G1 X170.000 Y110.000 E16430.77945 F7200
G1 X170.000 Y115.000 E16430.95406 F7200
G1 X170.000 Y120.000 E16431.12868 F7200
G1 X170.000 Y125.000 E16431.30329 F7200
G1 X170.000 Y130.000 E16431.47791 F7200
G1 X170.000 Y135.000 E16431.65252 F7200
G1 X170.000 Y140.000 E16431.82714 F7200
G1 X170.000 Y145.000 E16432.00176 F7200
G1 X170.000 Y150.000 E16432.17637 F7200
G1 X170.000 Y155.000 E16432.35099 F7200
G1 X170.000 Y160.000 E16432.52560 F7200
G1 X170.000 Y165.000 E16432.70022 F7200
G1 X170.000 Y170.000 E16432.87483 F7200
G1 X165.000 Y170.000 E16433.04945 F7200
G1 X160.000 Y170.000 E16433.22407 F7200
G1 X155.000 Y170.000 E16433.39868 F7200
G1 X150.000 Y170.000 E16433.57330 F7200
G1 X145.000 Y170.000 E16433.74791 F7200
G1 X140.000 Y170.000 E16433.92253 F7200
G1 X135.000 Y170.000 E16434.09714 F7200
G1 X130.000 Y170.000 E16434.27176 F7200
G1 X125.000 Y170.000 E16434.44638 F7200
G1 X120.000 Y170.000 E16434.62099 F7200
G1 X115.000 Y170.000 E16434.79561 F7200
G1 X110.000 Y170.000 E16434.97022 F7200
G1 X105.000 Y170.000 E16435.14484 F7200
G1 X100.000 Y170.000 E16435.31945 F7200
G1 X95.000 Y170.000 E16435.49407 F7200
G1 X90.000 Y170.000 E16435.66869 F7200
G1 X85.000 Y170.000 E16435.84330 F7200
G1 X80.000 Y170.000 E16436.01792 F7200
G1 X75.000 Y170.000 E16436.19253 F7200
G1 X70.000 Y170.000 E16436.36715 F7200
G1 X65.000 Y170.000 E16436.54176 F7200
G1 X60.000 Y170.000 E16436.71638 F7200
G1 X55.000 Y170.000 E16436.89100 F7200
G1 X50.000 Y170.000 E16437.06561 F7200
G1 X50.000 Y165.000 E16437.24023 F7200
G1 X50.000 Y160.000 E16437.41484 F7200
G1 X50.000 Y155.000 E16437.58946 F7200
G1 X50.000 Y150.000 E16437.76407 F7200
G1 X50.000 Y145.000 E16437.93869 F7200
G1 X50.000 Y140.000 E16438.11331 F7200
G1 X50.000 Y135.000 E16438.28792 F7200
G1 X50.000 Y130.000 E16438.46254 F7200
G1 X50.000 Y125.000 E16438.63715 F7200
G1 X50.000 Y120.000 E16438.81177 F7200
G1 X50.000 Y115.000 E16438.98638 F7200
G1 X50.000 Y110.000 E16439.16100 F7200
G1 X50.000 Y105.000 E16439.33562 F7200
G1 X50.000 Y100.000 E16439.51023 F7200
G1 X50.000 Y95.000 E16439.68485 F7200
G1 X50.000 Y90.000 E16439.85946 F7200
G1 X50.000 Y85.000 E16440.03408 F7200
G1 X50.000 Y80.000 E16440.20869 F7200
G1 X50.000 Y75.000 E16440.38331 F7200
G1 X50.000 Y70.000 E16440.55793 F7200
G1 X50.000 Y65.000 E16440.73254 F7200
G1 X50.000 Y60.000 E16440.90716 F7200
G1 X50.000 Y55.000 E16441.08177 F7200
G1 X50.000 Y50.000 E16441.25639 F7200
;TYPE:Sparse infill
G1 X51.000 Y51.000 F12000
G1 X169.000 Y51.000 E16445.37732 F15000
G1 X169.000 Y56.000 F12000
G1 X51.000 Y56.000 E16449.49825 F15000
G1 X51.000 Y61.000 F12000
G1 X169.000 Y61.000 E16453.61918 F15000
G1 X169.000 Y66.000 F12000
G1 X51.000 Y66.000 E16457.74011 F15000
G1 X51.000 Y71.000 F12000
G1 X169.000 Y71.000 E16461.86104 F15000
G1 X169.000 Y76.000 F12000
G1 X51.000 Y76.000 E16465.98197 F15000
G1 X51.000 Y81.000 F12000
G1 X169.000 Y81.000 E16470.10290 F15000
G1 X169.000 Y86.000 F12000
G1 X51.000 Y86.000 E16474.22383 F15000
G1 X51.000 Y91.000 F12000
G1 X169.000 Y91.000 E16478.34477 F15000
G1 X169.000 Y96.000 F12000
G1 X51.000 Y96.000 E16482.46570 F15000
G1 X51.000 Y101.000 F12000
G1 X169.000 Y101.000 E16486.58663 F15000
G1 X169.000 Y106.000 F12000
G1 X51.000 Y106.000 E16490.70756 F15000
G1 X51.000 Y111.000 F12000
G1 X169.000 Y111.000 E16494.82849 F15000
G1 X169.000 Y116.000 F12000
G1 X51.000 Y116.000 E16498.94942 F15000
G1 X51.000 Y121.000 F12000
G1 X169.000 Y121.000 E16503.07035 F15000
G1 X169.000 Y126.000 F12000
G1 X51.000 Y126.000 E16507.19128 F15000
G1 X51.000 Y131.000 F12000
G1 X169.000 Y131.000 E16511.31221 F15000
G1 X169.000 Y136.000 F12000
G1 X51.000 Y136.000 E16515.43314 F15000
G1 X51.000 Y141.000 F12000
G1 X169.000 Y141.000 E16519.55407 F15000
G1 X169.000 Y146.000 F12000
G1 X51.000 Y146.000 E16523.67500 F15000
G1 X51.000 Y151.000 F12000
G1 X169.000 Y151.000 E16527.79593 F15000
G1 X169.000 Y156.000 F12000
G1 X51.000 Y156.000 E16531.91686 F15000
G1 X51.000 Y161.000 F12000
G1 X169.000 Y161.000 E16536.03780 F15000
G1 X169.000 Y166.000 F12000
G1 X51.000 Y166.000 E16540.15873 F15000
;LAYER_CHANGE
;Z:28.800
G1 Z28.800 F600
;TYPE:Outer wall
G1 X50.000 Y50.000 F7200
G1 X55.000 Y50.000 E16540.33334 F7200
G1 X60.000 Y50.000 E16540.50796 F7200
G1 X65.000 Y50.000 E16540.68257 F7200
G1 X70.000 Y50.000 E16540.85719 F7200
G1 X75.000 Y50.000 E16541.03180 F7200
G1 X80.000 Y50.000 E16541.20642 F7200
G1 X85.000 Y50.000 E16541.38104 F7200
G1 X90.000 Y50.000 E16541.55565 F7200
G1 X95.000 Y50.000 E16541.73027 F7200
G1 X100.000 Y50.000 E16541.90488 F7200
G1 X105.000 Y50.000 E16542.07950 F7200
G1 X110.000 Y50.000 E16542.25411 F7200
G1 X115.000 Y50.000 E16542.42873 F7200
G1 X120.000 Y50.000 E16542.60335 F7200
G1 X125.000 Y50.000 E16542.77796 F7200
G1 X130.000 Y50.000 E16542.95258 F7200
G1 X135.000 Y50.000 E16543.12719 F7200
G1 X140.000 Y50.000 E16543.30181 F7200
G1 X145.000 Y50.000 E16543.47642 F7200
G1 X150.000 Y50.000 E16543.65104 F7200
G1 X155.000 Y50.000 E16543.82566 F7200
G1 X160.000 Y50.000 E16544.00027 F7200
G1 X165.000 Y50.000 E16544.17489 F7200
G1 X170.000 Y50.000 E16544.34950 F7200
G1 X170.000 Y55.000 E16544.52412 F7200
G1 X170.000 Y60.000 E16544.69873 F7200
G1 X170.000 Y65.000 E16544.87335 F7200
G1 X170.000 Y70.000 E16545.04797 F7200
G1 X170.000 Y75.000 E16545.22258 F7200
G1 X170.000 Y80.000 E16545.39720 F7200
G1 X170.000 Y85.000 E16545.57181 F7200
G1 X170.000 Y90.000 E16545.74643 F7200
G1 X170.000 Y95.000 E16545.92104 F7200
G1 X170.000 Y100.000 E16546.09566 F7200
G1 X170.000 Y105.000 E16546.27028 F7200
G1 X170.000 Y110.000 E16546.44489 F7200
G1 X170.000 Y115.000 E16546.61951 F7200
G1 X170.000 Y120.000 E16546.79412 F7200
G1 X170.000 Y125.000 E16546.96874 F7200
G1 X170.000 Y130.000 E16547.14335 F7200
G1 X170.000 Y135.000 E16547.31797 F7200
G1 X170.000 Y140.000 E16547.49259 F7200
G1 X170.000 Y145.000 E16547.66720 F7200
G1 X170.000 Y150.000 E16547.84182 F7200
G1 X170.000 Y155.000 E16548.01643 F7200
G1 X170.000 Y160.000 E16548.19105 F7200
G1 X170.000 Y165.000 E16548.36566 F7200
G1 X170.000 Y170.000 E16548.54028 F7200
G1 X165.000 Y170.000 E16548.71490 F7200
G1 X160.000 Y170.000 E16548.88951 F7200
G1 X155.000 Y170.000 E16549.06413 F7200
G1 X150.000 Y170.000 E16549.23874 F7200
G1 X145.000 Y170.000 E16549.41336 F7200
G1 X140.000 Y170.000 E16549.58797 F7200
G1 X135.000 Y170.000 E16549.76259 F7200
G1 X130.000 Y170.000 E16549.93721 F7200
G1 X125.000 Y170.000 E16550.11182 F7200
G1 X120.000 Y170.000 E16550.28644 F7200
G1 X115.000 Y170.000 E16550.46105 F7200
G1 X110.000 Y170.000 E16550.63567 F7200
G1 X105.000 Y170.000 E16550.81028 F7200
G1 X100.000 Y170.000 E16550.98490 F7200
G1 X95.000 Y170.000 E16551.15952 F7200
G1 X90.000 Y170.000 E16551.33413 F7200
G1 X85.000 Y170.000 E16551.50875 F7200
G1 X80.000 Y170.000 E16551.68336 F7200
G1 X75.000 Y170.000 E16551.85798 F7200
G1 X70.000 Y170.000 E16552.03259 F7200
G1 X65.000 Y170.000 E16552.20721 F7200
G1 X60.000 Y170.000 E16552.38183 F7200
G1 X55.000 Y170.000 E16552.55644 F7200
G1 X50.000 Y170.000 E16552.73106 F7200
G1 X50.000 Y165.000 E16552.90567 F7200
G1 X50.000 Y160.000 E16553.08029 F7200
G1 X50.000 Y155.000 E16553.25490 F7200
G1 X50.000 Y150.000 E16553.42952 F7200
G1 X50.000 Y145.000 E16553.60414 F7200
G1 X50.000 Y140.000 E16553.77875 F7200
G1 X50.000 Y135.000 E16553.95337 F7200
G1 X50.000 Y130.000 E16554.12798 F7200
G1 X50.000 Y125.000 E16554.30260 F7200
G1 X50.000 Y120.000 E16554.47721 F7200
G1 X50.000 Y115.000 E16554.65183 F7200
G1 X50.000 Y110.000 E16554.82645 F7200
G1 X50.000 Y105.000 E16555.00106 F7200
G1 X50.000 Y100.000 E16555.17568 F7200
G1 X50.000 Y95.000 E16555.35029 F7200
G1 X50.000 Y90.000 E16555.52491 F7200
G1 X50.000 Y85.000 E16555.69952 F7200
G1 X50.000 Y80.000 E16555.87414 F7200
G1 X50.000 Y75.000 E16556.04876 F7200
G1 X50.000 Y70.000 E16556.22337 F7200
G1 X50.000 Y65.000 E16556.39799 F7200
G1 X50.000 Y60.000 E16556.57260 F7200
G1 X50.000 Y55.000 E16556.74722 F7200
G1 X50.000 Y50.000 E16556.92183 F7200
;TYPE:Sparse infill
G1 X51.000 Y51.000 F12000
G1 X169.000 Y51.000 E16561.04276 F15000
G1 X169.000 Y56.000 F12000
G1 X51.000 Y56.000 E16565.16370 F15000
G1 X51.000 Y61.000 F12000
G1 X169.000 Y61.000 E16569.28463 F15000
G1 X169.000 Y66.000 F12000
G1 X51.000 Y66.000 E16573.40556 F15000
G1 X51.000 Y71.000 F12000
G1 X169.000 Y71.000 E16577.52649 F15000
G1 X169.000 Y76.000 F12000
G1 X51.000 Y76.000 E16581.64742 F15000
G1 X51.000 Y81.000 F12000
G1 X169.000 Y81.000 E16585.76835 F15000
G1 X169.000 Y86.000 F12000
G1 X51.000 Y86.000 E16589.88928 F15000
G1 X51.000 Y91.000 F12000
G1 X169.000 Y91.000 E16594.01021 F15000
G1 X169.000 Y96.000 F12000
G1 X51.000 Y96.000 E16598.13114 F15000
G1 X51.000 Y101.000 F12000
G1 X169.000 Y101.000 E16602.25207 F15000
G1 X169.000 Y106.000 F12000
G1 X51.000 Y106.000 E16606.37300 F15000
G1 X51.000 Y111.000 F12000
G1 X169.000 Y111.000 E16610.49393 F15000
G1 X169.000 Y116.000 F12000
G1 X51.000 Y116.000 E16614.61486 F15000
G1 X51.000 Y121.000 F12000
G1 X169.000 Y121.000 E16618.73580 F15000
G1 X169.000 Y126.000 F12000
G1 X51.000 Y126.000 E16622.85673 F15000
G1 X51.000 Y131.000 F12000
G1 X169.000 Y131.000 E16626.97766 F15000
G1 X169.000 Y136.000 F12000
G1 X51.000 Y136.000 E16631.09859 F15000
G1 X51.000 Y141.000 F12000
G1 X169.000 Y141.000 E16635.21952 F15000
G1 X169.000 Y146.000 F12000
G1 X51.000 Y146.000 E16639.34045 F15000
G1 X51.000 Y151.000 F12000
G1 X169.000 Y151.000 E16643.46138 F15000
G1 X169.000 Y156.000 F12000
G1 X51.000 Y156.000 E16647.58231 F15000
G1 X51.000 Y161.000 F12000
G1 X169.000 Y161.000 E16651.70324 F15000
G1 X169.000 Y166.000 F12000
G1 X51.000 Y166.000 E16655.82417 F15000
;LAYER_CHANGE
;Z:29.000
G1 Z29.000 F600
;TYPE:Outer wall
G1 X50.000 Y50.000 F7200
G1 X55.000 Y50.000 E16655.99879 F7200
G1 X60.000 Y50.000 E16656.17340 F7200
G1 X65.000 Y50.000 E16656.34802 F7200
G1 X70.000 Y50.000 E16656.52263 F7200
G1 X75.000 Y50.000 E16656.69725 F7200
G1 X80.000 Y50.000 E16656.87187 F7200
G1 X85.000 Y50.000 E16657.04648 F7200
G1 X90.000 Y50.000 E16657.22110 F7200
G1 X95.000 Y50.000 E16657.39571 F7200
G1 X100.000 Y50.000 E16657.57033 F7200
G1 X105.000 Y50.000 E16657.74494 F7200
G1 X110.000 Y50.000 E16657.91956 F7200
G1 X115.000 Y50.000 E16658.09418 F7200
G1 X120.000 Y50.000 E16658.26879 F7200
G1 X125.000 Y50.000 E16658.44341 F7200
G1 X130.000 Y50.000 E16658.61802 F7200
G1 X135.000 Y50.000 E16658.79264 F7200
G1 X140.000 Y50.000 E16658.96725 F7200
G1 X145.000 Y50.000 E16659.14187 F7200
G1 X150.000 Y50.000 E16659.31649 F7200
G1 X155.000 Y50.000 E16659.49110 F7200
G1 X160.000 Y50.000 E16659.66572 F7200
G1 X165.000 Y50.000 E16659.84033 F7200
G1 X170.000 Y50.000 E16660.01495 F7200
G1 X170.000 Y55.000 E16660.18956 F7200
G1 X170.000 Y60.000 E16660.36418 F7200
G1 X170.000 Y65.000 E16660.53880 F7200
G1 X170.000 Y70.000 E16660.71341 F7200
G1 X170.000 Y75.000 E16660.88803 F7200
G1 X170.000 Y80.000 E16661.06264 F7200
G1 X170.000 Y85.000 E16661.23726 F7200
G1 X170.000 Y90.000 E16661.41187 F7200
G1 X170.000 Y95.000 E16661.58649 F7200
G1 X170.000 Y100.000 E16661.76111 F7200
G1 X170.000 Y105.000 E16661.93572 F7200
G1 X170.000 Y110.000 E16662.11034 F7200
G1 X170.000 Y115.000 E16662.28495 F7200
G1 X170.000 Y120.000 E16662.45957 F7200
G1 X170.000 Y125.000 E16662.63418 F7200
G1 X170.000 Y130.000 E16662.80880 F7200
G1 X170.000 Y135.000 E16662.98342 F7200
G1 X170.000 Y140.000 E16663.15803 F7200
G1 X170.000 Y145.000 E16663.33265 F7200
G1 X170.000 Y150.000 E16663.50726 F7200
G1 X170.000 Y155.000 E16663.68188 F7200
G1 X170.000 Y160.000 E16663.85649 F7200
G1 X170.000 Y165.000 E16664.03111 F7200
G1 X170.000 Y170.000 E16664.20573 F7200
G1 X165.000 Y170.000 E16664.38034 F7200
G1 X160.000 Y170.000 E16664.55496 F7200
G1 X155.000 Y170.000 E16664.72957 F7200
G1 X150.000 Y170.000 E16664.90419 F7200
G1 X145.000 Y170.000 E16665.07880 F7200
G1 X140.000 Y170.000 E16665.25342 F7200
G1 X135.000 Y170.000 E16665.42804 F7200
G1 X130.000 Y170.000 E16665.60265 F7200
G1 X125.000 Y170.000 E16665.77727 F7200
G1 X120.000 Y170.000 E16665.95188 F7200
G1 X115.000 Y170.000 E16666.12650 F7200
G1 X110.000 Y170.000 E16666.30111 F7200
G1 X105.000 Y170.000 E16666.47573 F7200
G1 X100.000 Y170.000 E16666.65035 F7200
G1 X95.000 Y170.000 E16666.82496 F7200
G1 X90.000 Y170.000 E16666.99958 F7200
G1 X85.000 Y170.000 E16667.17419 F7200
G1 X80.000 Y170.000 E16667.34881 F7200
G1 X75.000 Y170.000 E16667.52342 F7200
G1 X70.000 Y170.000 E16667.69804 F7200
G1 X65.000 Y170.000 E16667.87266 F7200
G1 X60.000 Y170.000 E16668.04727 F7200
G1 X55.000 Y170.000 E16668.22189 F7200
G1 X50.000 Y170.000 E16668.39650 F7200
G1 X50.000 Y165.000 E16668.57112 F7200
G1 X50.000 Y160.000 E16668.74573 F7200
G1 X50.000 Y155.000 E16668.92035 F7200
G1 X50.000 Y150.000 E16669.09497 F7200
G1 X50.000 Y145.000 E16669.26958 F7200
G1 X50.000 Y140.000 E16669.44420 F7200
G1 X50.000 Y135.000 E16669.61881 F7200
G1 X50.000 Y130.000 E16669.79343 F7200
G1 X50.000 Y125.000 E16669.96804 F7200
G1 X50.000 Y120.000 E16670.14266 F7200
G1 X50.000 Y115.000 E16670.31728 F7200
G1 X50.000 Y110.000 E16670.49189 F7200
G1 X50.000 Y105.000 E16670.66651 F7200
G1 X50.000 Y100.000 E16670.84112 F7200
G1 X50.000 Y95.000 E16671.01574 F7200
G1 X50.000 Y90.000 E16671.19035 F7200
G1 X50.000 Y85.000 E16671.36497 F7200
G1 X50.000 Y80.000 E16671.53959 F7200
G1 X50.000 Y75.000 E16671.71420 F7200
G1 X50.000 Y70.000 E16671.88882 F7200
G1 X50.000 Y65.000 E16672.06343 F7200
G1 X50.000 Y60.000 E16672.23805 F7200
G1 X50.000 Y55.000 E16672.41266 F7200
G1 X50.000 Y50.000 E16672.58728 F7200
;TYPE:Sparse infill
G1 X51.000 Y51.000 F12000
G1 X169.000 Y51.000 E16676.70821 F15000
G1 X169.000 Y56.000 F12000
G1 X51.000 Y56.000 E16680.82914 F15000
G1 X51.000 Y61.000 F12000
G1 X169.000 Y61.000 E16684.95007 F15000
G1 X169.000 Y66.000 F12000
G1 X51.000 Y66.000 E16689.07100 F15000
G1 X51.000 Y71.000 F12000
G1 X169.000 Y71.000 E16693.19193 F15000
G1 X169.000 Y76.000 F12000
G1 X51.000 Y76.000 E16697.31286 F15000
G1 X51.000 Y81.000 F12000
G1 X169.000 Y81.000 E16701.43379 F15000
G1 X169.000 Y86.000 F12000
G1 X51.000 Y86.000 E16705.55473 F15000
G1 X51.000 Y91.000 F12000
G1 X169.000 Y91.000 E16709.67566 F15000
G1 X169.000 Y96.000 F12000
G1 X51.000 Y96.000 E16713.79659 F15000
G1 X51.000 Y101.000 F12000
G1 X169.000 Y101.000 E16717.91752 F15000
G1 X169.000 Y106.000 F12000
G1 X51.000 Y106.000 E16722.03845 F15000
G1 X51.000 Y111.000 F12000
G1 X169.000 Y111.000 E16726.15938 F15000
G1 X169.000 Y116.000 F12000
G1 X51.000 Y116.000 E16730.28031 F15000
G1 X51.000 Y121.000 F12000
G1 X169.000 Y121.000 E16734.40124 F15000
G1 X169.000 Y126.000 F12000
G1 X51.000 Y126.000 E16738.52217 F15000
G1 X51.000 Y131.000 F12000
G1 X169.000 Y131.000 E16742.64310 F15000
G1 X169.000 Y136.000 F12000
G1 X51.000 Y136.000 E16746.76403 F15000
G1 X51.000 Y141.000 F12000
G1 X169.000 Y141.000 E16750.88496 F15000
G1 X169.000 Y146.000 F12000
G1 X51.000 Y146.000 E16755.00589 F15000
G1 X51.000 Y151.000 F12000
G1 X169.000 Y151.000 E16759.12683 F15000
G1 X169.000 Y156.000 F12000
G1 X51.000 Y156.000 E16763.24776 F15000
G1 X51.000 Y161.000 F12000
G1 X169.000 Y161.000 E16767.36869 F15000
G1 X169.000 Y166.000 F12000
G1 X51.000 Y166.000 E16771.48962 F15000
;LAYER_CHANGE
;Z:29.200
G1 Z29.200 F600
;TYPE:Outer wall
G1 X50.000 Y50.000 F7200
G1 X55.000 Y50.000 E16771.66423 F7200
G1 X60.000 Y50.000 E16771.83885 F7200
G1 X65.000 Y50.000 E16772.01346 F7200
G1 X70.000 Y50.000 E16772.18808 F7200
G1 X75.000 Y50.000 E16772.36270 F7200
G1 X80.000 Y50.000 E16772.53731 F7200
G1 X85.000 Y50.000 E16772.71193 F7200
G1 X90.000 Y50.000 E16772.88654 F7200
G1 X95.000 Y50.000 E16773.06116 F7200
G1 X100.000 Y50.000 E16773.23577 F7200
G1 X105.000 Y50.000 E16773.41039 F7200
G1 X110.000 Y50.000 E16773.58501 F7200
G1 X115.000 Y50.000 E16773.75962 F7200
G1 X120.000 Y50.000 E16773.93424 F7200
G1 X125.000 Y50.000 E16774.10885 F7200
G1 X130.000 Y50.000 E16774.28347 F7200
G1 X135.000 Y50.000 E16774.45808 F7200
G1 X140.000 Y50.000 E16774.63270 F7200
G1 X145.000 Y50.000 E16774.80732 F7200
G1 X150.000 Y50.000 E16774.98193 F7200
G1 X155.000 Y50.000 E16775.15655 F7200
G1 X160.000 Y50.000 E16775.33116 F7200
G1 X165.000 Y50.000 E16775.50578 F7200
G1 X170.000 Y50.000 E16775.68039 F7200
G1 X170.000 Y55.000 E16775.85501 F7200
G1 X170.000 Y60.000 E16776.02963 F7200
G1 X170.000 Y65.000 E16776.20424 F7200
G1 X170.000 Y70.000 E16776.37886 F7200
G1 X170.000 Y75.000 E16776.55347 F7200
G1 X170.000 Y80.000 E16776.72809 F7200
G1 X170.000 Y85.000 E16776.90270 F7200
G1 X170.000 Y90.000 E16777.07732 F7200
G1 X170.000 Y95.000 E16777.25194 F7200
G1 X170.000 Y100.000 E16777.42655 F7200
G1 X170.000 Y105.000 E16777.60117 F7200
G1 X170.000 Y110.000 E16777.77578 F7200
G1 X170.000 Y115.000 E16777.95040 F7200
G1 X170.000 Y120.000 E16778.12501 F7200
G1 X170.000 Y125.000 E16778.29963 F7200
G1 X170.000 Y130.000 E16778.47425 F7200
G1 X170.000 Y135.000 E16778.64886 F7200
G1 X170.000 Y140.000 E16778.82348 F7200
G1 X170.000 Y145.000 E16778.99809 F7200
G1 X170.000 Y150.000 E16779.17271 F7200
G1 X170.000 Y155.000 E16779.34732 F7200
G1 X170.000 Y160.000 E16779.52194 F7200
G1 X170.000 Y165.000 E16779.69656 F7200
G1 X170.000 Y170.000 E16779.87117 F7200
G1 X165.000 Y170.000 E16780.04579 F7200
G1 X160.000 Y170.000 E16780.22040 F7200
G1 X155.000 Y170.000 E16780.39502 F7200
G1 X150.000 Y170.000 E16780.56963 F7200
G1 X145.000 Y170.000 E16780.74425 F7200
G1 X140.000 Y170.000 E16780.91887 F7200
G1 X135.000 Y170.000 E16781.09348 F7200
G1 X130.000 Y170.000 E16781.26810 F7200
G1 X125.000 Y170.000 E16781.44271 F7200
G1 X120.000 Y170.000 E16781.61733 F7200
G1 X115.000 Y170.000 E16781.79194 F7200
G1 X110.000 Y170.000 E16781.96656 F7200
G1 X105.000 Y170.000 E16782.14118 F7200
G1 X100.000 Y170.000 E16782.31579 F7200
G1 X95.000 Y170.000 E16782.49041 F7200
G1 X90.000 Y170.000 E16782.66502 F7200
G1 X85.000 Y170.000 E16782.83964 F7200
G1 X80.000 Y170.000 E16783.01425 F7200
G1 X75.000 Y170.000 E16783.18887 F7200
G1 X70.000 Y170.000 E16783.36349 F7200
G1 X65.000 Y170.000 E16783.53810 F7200
G1 X60.000 Y170.000 E16783.71272 F7200
G1 X55.000 Y170.000 E16783.88733 F7200
G1 X50.000 Y170.000 E16784.06195 F7200
G1 X50.000 Y165.000 E16784.23656 F7200
G1 X50.000 Y160.000 E16784.41118 F7200
G1 X50.000 Y155.000 E16784.58580 F7200
G1 X50.000 Y150.000 E16784.76041 F7200
G1 X50.000 Y145.000 E16784.93503 F7200
G1 X50.000 Y140.000 E16785.10964 F7200
G1 X50.000 Y135.000 E16785.28426 F7200
G1 X50.000 Y130.000 E16785.45887 F7200
G1 X50.000 Y125.000 E16785.63349 F7200
G1 X50.000 Y120.000 E16785.80811 F7200
G1 X50.000 Y115.000 E16785.98272 F7200
G1 X50.000 Y110.000 E16786.15734 F7200
G1 X50.000 Y105.000 E16786.33195 F7200
G1 X50.000 Y100.000 E16786.50657 F7200
G1 X50.000 Y95.000 E16786.68118 F7200
G1 X50.000 Y90.000 E16786.85580 F7200
G1 X50.000 Y85.000 E16787.03042 F7200
G1 X50.000 Y80.000 E16787.20503 F7200
G1 X50.000 Y75.000 E16787.37965 F7200
G1 X50.000 Y70.000 E16787.55426 F7200
G1 X50.000 Y65.000 E16787.72888 F7200
G1 X50.000 Y60.000 E16787.90349 F7200
G1 X50.000 Y55.000 E16788.07811 F7200
G1 X50.000 Y50.000 E16788.25273 F7200
;TYPE:Sparse infill
G1 X51.000 Y51.000 F12000
G1 X169.000 Y51.000 E16792.37366 F15000
G1 X169.000 Y56.000 F12000
G1 X51.000 Y56.000 E16796.49459 F15000
G1 X51.000 Y61.000 F12000
G1 X169.000 Y61.000 E16800.61552 F15000
G1 X169.000 Y66.000 F12000
G1 X51.000 Y66.000 E16804.73645 F15000
G1 X51.000 Y71.000 F12000
G1 X169.000 Y71.000 E16808.85738 F15000
G1 X169.000 Y76.000 F12000
G1 X51.000 Y76.000 E16812.97831 F15000
G1 X51.000 Y81.000 F12000
G1 X169.000 Y81.000 E16817.09924 F15000
G1 X169.000 Y86.000 F12000
G1 X51.000 Y86.000 E16821.22017 F15000
G1 X51.000 Y91.000 F12000
G1 X169.000 Y91.000 E16825.34110 F15000
G1 X169.000 Y96.000 F12000
G1 X51.000 Y96.000 E16829.46203 F15000
G1 X51.000 Y101.000 F12000
G1 X169.000 Y101.000 E16833.58296 F15000
G1 X169.000 Y106.000 F12000
G1 X51.000 Y106.000 E16837.70389 F15000
G1 X51.000 Y111.000 F12000
G1 X169.000 Y111.000 E16841.82482 F15000
G1 X169.000 Y116.000 F12000
G1 X51.000 Y116.000 E16845.94576 F15000
G1 X51.000 Y121.000 F12000
G1 X169.000 Y121.000 E16850.06669 F15000
G1 X169.000 Y126.000 F12000
G1 X51.000 Y126.000 E16854.18762 F15000
G1 X51.000 Y131.000 F12000
G1 X169.000 Y131.000 E16858.30855 F15000
G1 X169.000 Y136.000 F12000
G1 X51.000 Y136.000 E16862.42948 F15000
G1 X51.000 Y141.000 F12000
G1 X169.000 Y141.000 E16866.55041 F15000
G1 X169.000 Y146.000 F12000
G1 X51.000 Y146.000 E16870.67134 F15000
G1 X51.000 Y151.000 F12000
G1 X169.000 Y151.000 E16874.79227 F15000
G1 X169.000 Y156.000 F12000
G1 X51.000 Y156.000 E16878.91320 F15000
G1 X51.000 Y161.000 F12000
G1 X169.000 Y161.000 E16883.03413 F15000
G1 X169.000 Y166.000 F12000
G1 X51.000 Y166.000 E16887.15506 F15000
;LAYER_CHANGE
;Z:29.400
G1 Z29.400 F600
;TYPE:Outer wall
G1 X50.000 Y50.000 F7200
G1 X55.000 Y50.000 E16887.32968 F7200
G1 X60.000 Y50.000 E16887.50429 F7200
G1 X65.000 Y50.000 E16887.67891 F7200
G1 X70.000 Y50.000 E16887.85353 F7200
G1 X75.000 Y50.000 E16888.02814 F7200
G1 X80.000 Y50.000 E16888.20276 F7200
G1 X85.000 Y50.000 E16888.37737 F7200
G1 X90.000 Y50.000 E16888.55199 F7200
G1 X95.000 Y50.000 E16888.72660 F7200
G1 X100.000 Y50.000 E16888.90122 F7200
G1 X105.000 Y50.000 E16889.07584 F7200
G1 X110.000 Y50.000 E16889.25045 F7200
G1 X115.000 Y50.000 E16889.42507 F7200
G1 X120.000 Y50.000 E16889.59968 F7200
G1 X125.000 Y50.000 E16889.77430 F7200
G1 X130.000 Y50.000 E16889.94891 F7200
G1 X135.000 Y50.000 E16890.12353 F7200
G1 X140.000 Y50.000 E16890.29815 F7200
G1 X145.000 Y50.000 E16890.47276 F7200
G1 X150.000 Y50.000 E16890.64738 F7200
G1 X155.000 Y50.000 E16890.82199 F7200
G1 X160.000 Y50.000 E16890.99661 F7200
G1 X165.000 Y50.000 E16891.17122 F7200
G1 X170.000 Y50.000 E16891.34584 F7200
G1 X170.000 Y55.000 E16891.52046 F7200
G1 X170.000 Y60.000 E16891.69507 F7200
G1 X170.000 Y65.000 E16891.86969 F7200
G1 X170.000 Y70.000 E16892.04430 F7200
G1 X170.000 Y75.000 E16892.21892 F7200
G1 X170.000 Y80.000 E16892.39353 F7200
G1 X170.000 Y85.000 E16892.56815 F7200
G1 X170.000 Y90.000 E16892.74277 F7200
G1 X170.000 Y95.000 E16892.91738 F7200
G1 X170.000 Y100.000 E16893.09200 F7200
G1 X170.000 Y105.000 E16893.26661 F7200
G1 X170.000 Y110.000 E16893.44123 F7200
G1 X170.000 Y115.000 E16893.61584 F7200
G1 X170.000 Y120.000 E16893.79046 F7200
G1 X170.000 Y125.000 E16893.96508 F7200
G1 X170.000 Y130.000 E16894.13969 F7200
G1 X170.000 Y135.000 E16894.31431 F7200
G1 X170.000 Y140.000 E16894.48892 F7200
G1 X170.000 Y145.000 E16894.66354 F7200
G1 X170.000 Y150.000 E16894.83815 F7200
G1 X170.000 Y155.000 E16895.01277 F7200
G1 X170.000 Y160.000 E16895.18739 F7200
G1 X170.000 Y165.000 E16895.36200 F7200
G1 X170.000 Y170.000 E16895.53662 F7200
G1 X165.000 Y170.000 E16895.71123 F7200
G1 X160.000 Y170.000 E16895.88585 F7200
G1 X155.000 Y170.000 E16896.06046 F7200
G1 X150.000 Y170.000 E16896.23508 F7200
G1 X145.000 Y170.000 E16896.40970 F7200
G1 X140.000 Y170.000 E16896.58431 F7200
G1 X135.000 Y170.000 E16896.75893 F7200
G1 X130.000 Y170.000 E16896.93354 F7200
G1 X125.000 Y170.000 E16897.10816 F7200
G1 X120.000 Y170.000 E16897.28277 F7200
G1 X115.000 Y170.000 E16897.45739 F7200
G1 X110.000 Y170.000 E16897.63201 F7200
G1 X105.000 Y170.000 E16897.80662 F7200
G1 X100.000 Y170.000 E16897.98124 F7200
G1 X95.000 Y170.000 E16898.15585 F7200
G1 X90.000 Y170.000 E16898.33047 F7200
G1 X85.000 Y170.000 E16898.50508 F7200
G1 X80.000 Y170.000 E16898.67970 F7200
G1 X75.000 Y170.000 E16898.85432 F7200
G1 X70.000 Y170.000 E16899.02893 F7200
G1 X65.000 Y170.000 E16899.20355 F7200
G1 X60.000 Y170.000 E16899.37816 F7200
G1 X55.000 Y170.000 E16899.55278 F7200
G1 X50.000 Y170.000 E16899.72739 F7200
G1 X50.000 Y165.000 E16899.90201 F7200
G1 X50.000 Y160.000 E16900.07663 F7200
G1 X50.000 Y155.000 E16900.25124 F7200
G1 X50.000 Y150.000 E16900.42586 F7200
G1 X50.000 Y145.000 E16900.60047 F7200
G1 X50.000 Y140.000 E16900.77509 F7200
G1 X50.000 Y135.000 E16900.94970 F7200
G1 X50.000 Y130.000 E16901.12432 F7200
G1 X50.000 Y125.000 E16901.29894 F7200
G1 X50.000 Y120.000 E16901.47355 F7200
G1 X50.000 Y115.000 E16901.64817 F7200
G1 X50.000 Y110.000 E16901.82278 F7200
G1 X50.000 Y105.000 E16901.99740 F7200
G1 X50.000 Y100.000 E16902.17201 F7200
G1 X50.000 Y95.000 E16902.34663 F7200
G1 X50.000 Y90.000 E16902.52125 F7200
G1 X50.000 Y85.000 E16902.69586 F7200
G1 X50.000 Y80.000 E16902.87048 F7200
G1 X50.000 Y75.000 E16903.04509 F7200
G1 X50.000 Y70.000 E16903.21971 F7200
G1 X50.000 Y65.000 E16903.39432 F7200
G1 X50.000 Y60.000 E16903.56894 F7200
G1 X50.000 Y55.000 E16903.74356 F7200
G1 X50.000 Y50.000 E16903.91817 F7200
;TYPE:Sparse infill
G1 X51.000 Y51.000 F12000
G1 X169.000 Y51.000 E16908.03910 F15000
G1 X169.000 Y56.000 F12000
G1 X51.000 Y56.000 E16912.16003 F15000
G1 X51.000 Y61.000 F12000
G1 X169.000 Y61.000 E16916.28096 F15000
G1 X169.000 Y66.000 F12000
G1 X51.000 Y66.000 E16920.40189 F15000
G1 X51.000 Y71.000 F12000
G1 X169.000 Y71.000 E16924.52282 F15000
G1 X169.000 Y76.000 F12000
G1 X51.000 Y76.000 E16928.64376 F15000
G1 X51.000 Y81.000 F12000
G1 X169.000 Y81.000 E16932.76469 F15000
G1 X169.000 Y86.000 F12000
G1 X51.000 Y86.000 E16936.88562 F15000
G1 X51.000 Y91.000 F12000
G1 X169.000 Y91.000 E16941.00655 F15000
G1 X169.000 Y96.000 F12000
G1 X51.000 Y96.000 E16945.12748 F15000
G1 X51.000 Y101.000 F12000
G1 X169.000 Y101.000 E16949.24841 F15000
G1 X169.000 Y106.000 F12000
G1 X51.000 Y106.000 E16953.36934 F15000
G1 X51.000 Y111.000 F12000
G1 X169.000 Y111.000 E16957.49027 F15000
G1 X169.000 Y116.000 F12000
G1 X51.000 Y116.000 E16961.61120 F15000
G1 X51.000 Y121.000 F12000
G1 X169.000 Y121.000 E16965.73213 F15000
G1 X169.000 Y126.000 F12000
G1 X51.000 Y126.000 E16969.85306 F15000
G1 X51.000 Y131.000 F12000
G1 X169.000 Y131.000 E16973.97399 F15000
G1 X169.000 Y136.000 F12000
G1 X51.000 Y136.000 E16978.09492 F15000
G1 X51.000 Y141.000 F12000
G1 X169.000 Y141.000 E16982.21585 F15000
G1 X169.000 Y146.000 F12000
G1 X51.000 Y146.000 E16986.33679 F15000
G1 X51.000 Y151.000 F12000
G1 X169.000 Y151.000 E16990.45772 F15000
G1 X169.000 Y156.000 F12000
G1 X51.000 Y156.000 E16994.57865 F15000
G1 X51.000 Y161.000 F12000
G1 X169.000 Y161.000 E16998.69958 F15000
G1 X169.000 Y166.000 F12000
G1 X51.000 Y166.000 E17002.82051 F15000
;LAYER_CHANGE
;Z:29.600
G1 Z29.600 F600
;TYPE:Outer wall
G1 X50.000 Y50.000 F7200
G1 X55.000 Y50.000 E17002.99512 F7200
G1 X60.000 Y50.000 E17003.16974 F7200
G1 X65.000 Y50.000 E17003.34436 F7200
G1 X70.000 Y50.000 E17003.51897 F7200
G1 X75.000 Y50.000 E17003.69359 F7200
G1 X80.000 Y50.000 E17003.86820 F7200
G1 X85.000 Y50.000 E17004.04282 F7200
G1 X90.000 Y50.000 E17004.21743 F7200
G1 X95.000 Y50.000 E17004.39205 F7200
G1 X100.000 Y50.000 E17004.56667 F7200
G1 X105.000 Y50.000 E17004.74128 F7200
G1 X110.000 Y50.000 E17004.91590 F7200
G1 X115.000 Y50.000 E17005.09051 F7200
G1 X120.000 Y50.000 E17005.26513 F7200
G1 X125.000 Y50.000 E17005.43974 F7200
G1 X130.000 Y50.000 E17005.61436 F7200
G1 X135.000 Y50.000 E17005.78898 F7200
G1 X140.000 Y50.000 E17005.96359 F7200
G1 X145.000 Y50.000 E17006.13821 F7200
G1 X150.000 Y50.000 E17006.31282 F7200
G1 X155.000 Y50.000 E17006.48744 F7200
G1 X160.000 Y50.000 E17006.66205 F7200
G1 X165.000 Y50.000 E17006.83667 F7200
G1 X170.000 Y50.000 E17007.01129 F7200
G1 X170.000 Y55.000 E17007.18590 F7200
G1 X170.000 Y60.000 E17007.36052 F7200
G1 X170.000 Y65.000 E17007.53513 F7200
G1 X170.000 Y70.000 E17007.70975 F7200
G1 X170.000 Y75.000 E17007.88436 F7200
G1 X170.000 Y80.000 E17008.05898 F7200
G1 X170.000 Y85.000 E17008.23360 F7200
G1 X170.000 Y90.000 E17008.40821 F7200
G1 X170.000 Y95.000 E17008.58283 F7200
G1 X170.000 Y100.000 E17008.75744 F7200
G1 X170.000 Y105.000 E17008.93206 F7200
G1 X170.000 Y110.000 E17009.10667 F7200
G1 X170.000 Y115.000 E17009.28129 F7200
G1 X170.000 Y120.000 E17009.45591 F7200
G1 X170.000 Y125.000 E17009.63052 F7200
G1 X170.000 Y130.000 E17009.80514 F7200
G1 X170.000 Y135.000 E17009.97975 F7200
G1 X170.000 Y140.000 E17010.15437 F7200
G1 X170.000 Y145.000 E17010.32898 F7200
G1 X170.000 Y150.000 E17010.50360 F7200
G1 X170.000 Y155.000 E17010.67822 F7200
G1 X170.000 Y160.000 E17010.85283 F7200
G1 X170.000 Y165.000 E17011.02745 F7200
G1 X170.000 Y170.000 E17011.20206 F7200
G1 X165.000 Y170.000 E17011.37668 F7200
G1 X160.000 Y170.000 E17011.55129 F7200
G1 X155.000 Y170.000 E17011.72591 F7200
G1 X150.000 Y170.000 E17011.90053 F7200
G1 X145.000 Y170.000 E17012.07514 F7200
G1 X140.000 Y170.000 E17012.24976 F7200
G1 X135.000 Y170.000 E17012.42437 F7200
G1 X130.000 Y170.000 E17012.59899 F7200
G1 X125.000 Y170.000 E17012.77360 F7200
G1 X120.000 Y170.000 E17012.94822 F7200
G1 X115.000 Y170.000 E17013.12284 F7200
G1 X110.000 Y170.000 E17013.29745 F7200
G1 X105.000 Y170.000 E17013.47207 F7200
G1 X100.000 Y170.000 E17013.64668 F7200
G1 X95.000 Y170.000 E17013.82130 F7200
G1 X90.000 Y170.000 E17013.99591 F7200
G1 X85.000 Y170.000 E17014.17053 F7200
G1 X80.000 Y170.000 E17014.34515 F7200
G1 X75.000 Y170.000 E17014.51976 F7200
G1 X70.000 Y170.000 E17014.69438 F7200
G1 X65.000 Y170.000 E17014.86899 F7200
G1 X60.000 Y170.000 E17015.04361 F7200
G1 X55.000 Y170.000 E17015.21822 F7200
G1 X50.000 Y170.000 E17015.39284 F7200
G1 X50.000 Y165.000 E17015.56746 F7200
G1 X50.000 Y160.000 E17015.74207 F7200
G1 X50.000 Y155.000 E17015.91669 F7200
G1 X50.000 Y150.000 E17016.09130 F7200
G1 X50.000 Y145.000 E17016.26592 F7200
G1 X50.000 Y140.000 E17016.44053 F7200
G1 X50.000 Y135.000 E17016.61515 F7200
G1 X50.000 Y130.000 E17016.78977 F7200
G1 X50.000 Y125.000 E17016.96438 F7200
G1 X50.000 Y120.000 E17017.13900 F7200
G1 X50.000 Y115.000 E17017.31361 F7200
G1 X50.000 Y110.000 E17017.48823 F7200
G1 X50.000 Y105.000 E17017.66284 F7200
G1 X50.000 Y100.000 E17017.83746 F7200
G1 X50.000 Y95.000 E17018.01208 F7200
G1 X50.000 Y90.000 E17018.18669 F7200
G1 X50.000 Y85.000 E17018.36131 F7200
G1 X50.000 Y80.000 E17018.53592 F7200
G1 X50.000 Y75.000 E17018.71054 F7200
G1 X50.000 Y70.000 E17018.88515 F7200
G1 X50.000 Y65.000 E17019.05977 F7200
G1 X50.000 Y60.000 E17019.23439 F7200
G1 X50.000 Y55.000 E17019.40900 F7200
G1 X50.000 Y50.000 E17019.58362 F7200
;TYPE:Sparse infill
G1 X51.000 Y51.000 F12000
G1 X169.000 Y51.000 E17023.70455 F15000
G1 X169.000 Y56.000 F12000
G1 X51.000 Y56.000 E17027.82548 F15000
G1 X51.000 Y61.000 F12000
G1 X169.000 Y61.000 E17031.94641 F15000
G1 X169.000 Y66.000 F12000
G1 X51.000 Y66.000 E17036.06734 F15000
G1 X51.000 Y71.000 F12000
G1 X169.000 Y71.000 E17040.18827 F15000
G1 X169.000 Y76.000 F12000
G1 X51.000 Y76.000 E17044.30920 F15000
G1 X51.000 Y81.000 F12000
G1 X169.000 Y81.000 E17048.43013 F15000
G1 X169.000 Y86.000 F12000
G1 X51.000 Y86.000 E17052.55106 F15000
G1 X51.000 Y91.000 F12000
G1 X169.000 Y91.000 E17056.67199 F15000
G1 X169.000 Y96.000 F12000
G1 X51.000 Y96.000 E17060.79292 F15000
G1 X51.000 Y101.000 F12000
G1 X169.000 Y101.000 E17064.91385 F15000
G1 X169.000 Y106.000 F12000
G1 X51.000 Y106.000 E17069.03479 F15000
G1 X51.000 Y111.000 F12000
G1 X169.000 Y111.000 E17073.15572 F15000
G1 X169.000 Y116.000 F12000
G1 X51.000 Y116.000 E17077.27665 F15000
G1 X51.000 Y121.000 F12000
G1 X169.000 Y121.000 E17081.39758 F15000
G1 X169.000 Y126.000 F12000
G1 X51.000 Y126.000 E17085.51851 F15000
G1 X51.000 Y131.000 F12000
G1 X169.000 Y131.000 E17089.63944 F15000
G1 X169.000 Y136.000 F12000
G1 X51.000 Y136.000 E17093.76037 F15000
G1 X51.000 Y141.000 F12000
G1 X169.000 Y141.000 E17097.88130 F15000
G1 X169.000 Y146.000 F12000
G1 X51.000 Y146.000 E17102.00223 F15000
G1 X51.000 Y151.000 F12000
G1 X169.000 Y151.000 E17106.12316 F15000
G1 X169.000 Y156.000 F12000
G1 X51.000 Y156.000 E17110.24409 F15000
G1 X51.000 Y161.000 F12000
G1 X169.000 Y161.000 E17114.36502 F15000
G1 X169.000 Y166.000 F12000
G1 X51.000 Y166.000 E17118.48595 F15000
;LAYER_CHANGE
;Z:29.800
G1 Z29.800 F600
;TYPE:Outer wall
G1 X50.000 Y50.000 F7200
G1 X55.000 Y50.000 E17118.66057 F7200
G1 X60.000 Y50.000 E17118.83519 F7200
G1 X65.000 Y50.000 E17119.00980 F7200
G1 X70.000 Y50.000 E17119.18442 F7200
G1 X75.000 Y50.000 E17119.35903 F7200
G1 X80.000 Y50.000 E17119.53365 F7200
G1 X85.000 Y50.000 E17119.70826 F7200
G1 X90.000 Y50.000 E17119.88288 F7200
G1 X95.000 Y50.000 E17120.05750 F7200
G1 X100.000 Y50.000 E17120.23211 F7200
G1 X105.000 Y50.000 E17120.40673 F7200
G1 X110.000 Y50.000 E17120.58134 F7200
G1 X115.000 Y50.000 E17120.75596 F7200
G1 X120.000 Y50.000 E17120.93057 F7200
G1 X125.000 Y50.000 E17121.10519 F7200
G1 X130.000 Y50.000 E17121.27981 F7200
G1 X135.000 Y50.000 E17121.45442 F7200
G1 X140.000 Y50.000 E17121.62904 F7200
G1 X145.000 Y50.000 E17121.80365 F7200
G1 X150.000 Y50.000 E17121.97827 F7200
G1 X155.000 Y50.000 E17122.15288 F7200
G1 X160.000 Y50.000 E17122.32750 F7200
G1 X165.000 Y50.000 E17122.50212 F7200
G1 X170.000 Y50.000 E17122.67673 F7200
G1 X170.000 Y55.000 E17122.85135 F7200
G1 X170.000 Y60.000 E17123.02596 F7200
G1 X170.000 Y65.000 E17123.20058 F7200
G1 X170.000 Y70.000 E17123.37519 F7200
G1 X170.000 Y75.000 E17123.54981 F7200
G1 X170.000 Y80.000 E17123.72443 F7200
G1 X170.000 Y85.000 E17123.89904 F7200
G1 X170.000 Y90.000 E17124.07366 F7200
G1 X170.000 Y95.000 E17124.24827 F7200
G1 X170.000 Y100.000 E17124.42289 F7200
G1 X170.000 Y105.000 E17124.59750 F7200
G1 X170.000 Y110.000 E17124.77212 F7200
G1 X170.000 Y115.000 E17124.94674 F7200
G1 X170.000 Y120.000 E17125.12135 F7200
G1 X170.000 Y125.000 E17125.29597 F7200
G1 X170.000 Y130.000 E17125.47058 F7200
G1 X170.000 Y135.000 E17125.64520 F7200
G1 X170.000 Y140.000 E17125.81981 F7200
G1 X170.000 Y145.000 E17125.99443 F7200
G1 X170.000 Y150.000 E17126.16905 F7200
G1 X170.000 Y155.000 E17126.34366 F7200
G1 X170.000 Y160.000 E17126.51828 F7200
G1 X170.000 Y165.000 E17126.69289 F7200
G1 X170.000 Y170.000 E17126.86751 F7200
G1 X165.000 Y170.000 E17127.04212 F7200
G1 X160.000 Y170.000 E17127.21674 F7200
G1 X155.000 Y170.000 E17127.39136 F7200
G1 X150.000 Y170.000 E17127.56597 F7200
G1 X145.000 Y170.000 E17127.74059 F7200
G1 X140.000 Y170.000 E17127.91520 F7200
G1 X135.000 Y170.000 E17128.08982 F7200
G1 X130.000 Y170.000 E17128.26443 F7200
G1 X125.000 Y170.000 E17128.43905 F7200
G1 X120.000 Y170.000 E17128.61367 F7200
G1 X115.000 Y170.000 E17128.78828 F7200
G1 X110.000 Y170.000 E17128.96290 F7200
G1 X105.000 Y170.000 E17129.13751 F7200
G1 X100.000 Y170.000 E17129.31213 F7200
G1 X95.000 Y170.000 E17129.48674 F7200
G1 X90.000 Y170.000 E17129.66136 F7200
G1 X85.000 Y170.000 E17129.83598 F7200
G1 X80.000 Y170.000 E17130.01059 F7200
G1 X75.000 Y170.000 E17130.18521 F7200
G1 X70.000 Y170.000 E17130.35982 F7200
G1 X65.000 Y170.000 E17130.53444 F7200
G1 X60.000 Y170.000 E17130.70905 F7200
G1 X55.000 Y170.000 E17130.88367 F7200
G1 X50.000 Y170.000 E17131.05829 F7200
G1 X50.000 Y165.000 E17131.23290 F7200
G1 X50.000 Y160.000 E17131.40752 F7200
G1 X50.000 Y155.000 E17131.58213 F7200
G1 X50.000 Y150.000 E17131.75675 F7200
G1 X50.000 Y145.000 E17131.93136 F7200
G1 X50.000 Y140.000 E17132.10598 F7200
G1 X50.000 Y135.000 E17132.28060 F7200
G1 X50.000 Y130.000 E17132.45521 F7200
G1 X50.000 Y125.000 E17132.62983 F7200
G1 X50.000 Y120.000 E17132.80444 F7200
G1 X50.000 Y115.000 E17132.97906 F7200
G1 X50.000 Y110.000 E17133.15367 F7200
G1 X50.000 Y105.000 E17133.32829 F7200
G1 X50.000 Y100.000 E17133.50291 F7200
G1 X50.000 Y95.000 E17133.67752 F7200
G1 X50.000 Y90.000 E17133.85214 F7200
G1 X50.000 Y85.000 E17134.02675 F7200
G1 X50.000 Y80.000 E17134.20137 F7200
G1 X50.000 Y75.000 E17134.37598 F7200
G1 X50.000 Y70.000 E17134.55060 F7200
G1 X50.000 Y65.000 E17134.72522 F7200
G1 X50.000 Y60.000 E17134.89983 F7200
G1 X50.000 Y55.000 E17135.07445 F7200
G1 X50.000 Y50.000 E17135.24906 F7200
;TYPE:Sparse infill
G1 X51.000 Y51.000 F12000
G1 X169.000 Y51.000 E17139.36999 F15000
G1 X169.000 Y56.000 F12000
G1 X51.000 Y56.000 E17143.49092 F15000
G1 X51.000 Y61.000 F12000
G1 X169.000 Y61.000 E17147.61185 F15000
G1 X169.000 Y66.000 F12000
G1 X51.000 Y66.000 E17151.73279 F15000
G1 X51.000 Y71.000 F12000
G1 X169.000 Y71.000 E17155.85372 F15000
G1 X169.000 Y76.000 F12000
G1 X51.000 Y76.000 E17159.97465 F15000
G1 X51.000 Y81.000 F12000
G1 X169.000 Y81.000 E17164.09558 F15000
G1 X169.000 Y86.000 F12000
G1 X51.000 Y86.000 E17168.21651 F15000
G1 X51.000 Y91.000 F12000
G1 X169.000 Y91.000 E17172.33744 F15000
G1 X169.000 Y96.000 F12000
G1 X51.000 Y96.000 E17176.45837 F15000
G1 X51.000 Y101.000 F12000
G1 X169.000 Y101.000 E17180.57930 F15000
G1 X169.000 Y106.000 F12000
G1 X51.000 Y106.000 E17184.70023 F15000
G1 X51.000 Y111.000 F12000
G1 X169.000 Y111.000 E17188.82116 F15000
G1 X169.000 Y116.000 F12000
G1 X51.000 Y116.000 E17192.94209 F15000
G1 X51.000 Y121.000 F12000
G1 X169.000 Y121.000 E17197.06302 F15000
G1 X169.000 Y126.000 F12000
G1 X51.000 Y126.000 E17201.18395 F15000
G1 X51.000 Y131.000 F12000
G1 X169.000 Y131.000 E17205.30488 F15000
G1 X169.000 Y136.000 F12000
G1 X51.000 Y136.000 E17209.42582 F15000
G1 X51.000 Y141.000 F12000
G1 X169.000 Y141.000 E17213.54675 F15000
G1 X169.000 Y146.000 F12000
G1 X51.000 Y146.000 E17217.66768 F15000
G1 X51.000 Y151.000 F12000
G1 X169.000 Y151.000 E17221.78861 F15000
G1 X169.000 Y156.000 F12000
G1 X51.000 Y156.000 E17225.90954 F15000
G1 X51.000 Y161.000 F12000
G1 X169.000 Y161.000 E17230.03047 F15000
G1 X169.000 Y166.000 F12000
G1 X51.000 Y166.000 E17234.15140 F15000
;LAYER_CHANGE
;Z:30.000
G1 Z30.000 F600
;TYPE:Outer wall
G1 X50.000 Y50.000 F7200
G1 X55.000 Y50.000 E17234.32602 F7200
G1 X60.000 Y50.000 E17234.50063 F7200
G1 X65.000 Y50.000 E17234.67525 F7200
G1 X70.000 Y50.000 E17234.84986 F7200
G1 X75.000 Y50.000 E17235.02448 F7200
G1 X80.000 Y50.000 E17235.19909 F7200
G1 X85.000 Y50.000 E17235.37371 F7200
G1 X90.000 Y50.000 E17235.54833 F7200
G1 X95.000 Y50.000 E17235.72294 F7200
G1 X100.000 Y50.000 E17235.89756 F7200
G1 X105.000 Y50.000 E17236.07217 F7200
G1 X110.000 Y50.000 E17236.24679 F7200
G1 X115.000 Y50.000 E17236.42140 F7200
G1 X120.000 Y50.000 E17236.59602 F7200
G1 X125.000 Y50.000 E17236.77064 F7200
G1 X130.000 Y50.000 E17236.94525 F7200
G1 X135.000 Y50.000 E17237.11987 F7200
G1 X140.000 Y50.000 E17237.29448 F7200
G1 X145.000 Y50.000 E17237.46910 F7200
G1 X150.000 Y50.000 E17237.64371 F7200
G1 X155.000 Y50.000 E17237.81833 F7200
G1 X160.000 Y50.000 E17237.99295 F7200
G1 X165.000 Y50.000 E17238.16756 F7200
G1 X170.000 Y50.000 E17238.34218 F7200
G1 X170.000 Y55.000 E17238.51679 F7200
G1 X170.000 Y60.000 E17238.69141 F7200
G1 X170.000 Y65.000 E17238.86602 F7200
G1 X170.000 Y70.000 E17239.04064 F7200
G1 X170.000 Y75.000 E17239.21526 F7200
G1 X170.000 Y80.000 E17239.38987 F7200
G1 X170.000 Y85.000 E17239.56449 F7200
G1 X170.000 Y90.000 E17239.73910 F7200
G1 X170.000 Y95.000 E17239.91372 F7200
G1 X170.000 Y100.000 E17240.08833 F7200
G1 X170.000 Y105.000 E17240.26295 F7200
G1 X170.000 Y110.000 E17240.43757 F7200
G1 X170.000 Y115.000 E17240.61218 F7200
G1 X170.000 Y120.000 E17240.78680 F7200
G1 X170.000 Y125.000 E17240.96141 F7200
G1 X170.000 Y130.000 E17241.13603 F7200
G1 X170.000 Y135.000 E17241.31064 F7200
G1 X170.000 Y140.000 E17241.48526 F7200
G1 X170.000 Y145.000 E17241.65988 F7200
G1 X170.000 Y150.000 E17241.83449 F7200
G1 X170.000 Y155.000 E17242.00911 F7200
G1 X170.000 Y160.000 E17242.18372 F7200
G1 X170.000 Y165.000 E17242.35834 F7200
G1 X170.000 Y170.000 E17242.53295 F7200
G1 X165.000 Y170.000 E17242.70757 F7200
G1 X160.000 Y170.000 E17242.88219 F7200
G1 X155.000 Y170.000 E17243.05680 F7200
G1 X150.000 Y170.000 E17243.23142 F7200
G1 X145.000 Y170.000 E17243.40603 F7200
G1 X140.000 Y170.000 E17243.58065 F7200
G1 X135.000 Y170.000 E17243.75526 F7200
G1 X130.000 Y170.000 E17243.92988 F7200
G1 X125.000 Y170.000 E17244.10450 F7200
G1 X120.000 Y170.000 E17244.27911 F7200
G1 X115.000 Y170.000 E17244.45373 F7200
G1 X110.000 Y170.000 E17244.62834 F7200
G1 X105.000 Y170.000 E17244.80296 F7200
G1 X100.000 Y170.000 E17244.97757 F7200
G1 X95.000 Y170.000 E17245.15219 F7200
G1 X90.000 Y170.000 E17245.32681 F7200
G1 X85.000 Y170.000 E17245.50142 F7200
G1 X80.000 Y170.000 E17245.67604 F7200
G1 X75.000 Y170.000 E17245.85065 F7200
G1 X70.000 Y170.000 E17246.02527 F7200
G1 X65.000 Y170.000 E17246.19988 F7200
G1 X60.000 Y170.000 E17246.37450 F7200
G1 X55.000 Y170.000 E17246.54912 F7200
G1 X50.000 Y170.000 E17246.72373 F7200
G1 X50.000 Y165.000 E17246.89835 F7200
G1 X50.000 Y160.000 E17247.07296 F7200
G1 X50.000 Y155.000 E17247.24758 F7200
G1 X50.000 Y150.000 E17247.42219 F7200
G1 X50.000 Y145.000 E17247.59681 F7200
G1 X50.000 Y140.000 E17247.77143 F7200
G1 X50.000 Y135.000 E17247.94604 F7200
G1 X50.000 Y130.000 E17248.12066 F7200
G1 X50.000 Y125.000 E17248.29527 F7200
G1 X50.000 Y120.000 E17248.46989 F7200
G1 X50.000 Y115.000 E17248.64450 F7200
G1 X50.000 Y110.000 E17248.81912 F7200
G1 X50.000 Y105.000 E17248.99374 F7200
G1 X50.000 Y100.000 E17249.16835 F7200
G1 X50.000 Y95.000 E17249.34297 F7200
G1 X50.000 Y90.000 E17249.51758 F7200
G1 X50.000 Y85.000 E17249.69220 F7200
G1 X50.000 Y80.000 E17249.86681 F7200
G1 X50.000 Y75.000 E17250.04143 F7200
G1 X50.000 Y70.000 E17250.21605 F7200
G1 X50.000 Y65.000 E17250.39066 F7200
G1 X50.000 Y60.000 E17250.56528 F7200
G1 X50.000 Y55.000 E17250.73989 F7200
G1 X50.000 Y50.000 E17250.91451 F7200
;TYPE:Sparse infill
G1 X51.000 Y51.000 F12000
G1 X169.000 Y51.000 E17255.03544 F15000
G1 X169.000 Y56.000 F12000
G1 X51.000 Y56.000 E17259.15637 F15000
G1 X51.000 Y61.000 F12000
G1 X169.000 Y61.000 E17263.27730 F15000
G1 X169.000 Y66.000 F12000
G1 X51.000 Y66.000 E17267.39823 F15000
G1 X51.000 Y71.000 F12000
G1 X169.000 Y71.000 E17271.51916 F15000
G1 X169.000 Y76.000 F12000
G1 X51.000 Y76.000 E17275.64009 F15000
G1 X51.000 Y81.000 F12000
G1 X169.000 Y81.000 E17279.76102 F15000
G1 X169.000 Y86.000 F12000
G1 X51.000 Y86.000 E17283.88195 F15000
G1 X51.000 Y91.000 F12000
G1 X169.000 Y91.000 E17288.00288 F15000
G1 X169.000 Y96.000 F12000
G1 X51.000 Y96.000 E17292.12382 F15000
G1 X51.000 Y101.000 F12000
G1 X169.000 Y101.000 E17296.24475 F15000
G1 X169.000 Y106.000 F12000
G1 X51.000 Y106.000 E17300.36568 F15000
G1 X51.000 Y111.000 F12000
G1 X169.000 Y111.000 E17304.48661 F15000
G1 X169.000 Y116.000 F12000
G1 X51.000 Y116.000 E17308.60754 F15000
G1 X51.000 Y121.000 F12000
G1 X169.000 Y121.000 E17312.72847 F15000
G1 X169.000 Y126.000 F12000
G1 X51.000 Y126.000 E17316.84940 F15000
G1 X51.000 Y131.000 F12000
G1 X169.000 Y131.000 E17320.97033 F15000
G1 X169.000 Y136.000 F12000
G1 X51.000 Y136.000 E17325.09126 F15000
G1 X51.000 Y141.000 F12000
G1 X169.000 Y141.000 E17329.21219 F15000
G1 X169.000 Y146.000 F12000
G1 X51.000 Y146.000 E17333.33312 F15000
G1 X51.000 Y151.000 F12000
G1 X169.000 Y151.000 E17337.45405 F15000
G1 X169.000 Y156.000 F12000
G1 X51.000 Y156.000 E17341.57498 F15000
G1 X51.000 Y161.000 F12000
G1 X169.000 Y161.000 E17345.69591 F15000
G1 X169.000 Y166.000 F12000
G1 X51.000 Y166.000 E17349.81685 F15000
M107
M104 S0